CustomerID,TotalRevenue,TotalOrders,TotalQuantity,FirstPurchase,LastPurchase,AverageOrderValue,CustomerTenure,PurchaseFrequency,RevenueBand,CustomerType,Recency,R_Score,F_Score,M_Score,RFM_Score,EstimatedCLV
12346.0,77183.6,1,74215,2011-01-18 10:01:00,2011-01-18 10:01:00,77183.6,1,1.0,"Above £10,000",One-Time,326,1,1,5,7,77183.6
12347.0,4310.0,7,2458,2010-12-07 14:57:00,2011-12-07 15:52:00,615.7142857142857,365,0.019178082191780823,"£2,501–£5,000",Repeat,2,5,5,5,15,4310.0
12348.0,1797.24,4,2341,2010-12-16 19:09:00,2011-09-25 13:13:00,449.31,282,0.014184397163120567,"£1,001–£2,500",Repeat,75,2,4,4,10,1797.2399999999998
12349.0,1757.55,1,631,2011-11-21 09:51:00,2011-11-21 09:51:00,1757.55,1,1.0,"£1,001–£2,500",One-Time,19,4,1,4,9,1757.55
12350.0,334.4,1,197,2011-02-02 16:01:00,2011-02-02 16:01:00,334.4,1,1.0,£0–£500,One-Time,310,1,1,2,4,334.4
12352.0,2506.04,8,536,2011-02-16 12:33:00,2011-11-03 14:37:00,313.255,260,0.03076923076923077,"£2,501–£5,000",Repeat,36,3,5,5,13,2506.04
12353.0,89.0,1,20,2011-05-19 17:47:00,2011-05-19 17:47:00,89.0,1,1.0,£0–£500,One-Time,204,1,1,1,3,89.0
12354.0,1079.4,1,530,2011-04-21 13:11:00,2011-04-21 13:11:00,1079.4,1,1.0,"£1,001–£2,500",One-Time,232,1,1,4,6,1079.4
12355.0,459.4,1,240,2011-05-09 13:49:00,2011-05-09 13:49:00,459.4,1,1.0,£0–£500,One-Time,214,1,1,2,4,459.4
12356.0,2811.43,3,1591,2011-01-18 09:50:00,2011-11-17 08:40:00,937.1433333333333,302,0.009933774834437087,"£2,501–£5,000",Repeat,23,4,3,5,12,2811.4300000000003
12357.0,6207.67,1,2708,2011-11-06 16:07:00,2011-11-06 16:07:00,6207.67,1,1.0,"£5,001–£10,000",One-Time,33,4,1,5,10,6207.67
12358.0,1168.06,2,248,2011-07-12 10:04:00,2011-12-08 10:26:00,584.03,149,0.013422818791946308,"£1,001–£2,500",Repeat,2,5,2,4,11,1168.06
12359.0,6310.03,4,1609,2011-01-12 12:43:00,2011-10-13 12:47:00,1577.5075,274,0.014598540145985401,"£5,001–£10,000",Repeat,58,3,4,5,12,6310.03
12360.0,2662.06,3,1165,2011-05-23 09:43:00,2011-10-18 15:22:00,887.3533333333334,148,0.02027027027027027,"£2,501–£5,000",Repeat,52,3,3,5,11,2662.0600000000004
12361.0,189.9,1,91,2011-02-25 13:51:00,2011-02-25 13:51:00,189.9,1,1.0,£0–£500,One-Time,287,1,1,1,3,189.9
12362.0,5226.23,10,2229,2011-02-17 10:30:00,2011-12-06 15:40:00,522.6229999999999,292,0.03424657534246575,"£5,001–£10,000",Repeat,3,5,5,5,15,5226.23
12363.0,552.0,2,408,2011-04-11 13:29:00,2011-08-22 10:18:00,276.0,132,0.015151515151515152,"£501–£1,000",Repeat,110,2,2,3,7,552.0
12364.0,1313.1,4,1506,2011-08-19 15:24:00,2011-12-02 10:22:00,328.275,104,0.038461538461538464,"£1,001–£2,500",Repeat,8,5,4,4,13,1313.1
12365.0,641.38,2,174,2011-02-21 13:51:00,2011-02-21 14:04:00,320.69,1,2.0,"£501–£1,000",Repeat,291,1,2,3,6,641.38
12367.0,168.9,1,173,2011-12-05 16:48:00,2011-12-05 16:48:00,168.9,1,1.0,£0–£500,One-Time,4,5,1,1,7,168.9
12370.0,3541.94,4,2352,2010-12-14 12:58:00,2011-10-19 14:51:00,885.485,309,0.012944983818770227,"£2,501–£5,000",Repeat,51,3,4,5,12,3541.94
12371.0,1887.96,2,591,2011-10-11 10:43:00,2011-10-26 10:16:00,943.98,14,0.14285714285714285,"£1,001–£2,500",Repeat,45,3,2,4,9,1887.96
12372.0,1298.04,3,794,2011-02-16 12:46:00,2011-09-29 12:12:00,432.68,224,0.013392857142857142,"£1,001–£2,500",Repeat,72,3,3,4,10,1298.04
12373.0,364.6,1,197,2011-02-01 13:10:00,2011-02-01 13:10:00,364.6,1,1.0,£0–£500,One-Time,311,1,1,2,4,364.6
12374.0,742.9300000000001,1,342,2011-11-14 15:37:00,2011-11-14 15:37:00,742.9300000000001,1,1.0,"£501–£1,000",One-Time,25,4,1,3,8,742.9300000000001
12375.0,457.5,2,178,2011-09-02 14:23:00,2011-11-29 10:36:00,228.75,87,0.022988505747126436,£0–£500,Repeat,11,5,2,2,9,457.5
12377.0,1628.12,2,944,2010-12-20 09:37:00,2011-01-28 15:45:00,814.06,39,0.05128205128205128,"£1,001–£2,500",Repeat,315,1,2,4,7,1628.12
12378.0,4008.62,1,2529,2011-08-02 10:34:00,2011-08-02 10:34:00,4008.62,1,1.0,"£2,501–£5,000",One-Time,130,2,1,5,8,4008.62
12379.0,852.24,2,407,2011-06-22 16:32:00,2011-09-19 10:09:00,426.12,88,0.022727272727272728,"£501–£1,000",Repeat,82,2,2,3,7,852.2400000000001
12380.0,2724.81,4,1127,2011-06-07 09:49:00,2011-11-18 11:27:00,681.2025,164,0.024390243902439025,"£2,501–£5,000",Repeat,22,4,4,5,13,2724.81
12381.0,1845.31,5,808,2011-08-12 09:57:00,2011-12-05 12:44:00,369.062,115,0.043478260869565216,"£1,001–£2,500",Repeat,5,5,4,4,13,1845.31
12383.0,1850.56,5,1532,2010-12-22 14:28:00,2011-06-08 08:02:00,370.11199999999997,167,0.029940119760479042,"£1,001–£2,500",Repeat,185,1,4,4,9,1850.56
12384.0,585.27,2,126,2011-08-10 11:23:00,2011-11-11 08:39:00,292.635,92,0.021739130434782608,"£501–£1,000",Repeat,29,4,2,3,9,585.27
12386.0,401.9,2,354,2010-12-08 09:53:00,2011-01-06 12:37:00,200.95,29,0.06896551724137931,£0–£500,Repeat,338,1,2,2,5,401.9
12388.0,2780.66,6,1462,2011-01-17 11:12:00,2011-11-24 12:30:00,463.4433333333333,311,0.01929260450160772,"£2,501–£5,000",Repeat,16,4,4,5,13,2780.66
12390.0,549.84,1,353,2011-09-21 09:33:00,2011-09-21 09:33:00,549.84,1,1.0,"£501–£1,000",One-Time,80,2,1,3,6,549.84
12391.0,439.66,1,293,2011-11-18 12:07:00,2011-11-18 12:07:00,439.66,1,1.0,£0–£500,One-Time,22,4,1,2,7,439.66
12393.0,1582.6000000000001,4,816,2011-01-11 09:47:00,2011-09-28 15:41:00,395.65000000000003,260,0.015384615384615385,"£1,001–£2,500",Repeat,72,3,4,4,11,1582.6000000000004
12394.0,1272.48,2,819,2011-05-06 14:01:00,2011-10-07 08:08:00,636.24,153,0.013071895424836602,"£1,001–£2,500",Repeat,64,3,2,4,9,1272.48
12395.0,3018.63,12,2118,2010-12-03 16:35:00,2011-11-20 15:21:00,251.5525,351,0.03418803418803419,"£2,501–£5,000",Repeat,19,4,5,5,14,3018.63
12397.0,2409.9,2,1263,2011-07-27 14:21:00,2011-11-04 09:52:00,1204.95,99,0.020202020202020204,"£1,001–£2,500",Repeat,36,3,2,5,10,2409.9000000000005
12398.0,1635.6599999999999,1,1394,2011-10-25 10:27:00,2011-10-25 10:27:00,1635.6599999999999,1,1.0,"£1,001–£2,500",One-Time,46,3,1,4,8,1635.6599999999999
12399.0,1108.65,4,1178,2011-03-23 09:42:00,2011-08-12 13:15:00,277.1625,142,0.028169014084507043,"£1,001–£2,500",Repeat,119,2,4,4,10,1108.65
12401.0,84.3,1,11,2011-02-09 13:50:00,2011-02-09 13:50:00,84.3,1,1.0,£0–£500,One-Time,303,1,1,1,3,84.3
12402.0,225.6,1,94,2011-01-20 13:49:00,2011-01-20 13:49:00,225.6,1,1.0,£0–£500,One-Time,323,1,1,1,3,225.6
12403.0,427.7,1,96,2011-10-21 10:51:00,2011-10-21 10:51:00,427.7,1,1.0,£0–£500,One-Time,50,3,1,2,6,427.7
12405.0,1710.39,1,857,2011-07-14 08:52:00,2011-07-14 08:52:00,1710.39,1,1.0,"£1,001–£2,500",One-Time,149,2,1,4,7,1710.39
12406.0,3415.3,2,1818,2011-06-09 10:23:00,2011-11-17 19:22:00,1707.65,161,0.012422360248447204,"£2,501–£5,000",Repeat,22,4,2,5,11,3415.2999999999997
12407.0,1708.1200000000001,5,1416,2011-03-20 13:21:00,2011-10-21 10:11:00,341.624,214,0.02336448598130841,"£1,001–£2,500",Repeat,50,3,4,4,11,1708.12
12408.0,2888.55,5,1409,2011-03-24 14:46:00,2011-11-07 12:27:00,577.71,227,0.022026431718061675,"£2,501–£5,000",Repeat,33,4,4,5,13,2888.55
12409.0,11072.67,3,5551,2011-06-10 12:19:00,2011-09-22 10:38:00,3690.89,103,0.02912621359223301,"Above £10,000",Repeat,79,2,3,5,10,11072.67
12410.0,693.3299999999999,2,211,2011-02-04 10:38:00,2011-02-04 10:39:00,346.66499999999996,1,2.0,"£501–£1,000",Repeat,309,1,2,3,6,693.3299999999999
12412.0,1226.88,3,829,2011-06-23 13:51:00,2011-09-26 10:16:00,408.96000000000004,94,0.031914893617021274,"£1,001–£2,500",Repeat,75,2,3,4,9,1226.88
12413.0,758.1,3,286,2011-01-06 16:12:00,2011-10-04 09:00:00,252.70000000000002,270,0.011111111111111112,"£501–£1,000",Repeat,67,3,3,3,9,758.1
12414.0,562.41,3,300,2011-02-02 14:51:00,2011-05-06 14:51:00,187.47,93,0.03225806451612903,"£501–£1,000",Repeat,217,1,3,3,7,562.41
12415.0,124914.53,21,77374,2011-01-06 11:12:00,2011-11-15 14:22:00,5948.310952380953,313,0.0670926517571885,"Above £10,000",Repeat,24,4,5,5,14,124914.53
12417.0,3649.1,9,1552,2010-12-17 11:51:00,2011-12-06 14:52:00,405.4555555555555,354,0.025423728813559324,"£2,501–£5,000",Repeat,3,5,5,5,15,3649.1
12418.0,668.58,1,407,2011-08-19 11:08:00,2011-08-19 11:08:00,668.58,1,1.0,"£501–£1,000",One-Time,113,2,1,3,6,668.58
12420.0,600.39,1,345,2011-10-07 08:55:00,2011-10-07 08:55:00,600.39,1,1.0,"£501–£1,000",One-Time,64,3,1,3,7,600.39
12421.0,807.04,4,484,2011-01-24 15:09:00,2011-11-24 09:07:00,201.76,303,0.013201320132013201,"£501–£1,000",Repeat,16,4,4,3,11,807.04
12422.0,803.5600000000001,3,370,2011-01-19 09:13:00,2011-09-05 09:48:00,267.85333333333335,229,0.013100436681222707,"£501–£1,000",Repeat,96,2,3,3,8,803.5600000000001
12423.0,1859.31,8,1339,2010-12-21 10:54:00,2011-12-09 10:10:00,232.41375,352,0.022727272727272728,"£1,001–£2,500",Repeat,1,5,5,4,14,1859.31
12424.0,1760.96,2,740,2011-06-30 12:06:00,2011-06-30 12:06:00,880.48,1,2.0,"£1,001–£2,500",Repeat,163,2,2,4,8,1760.96
12425.0,777.2,1,496,2011-09-22 17:31:00,2011-09-22 17:31:00,777.2,1,1.0,"£501–£1,000",One-Time,78,2,1,3,6,777.2
12426.0,582.73,1,258,2011-05-29 12:26:00,2011-05-29 12:26:00,582.73,1,1.0,"£501–£1,000",One-Time,195,1,1,3,5,582.73
12427.0,825.8,3,533,2010-12-03 10:44:00,2011-11-18 08:56:00,275.26666666666665,349,0.008595988538681949,"£501–£1,000",Repeat,22,4,3,3,10,825.8
12428.0,7956.46,9,3536,2011-03-01 09:33:00,2011-11-14 08:22:00,884.0511111111111,257,0.03501945525291829,"£5,001–£10,000",Repeat,26,4,5,5,14,7956.46
12429.0,3750.4,4,1557,2010-12-09 12:05:00,2011-11-30 17:22:00,937.6,356,0.011235955056179775,"£2,501–£5,000",Repeat,9,5,4,5,14,3750.4
12430.0,256.4,1,117,2011-10-27 15:09:00,2011-10-27 15:09:00,256.4,1,1.0,£0–£500,One-Time,43,3,1,2,6,256.4
12431.0,6419.95,15,2896,2010-12-01 10:03:00,2011-11-04 11:55:00,427.99666666666667,338,0.04437869822485207,"£5,001–£10,000",Repeat,36,3,5,5,13,6419.950000000001
12432.0,5059.32,5,1801,2011-06-20 13:27:00,2011-10-28 11:43:00,1011.8639999999999,129,0.03875968992248062,"£5,001–£10,000",Repeat,43,3,4,5,12,5059.32
12433.0,13375.87,7,11071,2010-12-01 13:24:00,2011-12-09 10:02:00,1910.8385714285716,372,0.01881720430107527,"Above £10,000",Repeat,1,5,5,5,15,13375.87
12434.0,806.14,2,394,2011-03-24 13:05:00,2011-09-16 12:38:00,403.07,175,0.011428571428571429,"£501–£1,000",Repeat,85,2,2,3,7,806.14
12435.0,7829.89,2,2055,2011-03-17 07:40:00,2011-09-21 09:06:00,3914.945,188,0.010638297872340425,"£5,001–£10,000",Repeat,80,2,2,5,9,7829.889999999999
12436.0,509.01,1,211,2011-09-01 12:09:00,2011-09-01 12:09:00,509.01,1,1.0,"£501–£1,000",One-Time,100,2,1,3,6,509.01
12437.0,4951.41,18,2922,2011-01-12 14:13:00,2011-12-08 11:35:00,275.0783333333333,329,0.0547112462006079,"£2,501–£5,000",Repeat,2,5,5,5,15,4951.41
12438.0,2906.85,2,1180,2011-07-22 13:29:00,2011-11-25 13:28:00,1453.425,125,0.016,"£2,501–£5,000",Repeat,14,4,2,5,11,2906.85
12441.0,173.55,1,121,2010-12-08 10:45:00,2010-12-08 10:45:00,173.55,1,1.0,£0–£500,One-Time,367,1,1,1,3,173.55
12442.0,172.06,1,182,2011-12-06 14:22:00,2011-12-06 14:22:00,172.06,1,1.0,£0–£500,One-Time,3,5,1,1,7,172.06
12444.0,5005.46,5,1153,2011-06-21 14:00:00,2011-11-18 13:23:00,1001.092,149,0.03355704697986577,"£5,001–£10,000",Repeat,21,4,4,5,13,5005.46
12445.0,133.4,1,62,2011-11-17 18:43:00,2011-11-17 18:43:00,133.4,1,1.0,£0–£500,One-Time,22,4,1,1,6,133.4
12446.0,1002.3100000000001,1,351,2011-10-13 12:50:00,2011-10-13 12:50:00,1002.3100000000001,1,1.0,"£1,001–£2,500",One-Time,58,3,1,4,8,1002.3100000000001
12447.0,476.49,1,190,2011-04-10 13:25:00,2011-04-10 13:25:00,476.49,1,1.0,£0–£500,One-Time,243,1,1,2,4,476.49
12448.0,449.45,1,243,2011-10-26 13:46:00,2011-10-26 13:46:00,449.45,1,1.0,£0–£500,One-Time,44,3,1,2,6,449.45
12449.0,4067.29,4,1553,2011-06-05 15:37:00,2011-11-17 13:46:00,1016.8225,164,0.024390243902439025,"£2,501–£5,000",Repeat,22,4,4,5,13,4067.29
12450.0,197.88,2,128,2011-06-19 14:36:00,2011-07-06 14:41:00,98.94,17,0.11764705882352941,£0–£500,Repeat,156,2,2,1,5,197.87999999999997
12451.0,9035.52,5,6575,2011-01-19 09:05:00,2011-11-29 08:40:00,1807.104,313,0.01597444089456869,"£5,001–£10,000",Repeat,11,5,4,5,14,9035.52
12452.0,430.57,2,185,2011-11-23 08:05:00,2011-11-23 10:28:00,215.285,1,2.0,£0–£500,Repeat,17,4,2,2,8,430.57
12453.0,707.09,1,473,2011-07-28 14:08:00,2011-07-28 14:08:00,707.09,1,1.0,"£501–£1,000",One-Time,134,2,1,3,6,707.09
12454.0,3528.34,1,1006,2011-10-14 17:13:00,2011-10-14 17:13:00,3528.34,1,1.0,"£2,501–£5,000",One-Time,56,3,1,5,9,3528.34
12455.0,2466.86,6,2089,2011-02-16 09:56:00,2011-09-27 15:31:00,411.1433333333334,223,0.026905829596412557,"£1,001–£2,500",Repeat,73,2,4,5,11,2466.8600000000006
12456.0,3181.04,3,1633,2011-03-30 09:12:00,2011-10-26 14:41:00,1060.3466666666666,210,0.014285714285714285,"£2,501–£5,000",Repeat,44,3,3,5,11,3181.0399999999995
12457.0,2363.23,7,843,2011-04-14 18:57:00,2011-10-04 13:13:00,337.6042857142857,172,0.040697674418604654,"£1,001–£2,500",Repeat,66,3,5,5,13,2363.23
12458.0,947.4,2,506,2011-02-28 10:55:00,2011-09-29 15:25:00,473.7,213,0.009389671361502348,"£501–£1,000",Repeat,71,3,2,4,9,947.4
12461.0,826.88,2,287,2011-07-08 10:23:00,2011-09-06 16:57:00,413.44,60,0.03333333333333333,"£501–£1,000",Repeat,94,2,2,3,7,826.88
12462.0,1189.59,2,536,2011-02-09 14:44:00,2011-11-21 09:11:00,594.795,284,0.007042253521126761,"£1,001–£2,500",Repeat,19,4,2,4,10,1189.5900000000001
12463.0,1344.78,4,776,2011-04-12 12:47:00,2011-10-17 13:44:00,336.195,188,0.02127659574468085,"£1,001–£2,500",Repeat,53,3,4,4,11,1344.78
12464.0,1212.05,8,112,2011-02-03 13:30:00,2011-11-29 13:33:00,151.50625,299,0.026755852842809364,"£1,001–£2,500",Repeat,10,5,5,4,14,1212.05
12465.0,742.1899999999999,2,479,2011-06-23 13:37:00,2011-11-22 16:34:00,371.09499999999997,152,0.013157894736842105,"£501–£1,000",Repeat,17,4,2,3,9,742.1899999999998
12468.0,729.5400000000001,2,366,2011-01-27 13:29:00,2011-06-05 11:36:00,364.77000000000004,128,0.015625,"£501–£1,000",Repeat,188,1,2,3,6,729.5400000000001
12471.0,19788.65,30,8200,2010-12-10 09:35:00,2011-12-07 15:43:00,659.6216666666667,362,0.08287292817679558,"Above £10,000",Repeat,2,5,5,5,15,19788.649999999998
12472.0,6572.11,7,4148,2010-12-05 14:19:00,2011-11-07 14:01:00,938.8728571428571,336,0.020833333333333332,"£5,001–£10,000",Repeat,32,4,5,5,14,6572.109999999999
12473.0,3928.0499999999997,5,2414,2011-06-01 10:15:00,2011-11-10 13:46:00,785.6099999999999,162,0.030864197530864196,"£2,501–£5,000",Repeat,29,4,4,5,13,3928.0499999999993
12474.0,7324.09,18,4833,2011-01-14 10:06:00,2011-11-22 14:39:00,406.8938888888889,312,0.057692307692307696,"£5,001–£10,000",Repeat,17,4,5,5,14,7324.090000000001
12475.0,723.38,1,535,2011-10-17 10:10:00,2011-10-17 10:10:00,723.38,1,1.0,"£501–£1,000",One-Time,54,3,1,3,7,723.38
12476.0,6816.42,11,2408,2010-12-13 14:39:00,2011-11-24 12:40:00,619.6745454545454,345,0.03188405797101449,"£5,001–£10,000",Repeat,16,4,5,5,14,6816.42
12477.0,13219.74,6,3653,2011-02-11 12:45:00,2011-11-17 09:51:00,2203.29,278,0.02158273381294964,"Above £10,000",Repeat,23,4,4,5,13,13219.74
12478.0,680.99,1,236,2011-12-06 09:56:00,2011-12-06 09:56:00,680.99,1,1.0,"£501–£1,000",One-Time,4,5,1,3,9,680.99
12479.0,527.2,1,385,2011-11-28 13:26:00,2011-11-28 13:26:00,527.2,1,1.0,"£501–£1,000",One-Time,11,5,1,3,9,527.2
12480.0,3281.63,4,1707,2011-01-07 15:27:00,2011-11-11 14:52:00,820.4075,307,0.013029315960912053,"£2,501–£5,000",Repeat,28,4,4,5,13,3281.63
12481.0,5579.82,10,3294,2010-12-09 10:13:00,2011-11-17 08:29:00,557.982,342,0.029239766081871343,"£5,001–£10,000",Repeat,23,4,5,5,14,5579.819999999999
12483.0,2484.98,8,1110,2011-01-04 14:20:00,2011-11-22 17:02:00,310.6225,322,0.024844720496894408,"£1,001–£2,500",Repeat,17,4,5,5,14,2484.98
12484.0,4527.32,6,2187,2011-01-07 14:04:00,2011-11-07 11:37:00,754.5533333333333,303,0.019801980198019802,"£2,501–£5,000",Repeat,33,4,4,5,13,4527.32
12488.0,1298.66,3,529,2011-09-25 10:34:00,2011-11-30 08:50:00,432.8866666666667,65,0.046153846153846156,"£1,001–£2,500",Repeat,10,5,3,4,12,1298.66
12489.0,334.93,1,105,2011-01-07 13:13:00,2011-01-07 13:13:00,334.93,1,1.0,£0–£500,One-Time,336,1,1,2,4,334.93
12490.0,5417.93,10,3064,2011-01-14 09:13:00,2011-12-04 16:07:00,541.793,324,0.030864197530864196,"£5,001–£10,000",Repeat,5,5,5,5,15,5417.93
12491.0,460.40000000000003,1,260,2011-11-01 12:18:00,2011-11-01 12:18:00,460.40000000000003,1,1.0,£0–£500,One-Time,39,3,1,2,6,460.40000000000003
12492.0,263.21000000000004,2,192,2011-08-26 14:51:00,2011-10-07 15:15:00,131.60500000000002,42,0.047619047619047616,£0–£500,Repeat,63,3,2,2,7,263.21000000000004
12493.0,433.74,2,207,2011-05-26 14:53:00,2011-06-27 10:17:00,216.87,31,0.06451612903225806,£0–£500,Repeat,166,2,2,2,6,433.74
12494.0,1246.1000000000001,7,707,2010-12-09 11:31:00,2011-11-24 09:34:00,178.01428571428573,349,0.02005730659025788,"£1,001–£2,500",Repeat,16,4,5,4,13,1246.1000000000004
12497.0,1043.1,1,1236,2011-09-19 12:29:00,2011-09-19 12:29:00,1043.1,1,1.0,"£1,001–£2,500",One-Time,82,2,1,4,7,1043.1
12498.0,403.70000000000005,3,159,2011-10-13 09:30:00,2011-11-18 12:53:00,134.5666666666667,36,0.08333333333333333,£0–£500,Repeat,21,4,3,2,9,403.70000000000005
12500.0,4257.82,11,2678,2011-01-10 09:48:00,2011-11-16 16:20:00,387.07454545454544,310,0.035483870967741936,"£2,501–£5,000",Repeat,23,4,5,5,14,4257.82
12501.0,2169.39,1,1783,2011-01-07 12:28:00,2011-01-07 12:28:00,2169.39,1,1.0,"£1,001–£2,500",One-Time,337,1,1,5,7,2169.39
12502.0,3723.87,5,820,2011-02-03 10:41:00,2011-09-05 11:52:00,744.774,214,0.02336448598130841,"£2,501–£5,000",Repeat,96,2,4,5,11,3723.87
12504.0,482.04999999999995,2,90,2011-11-09 14:56:00,2011-11-21 16:02:00,241.02499999999998,12,0.16666666666666666,£0–£500,Repeat,18,4,2,2,8,482.04999999999995
12506.0,73.5,1,23,2011-04-21 08:54:00,2011-04-21 08:54:00,73.5,1,1.0,£0–£500,One-Time,233,1,1,1,3,73.5
12507.0,1304.81,3,894,2011-02-14 09:24:00,2011-07-28 17:09:00,434.93666666666667,164,0.018292682926829267,"£1,001–£2,500",Repeat,134,2,3,4,9,1304.81
12508.0,397.88,2,271,2011-11-10 16:27:00,2011-11-13 15:37:00,198.94,2,1.0,£0–£500,Repeat,26,4,2,2,8,397.88
12509.0,176.5,1,55,2011-02-28 14:45:00,2011-02-28 14:45:00,176.5,1,1.0,£0–£500,One-Time,284,1,1,1,3,176.5
12510.0,982.5699999999999,2,353,2011-01-18 14:04:00,2011-07-20 10:15:00,491.28499999999997,182,0.01098901098901099,"£501–£1,000",Repeat,143,2,2,4,8,982.5699999999999
12512.0,132.18,2,96,2011-10-04 14:53:00,2011-10-04 14:55:00,66.09,1,2.0,£0–£500,Repeat,66,3,2,1,6,132.18
12513.0,612.29,1,462,2011-08-19 10:51:00,2011-08-19 10:51:00,612.29,1,1.0,"£501–£1,000",One-Time,113,2,1,3,6,612.29
12514.0,1017.68,1,440,2011-03-17 16:38:00,2011-03-17 16:38:00,1017.68,1,1.0,"£1,001–£2,500",One-Time,267,1,1,4,6,1017.68
12515.0,383.7,1,131,2010-12-21 15:43:00,2010-12-21 15:43:00,383.7,1,1.0,£0–£500,One-Time,353,1,1,2,4,383.7
12516.0,1312.06,2,875,2011-06-12 11:37:00,2011-09-23 09:13:00,656.03,102,0.0196078431372549,"£1,001–£2,500",Repeat,78,2,2,4,8,1312.06
12517.0,2481.6,5,1361,2011-06-02 15:13:00,2011-11-11 14:04:00,496.32,161,0.031055900621118012,"£1,001–£2,500",Repeat,28,4,4,5,13,2481.6
12518.0,2056.89,5,1318,2011-08-21 13:18:00,2011-12-09 10:13:00,411.378,109,0.045871559633027525,"£1,001–£2,500",Repeat,1,5,4,5,14,2056.89
12519.0,330.84,1,175,2011-10-07 09:26:00,2011-10-07 09:26:00,330.84,1,1.0,£0–£500,One-Time,64,3,1,2,6,330.84
12520.0,2634.26,5,1439,2011-03-11 11:35:00,2011-09-21 15:23:00,526.8520000000001,194,0.02577319587628866,"£2,501–£5,000",Repeat,79,2,4,5,11,2634.26
12521.0,599.68,1,309,2011-07-20 10:51:00,2011-07-20 10:51:00,599.68,1,1.0,"£501–£1,000",One-Time,143,2,1,3,6,599.68
12522.0,192.72,2,194,2011-10-19 14:41:00,2011-10-31 15:30:00,96.36,12,0.16666666666666666,£0–£500,Repeat,39,3,2,1,6,192.71999999999997
12523.0,1789.77,11,865,2011-01-12 09:43:00,2011-11-20 12:55:00,162.70636363636365,312,0.035256410256410256,"£1,001–£2,500",Repeat,19,4,5,4,13,1789.7700000000002
12524.0,4485.72,8,3699,2011-01-10 10:35:00,2011-11-30 15:31:00,560.715,324,0.024691358024691357,"£2,501–£5,000",Repeat,9,5,5,5,15,4485.72
12526.0,1316.66,3,632,2011-09-06 14:19:00,2011-12-09 12:09:00,438.8866666666667,93,0.03225806451612903,"£1,001–£2,500",Repeat,1,5,3,4,12,1316.66
12527.0,348.71000000000004,3,234,2011-01-18 12:05:00,2011-09-19 11:55:00,116.23666666666668,243,0.012345679012345678,£0–£500,Repeat,82,2,3,2,7,348.71
12528.0,1933.48,6,756,2011-01-31 09:05:00,2011-11-30 14:40:00,322.24666666666667,303,0.019801980198019802,"£1,001–£2,500",Repeat,9,5,5,4,14,1933.48
12530.0,1662.28,4,913,2011-01-07 10:04:00,2011-10-11 12:34:00,415.57,277,0.01444043321299639,"£1,001–£2,500",Repeat,60,3,4,4,11,1662.2800000000002
12531.0,125.22,1,45,2011-11-25 11:12:00,2011-11-25 11:12:00,125.22,1,1.0,£0–£500,One-Time,15,4,1,1,6,125.22
12532.0,349.83000000000004,1,153,2011-11-09 13:47:00,2011-11-09 13:47:00,349.83000000000004,1,1.0,£0–£500,One-Time,30,4,1,2,7,349.83000000000004
12534.0,1089.18,1,651,2011-08-01 10:26:00,2011-08-01 10:26:00,1089.18,1,1.0,"£1,001–£2,500",One-Time,131,2,1,4,7,1089.18
12535.0,716.35,2,219,2011-06-06 12:47:00,2011-09-09 08:48:00,358.175,94,0.02127659574468085,"£501–£1,000",Repeat,92,2,2,3,7,716.35
12536.0,12601.830000000002,3,2803,2011-10-11 14:52:00,2011-10-27 14:20:00,4200.610000000001,15,0.2,"Above £10,000",Repeat,43,3,3,5,11,12601.830000000004
12538.0,363.95,1,191,2011-11-10 17:16:00,2011-11-10 17:16:00,363.95,1,1.0,£0–£500,One-Time,29,4,1,2,7,363.95
12539.0,5568.35,4,2067,2011-01-10 09:11:00,2011-11-17 13:30:00,1392.0875,311,0.012861736334405145,"£5,001–£10,000",Repeat,22,4,4,5,13,5568.35
12540.0,13400.24,17,6685,2010-12-13 09:39:00,2011-11-20 11:31:00,788.2494117647059,342,0.049707602339181284,"Above £10,000",Repeat,20,4,5,5,14,13400.24
12541.0,981.18,3,680,2011-03-04 09:32:00,2011-11-10 10:40:00,327.06,251,0.01195219123505976,"£501–£1,000",Repeat,30,4,3,4,11,981.18
12544.0,372.7,1,136,2011-11-03 16:15:00,2011-11-03 16:15:00,372.7,1,1.0,£0–£500,One-Time,36,3,1,2,6,372.7
12545.0,1000.39,2,523,2011-03-25 12:04:00,2011-09-25 13:39:00,500.195,184,0.010869565217391304,"£1,001–£2,500",Repeat,75,2,2,4,8,1000.3899999999999
12546.0,1161.5,2,633,2011-09-23 09:44:00,2011-10-24 12:09:00,580.75,31,0.06451612903225806,"£1,001–£2,500",Repeat,47,3,2,4,9,1161.5
12547.0,207.79999999999998,2,134,2011-03-04 12:46:00,2011-05-26 12:38:00,103.89999999999999,82,0.024390243902439025,£0–£500,Repeat,198,1,2,1,4,207.8
12548.0,95.19999999999999,1,49,2011-06-26 15:35:00,2011-06-26 15:35:00,95.19999999999999,1,1.0,£0–£500,One-Time,166,2,1,1,4,95.19999999999999
12550.0,964.83,1,569,2011-09-21 14:35:00,2011-09-21 14:35:00,964.83,1,1.0,"£501–£1,000",One-Time,79,2,1,4,7,964.83
12551.0,168.0,1,100,2010-12-17 11:23:00,2010-12-17 11:23:00,168.0,1,1.0,£0–£500,One-Time,358,1,1,1,3,168.0
12552.0,437.82,2,88,2011-10-31 12:11:00,2011-11-01 10:02:00,218.91,1,2.0,£0–£500,Repeat,39,3,2,2,7,437.82
12553.0,3692.28,10,1965,2011-01-14 10:42:00,2011-12-01 16:38:00,369.228,321,0.03115264797507788,"£2,501–£5,000",Repeat,8,5,5,5,15,3692.28
12556.0,599.56,2,355,2011-07-11 13:35:00,2011-10-20 13:06:00,299.78,100,0.02,"£501–£1,000",Repeat,50,3,2,3,8,599.56
12557.0,11990.960000000001,5,4384,2010-12-03 12:20:00,2011-11-23 16:59:00,2398.192,355,0.014084507042253521,"Above £10,000",Repeat,16,4,4,5,13,11990.96
12558.0,269.96,1,196,2011-12-02 10:41:00,2011-12-02 10:41:00,269.96,1,1.0,£0–£500,One-Time,8,5,1,2,8,269.96
12559.0,561.71,2,283,2011-01-24 10:12:00,2011-02-02 09:49:00,280.855,8,0.25,"£501–£1,000",Repeat,311,1,2,3,6,561.71
12560.0,2134.01,3,1110,2011-07-19 15:55:00,2011-12-04 13:54:00,711.3366666666667,137,0.021897810218978103,"£1,001–£2,500",Repeat,5,5,3,5,13,2134.01
12561.0,238.85,1,177,2011-02-10 11:39:00,2011-02-10 11:39:00,238.85,1,1.0,£0–£500,One-Time,303,1,1,1,3,238.85
12562.0,3781.7400000000002,7,1779,2011-05-25 12:44:00,2011-12-01 17:20:00,540.2485714285715,190,0.03684210526315789,"£2,501–£5,000",Repeat,8,5,5,5,15,3781.74
12564.0,456.9,1,133,2011-03-23 14:55:00,2011-03-23 14:55:00,456.9,1,1.0,£0–£500,One-Time,261,1,1,2,4,456.9
12565.0,145.92,1,80,2011-02-24 10:34:00,2011-02-24 10:34:00,145.92,1,1.0,£0–£500,One-Time,289,1,1,1,3,145.92
12566.0,351.65,1,265,2011-09-14 14:30:00,2011-09-14 14:30:00,351.65,1,1.0,£0–£500,One-Time,86,2,1,2,5,351.65
12567.0,9401.28,10,4305,2010-12-05 11:57:00,2011-11-17 11:02:00,940.128,346,0.028901734104046242,"£5,001–£10,000",Repeat,23,4,5,5,14,9401.28
12569.0,4124.69,32,1801,2011-04-01 13:47:00,2011-12-07 16:24:00,128.8965625,250,0.128,"£2,501–£5,000",Repeat,2,5,5,5,15,4124.69
12571.0,519.61,2,523,2011-08-10 12:35:00,2011-10-31 10:19:00,259.805,81,0.024691358024691357,"£501–£1,000",Repeat,40,3,2,3,8,519.61
12572.0,1020.42,2,452,2011-10-19 08:20:00,2011-12-01 09:20:00,510.21,43,0.046511627906976744,"£1,001–£2,500",Repeat,9,5,2,4,11,1020.42
12573.0,160.54000000000002,1,84,2011-04-26 15:52:00,2011-04-26 15:52:00,160.54000000000002,1,1.0,£0–£500,One-Time,227,1,1,1,3,160.54000000000002
12574.0,218.45,1,61,2011-01-28 09:20:00,2011-01-28 09:20:00,218.45,1,1.0,£0–£500,One-Time,316,1,1,1,3,218.45
12576.0,1315.83,5,967,2011-02-08 11:31:00,2011-11-04 10:11:00,263.166,268,0.018656716417910446,"£1,001–£2,500",Repeat,36,3,4,4,11,1315.83
12577.0,626.6,3,469,2010-12-15 16:21:00,2011-11-04 13:24:00,208.86666666666667,323,0.009287925696594427,"£501–£1,000",Repeat,35,3,3,3,9,626.6
12578.0,2794.51,2,1196,2011-01-13 15:34:00,2011-11-18 13:30:00,1397.255,308,0.006493506493506494,"£2,501–£5,000",Repeat,21,4,2,5,11,2794.51
12579.0,440.42,1,285,2011-09-22 17:15:00,2011-09-22 17:15:00,440.42,1,1.0,£0–£500,One-Time,78,2,1,2,5,440.42
12580.0,415.7,1,238,2011-04-07 10:24:00,2011-04-07 10:24:00,415.7,1,1.0,£0–£500,One-Time,247,1,1,2,4,415.7
12581.0,197.71,1,161,2011-10-31 08:56:00,2011-10-31 08:56:00,197.71,1,1.0,£0–£500,One-Time,40,3,1,1,5,197.71
12582.0,511.36,2,300,2011-02-24 11:42:00,2011-04-15 08:45:00,255.68,49,0.04081632653061224,"£501–£1,000",Repeat,239,1,2,3,6,511.35999999999996
12583.0,7281.38,15,5060,2010-12-01 08:45:00,2011-12-07 08:07:00,485.42533333333336,370,0.04054054054054054,"£5,001–£10,000",Repeat,3,5,5,5,15,7281.380000000001
12584.0,2338.15,9,416,2011-03-04 15:15:00,2011-12-06 09:35:00,259.7944444444445,276,0.03260869565217391,"£1,001–£2,500",Repeat,4,5,5,5,15,2338.1500000000005
12585.0,2040.1,2,1279,2010-12-23 12:58:00,2011-04-19 13:39:00,1020.05,117,0.017094017094017096,"£1,001–£2,500",Repeat,234,1,2,4,7,2040.1000000000001
12586.0,196.94000000000003,1,79,2011-11-22 16:24:00,2011-11-22 16:24:00,196.94000000000003,1,1.0,£0–£500,One-Time,17,4,1,1,6,196.94000000000003
12587.0,144.0,1,51,2011-12-02 12:47:00,2011-12-02 12:47:00,144.0,1,1.0,£0–£500,One-Time,8,5,1,1,7,144.0
12588.0,214.89999999999998,1,53,2011-10-31 15:01:00,2011-10-31 15:01:00,214.89999999999998,1,1.0,£0–£500,One-Time,39,3,1,1,5,214.89999999999998
12589.0,646.68,2,306,2011-07-18 12:05:00,2011-11-11 10:19:00,323.34,115,0.017391304347826087,"£501–£1,000",Repeat,29,4,2,3,9,646.68
12590.0,9864.26,2,4283,2011-05-12 14:46:00,2011-05-12 14:52:00,4932.13,1,2.0,"£5,001–£10,000",Repeat,211,1,2,5,8,9864.26
12591.0,452.84999999999997,1,228,2011-01-26 14:35:00,2011-01-26 14:35:00,452.84999999999997,1,1.0,£0–£500,One-Time,317,1,1,2,4,452.84999999999997
12592.0,437.6,2,290,2011-05-10 13:44:00,2011-09-08 15:04:00,218.8,121,0.01652892561983471,£0–£500,Repeat,92,2,2,2,6,437.6000000000001
12593.0,418.09999999999997,3,206,2011-05-05 09:29:00,2011-08-23 12:43:00,139.36666666666665,110,0.02727272727272727,£0–£500,Repeat,109,2,3,2,7,418.09999999999997
12594.0,3338.2200000000003,10,1777,2011-01-21 09:52:00,2011-11-02 12:20:00,333.822,285,0.03508771929824561,"£2,501–£5,000",Repeat,38,3,5,5,13,3338.22
12596.0,618.27,2,474,2011-04-11 13:22:00,2011-10-19 13:02:00,309.135,190,0.010526315789473684,"£501–£1,000",Repeat,51,3,2,3,8,618.27
12597.0,3811.22,4,2236,2011-03-16 14:00:00,2011-11-20 13:33:00,952.805,248,0.016129032258064516,"£2,501–£5,000",Repeat,19,4,4,5,13,3811.22
12598.0,3023.08,8,1964,2011-02-28 11:58:00,2011-11-30 12:18:00,377.885,275,0.02909090909090909,"£2,501–£5,000",Repeat,10,5,5,5,15,3023.08
12599.0,1032.58,7,956,2011-02-08 13:28:00,2011-11-10 13:34:00,147.51142857142855,275,0.025454545454545455,"£1,001–£2,500",Repeat,29,4,5,4,13,1032.58
12600.0,2599.04,10,774,2010-12-03 12:57:00,2011-11-11 10:29:00,259.904,342,0.029239766081871343,"£2,501–£5,000",Repeat,29,4,5,5,14,2599.04
12601.0,577.0600000000001,5,245,2011-01-11 10:38:00,2011-06-03 10:17:00,115.412,142,0.035211267605633804,"£501–£1,000",Repeat,190,1,4,3,8,577.0600000000001
12602.0,153.12,1,162,2011-10-12 11:22:00,2011-10-12 11:22:00,153.12,1,1.0,£0–£500,One-Time,59,3,1,1,5,153.12
12603.0,739.1999999999999,1,63,2011-11-18 10:42:00,2011-11-18 10:42:00,739.1999999999999,1,1.0,"£501–£1,000",One-Time,22,4,1,3,8,739.1999999999999
12604.0,254.18,2,201,2011-03-23 12:06:00,2011-09-21 14:08:00,127.09,182,0.01098901098901099,£0–£500,Repeat,79,2,2,2,6,254.18
12607.0,1579.51,1,1228,2011-10-10 16:06:00,2011-10-10 16:06:00,1579.51,1,1.0,"£1,001–£2,500",One-Time,60,3,1,4,8,1579.51
12609.0,1126.85,3,648,2011-01-25 15:13:00,2011-09-22 16:34:00,375.6166666666666,240,0.0125,"£1,001–£2,500",Repeat,78,2,3,4,9,1126.85
12610.0,2099.54,5,1049,2011-08-05 13:52:00,2011-11-17 09:34:00,419.908,103,0.04854368932038835,"£1,001–£2,500",Repeat,23,4,4,5,13,2099.54
12611.0,1193.32,1,846,2011-10-18 13:12:00,2011-10-18 13:12:00,1193.32,1,1.0,"£1,001–£2,500",One-Time,52,3,1,4,8,1193.32
12612.0,704.0400000000001,1,262,2011-09-26 15:35:00,2011-09-26 15:35:00,704.0400000000001,1,1.0,"£501–£1,000",One-Time,74,2,1,3,6,704.0400000000001
12613.0,3344.38,5,1644,2011-03-22 15:42:00,2011-10-13 14:59:00,668.876,204,0.024509803921568627,"£2,501–£5,000",Repeat,57,3,4,5,12,3344.38
12614.0,315.6,1,76,2011-03-07 10:22:00,2011-03-07 10:22:00,315.6,1,1.0,£0–£500,One-Time,278,1,1,2,4,315.6
12615.0,2291.19,4,1376,2011-06-24 13:35:00,2011-12-07 15:02:00,572.7975,166,0.024096385542168676,"£1,001–£2,500",Repeat,2,5,4,5,14,2291.19
12616.0,713.3,2,284,2011-02-15 14:17:00,2011-09-05 15:17:00,356.65,202,0.009900990099009901,"£501–£1,000",Repeat,95,2,2,3,7,713.3
12617.0,352.98,1,210,2011-11-10 14:39:00,2011-11-10 14:39:00,352.98,1,1.0,£0–£500,One-Time,29,4,1,2,7,352.98
12618.0,177.31,1,96,2011-11-18 11:10:00,2011-11-18 11:10:00,177.31,1,1.0,£0–£500,One-Time,22,4,1,1,6,177.31
12619.0,3641.24,9,3378,2011-03-31 13:10:00,2011-11-23 14:52:00,404.5822222222222,237,0.0379746835443038,"£2,501–£5,000",Repeat,16,4,5,5,14,3641.24
12620.0,1339.41,3,1181,2011-05-19 12:10:00,2011-11-25 10:20:00,446.47,189,0.015873015873015872,"£1,001–£2,500",Repeat,15,4,3,4,11,1339.41
12621.0,13689.67,20,7440,2010-12-09 10:16:00,2011-12-08 11:25:00,684.4835,364,0.054945054945054944,"Above £10,000",Repeat,2,5,5,5,15,13689.670000000002
12622.0,180.1,1,69,2011-04-21 16:39:00,2011-04-21 16:39:00,180.1,1,1.0,£0–£500,One-Time,232,1,1,1,3,180.1
12623.0,305.1,1,191,2011-03-08 13:50:00,2011-03-08 13:50:00,305.1,1,1.0,£0–£500,One-Time,276,1,1,2,4,305.1
12624.0,641.13,2,355,2011-06-15 12:34:00,2011-08-25 15:04:00,320.565,71,0.028169014084507043,"£501–£1,000",Repeat,106,2,2,3,7,641.13
12625.0,2683.82,2,1612,2011-01-24 13:27:00,2011-05-12 09:54:00,1341.91,107,0.018691588785046728,"£2,501–£5,000",Repeat,212,1,2,5,8,2683.82
12626.0,6620.48,9,3453,2011-01-17 11:01:00,2011-11-16 16:06:00,735.6088888888888,303,0.0297029702970297,"£5,001–£10,000",Repeat,23,4,5,5,14,6620.479999999999
12627.0,4478.53,7,2752,2011-07-22 13:59:00,2011-11-29 12:07:00,639.79,129,0.05426356589147287,"£2,501–£5,000",Repeat,11,5,5,5,15,4478.53
12628.0,786.46,3,448,2011-10-06 09:28:00,2011-12-05 13:15:00,262.15333333333336,60,0.05,"£501–£1,000",Repeat,4,5,3,3,11,786.4600000000002
12630.0,1270.88,2,548,2011-10-27 10:41:00,2011-11-30 10:48:00,635.44,34,0.058823529411764705,"£1,001–£2,500",Repeat,10,5,2,4,11,1270.88
12631.0,640.5,1,236,2011-10-13 13:53:00,2011-10-13 13:53:00,640.5,1,1.0,"£501–£1,000",One-Time,57,3,1,3,7,640.5
12633.0,2163.98,4,1162,2011-02-25 08:44:00,2011-10-12 11:40:00,540.995,229,0.017467248908296942,"£1,001–£2,500",Repeat,59,3,4,5,12,2163.98
12635.0,1689.18,2,1172,2011-07-08 08:43:00,2011-09-11 11:04:00,844.59,65,0.03076923076923077,"£1,001–£2,500",Repeat,90,2,2,4,8,1689.18
12637.0,6002.9,8,2994,2011-01-20 10:47:00,2011-10-03 13:46:00,750.3625,256,0.03125,"£5,001–£10,000",Repeat,67,3,5,5,13,6002.9
12638.0,671.69,1,577,2011-11-06 13:11:00,2011-11-06 13:11:00,671.69,1,1.0,"£501–£1,000",One-Time,33,4,1,3,8,671.69
12639.0,486.1,1,201,2011-04-15 12:48:00,2011-04-15 12:48:00,486.1,1,1.0,£0–£500,One-Time,239,1,1,2,4,486.1
12640.0,1174.58,3,311,2011-09-19 12:01:00,2011-11-16 11:52:00,391.52666666666664,57,0.05263157894736842,"£1,001–£2,500",Repeat,24,4,3,4,11,1174.58
12641.0,185.9,1,72,2011-08-16 13:26:00,2011-08-16 13:26:00,185.9,1,1.0,£0–£500,One-Time,115,2,1,1,4,185.9
12642.0,1013.26,3,552,2011-08-24 09:23:00,2011-11-14 15:03:00,337.75333333333333,82,0.036585365853658534,"£1,001–£2,500",Repeat,25,4,3,4,11,1013.2599999999999
12643.0,3344.64,6,1808,2011-01-11 11:48:00,2011-08-03 12:56:00,557.4399999999999,204,0.029411764705882353,"£2,501–£5,000",Repeat,128,2,5,5,12,3344.64
12644.0,477.91,1,325,2011-08-02 10:33:00,2011-08-02 10:33:00,477.91,1,1.0,£0–£500,One-Time,130,2,1,2,5,477.91
12645.0,1775.18,4,1084,2011-01-27 13:08:00,2011-11-06 12:38:00,443.795,282,0.014184397163120567,"£1,001–£2,500",Repeat,34,3,4,4,11,1775.18
12646.0,1346.97,2,897,2011-10-21 12:52:00,2011-12-05 10:14:00,673.485,44,0.045454545454545456,"£1,001–£2,500",Repeat,5,5,2,4,11,1346.97
12647.0,3722.82,12,1431,2010-12-05 14:02:00,2011-11-17 12:56:00,310.235,346,0.03468208092485549,"£2,501–£5,000",Repeat,22,4,5,5,14,3722.8199999999997
12648.0,318.05,1,160,2011-07-08 11:55:00,2011-07-08 11:55:00,318.05,1,1.0,£0–£500,One-Time,155,2,1,2,5,318.05
12649.0,623.51,3,586,2011-05-11 14:37:00,2011-08-24 14:41:00,207.83666666666667,105,0.02857142857142857,"£501–£1,000",Repeat,107,2,3,3,8,623.51
12650.0,314.44,1,254,2011-12-06 16:34:00,2011-12-06 16:34:00,314.44,1,1.0,£0–£500,One-Time,3,5,1,2,8,314.44
12651.0,114.0,1,78,2011-01-09 12:46:00,2011-01-09 12:46:00,114.0,1,1.0,£0–£500,One-Time,335,1,1,1,3,114.0
12652.0,919.98,1,505,2011-01-12 15:00:00,2011-01-12 15:00:00,919.98,1,1.0,"£501–£1,000",One-Time,331,1,1,3,5,919.98
12653.0,2209.85,2,919,2011-02-16 10:53:00,2011-07-14 10:41:00,1104.925,147,0.013605442176870748,"£1,001–£2,500",Repeat,149,2,2,5,9,2209.85
12654.0,601.98,5,264,2011-02-17 13:16:00,2011-11-29 10:10:00,120.396,284,0.017605633802816902,"£501–£1,000",Repeat,11,5,4,3,12,601.98
12656.0,4051.17,5,1723,2011-04-20 09:20:00,2011-11-22 13:42:00,810.234,216,0.023148148148148147,"£2,501–£5,000",Repeat,17,4,4,5,13,4051.1699999999996
12657.0,1643.18,4,1044,2011-09-22 11:40:00,2011-11-28 15:47:00,410.795,67,0.05970149253731343,"£1,001–£2,500",Repeat,11,5,4,4,13,1643.1799999999998
12658.0,686.05,1,320,2011-11-21 10:22:00,2011-11-21 10:22:00,686.05,1,1.0,"£501–£1,000",One-Time,19,4,1,3,8,686.05
12659.0,91.68,1,105,2011-11-10 11:53:00,2011-11-10 11:53:00,91.68,1,1.0,£0–£500,One-Time,30,4,1,1,6,91.68
12660.0,245.1,1,127,2011-11-28 13:26:00,2011-11-28 13:26:00,245.1,1,1.0,£0–£500,One-Time,11,5,1,1,7,245.1
12662.0,3849.78,11,2058,2010-12-01 13:04:00,2011-12-09 11:59:00,349.98,372,0.02956989247311828,"£2,501–£5,000",Repeat,1,5,5,5,15,3849.78
12664.0,4881.88,9,1203,2011-01-21 11:42:00,2011-12-01 17:07:00,542.4311111111111,314,0.028662420382165606,"£2,501–£5,000",Repeat,8,5,5,5,15,4881.88
12665.0,63.0,1,37,2011-01-19 08:34:00,2011-01-19 08:34:00,63.0,1,1.0,£0–£500,One-Time,325,1,1,1,3,63.0
12667.0,620.13,1,395,2011-10-12 17:00:00,2011-10-12 17:00:00,620.13,1,1.0,"£501–£1,000",One-Time,58,3,1,3,7,620.13
12668.0,3807.15,4,1634,2010-12-19 12:46:00,2011-11-28 10:56:00,951.7875,343,0.011661807580174927,"£2,501–£5,000",Repeat,12,5,4,5,14,3807.15
12669.0,2744.0299999999997,3,1115,2011-03-28 10:15:00,2011-07-12 09:54:00,914.6766666666666,105,0.02857142857142857,"£2,501–£5,000",Repeat,151,2,3,5,10,2744.0299999999997
12670.0,2996.05,5,1397,2011-04-21 10:16:00,2011-11-29 15:23:00,599.21,222,0.02252252252252252,"£2,501–£5,000",Repeat,10,5,4,5,14,2996.05
12672.0,225.89999999999998,1,78,2011-01-14 09:20:00,2011-01-14 09:20:00,225.89999999999998,1,1.0,£0–£500,One-Time,330,1,1,1,3,225.89999999999998
12673.0,610.52,2,351,2011-01-17 11:46:00,2011-12-04 13:55:00,305.26,321,0.006230529595015576,"£501–£1,000",Repeat,5,5,2,3,10,610.52
12674.0,1970.6,4,1133,2011-05-16 09:10:00,2011-11-01 12:12:00,492.65,169,0.023668639053254437,"£1,001–£2,500",Repeat,39,3,4,4,11,1970.6
12676.0,1331.39,6,670,2011-02-01 15:41:00,2011-11-15 12:25:00,221.89833333333334,286,0.02097902097902098,"£1,001–£2,500",Repeat,25,4,5,4,13,1331.39
12678.0,17628.46,12,10923,2010-12-21 11:00:00,2011-10-28 13:04:00,1469.0383333333332,311,0.03858520900321544,"Above £10,000",Repeat,42,3,5,5,13,17628.46
12679.0,1113.02,4,554,2011-03-01 12:26:00,2011-10-12 12:30:00,278.255,225,0.017777777777777778,"£1,001–£2,500",Repeat,59,3,4,4,11,1113.02
12680.0,880.81,4,444,2011-08-18 15:44:00,2011-12-09 12:50:00,220.2025,112,0.03571428571428571,"£501–£1,000",Repeat,1,5,4,3,12,880.81
12681.0,13787.54,22,7536,2010-12-07 10:08:00,2011-11-25 11:33:00,626.7063636363637,353,0.06232294617563739,"Above £10,000",Repeat,15,4,5,5,14,13787.54
12682.0,12279.82,31,5555,2010-12-03 13:59:00,2011-12-06 10:00:00,396.1232258064516,367,0.08446866485013624,"Above £10,000",Repeat,4,5,5,5,15,12279.82
12683.0,8476.57,15,4987,2010-12-09 10:37:00,2011-12-05 16:31:00,565.1046666666666,361,0.04155124653739612,"£5,001–£10,000",Repeat,4,5,5,5,15,8476.57
12684.0,2283.63,7,1985,2011-05-10 12:55:00,2011-12-02 09:53:00,326.23285714285714,205,0.03414634146341464,"£1,001–£2,500",Repeat,8,5,5,5,15,2283.63
12685.0,2863.08,6,1523,2011-09-07 10:28:00,2011-11-11 13:46:00,477.18,65,0.09230769230769231,"£2,501–£5,000",Repeat,28,4,5,5,14,2863.08
12686.0,89.14,1,107,2010-12-03 09:51:00,2010-12-03 09:51:00,89.14,1,1.0,£0–£500,One-Time,372,1,1,1,3,89.14
12688.0,4873.8099999999995,1,3028,2011-08-18 08:49:00,2011-08-18 08:49:00,4873.8099999999995,1,1.0,"£2,501–£5,000",One-Time,114,2,1,5,8,4873.8099999999995
12689.0,1247.61,2,628,2011-08-04 10:04:00,2011-11-14 08:31:00,623.805,101,0.019801980198019802,"£1,001–£2,500",Repeat,26,4,2,4,10,1247.61
12690.0,389.01,1,106,2011-05-18 09:09:00,2011-05-18 09:09:00,389.01,1,1.0,£0–£500,One-Time,206,1,1,2,4,389.01
12691.0,1035.8,6,394,2010-12-17 14:46:00,2011-11-11 16:49:00,172.63333333333333,329,0.0182370820668693,"£1,001–£2,500",Repeat,28,4,5,4,13,1035.8
12693.0,855.91,4,255,2011-01-24 12:58:00,2011-08-04 17:51:00,213.9775,192,0.020833333333333332,"£501–£1,000",Repeat,127,2,4,3,9,855.9099999999999
12694.0,869.67,2,509,2011-06-09 17:48:00,2011-09-30 13:06:00,434.835,112,0.017857142857142856,"£501–£1,000",Repeat,70,3,2,3,8,869.67
12695.0,582.1,4,220,2011-05-13 13:15:00,2011-12-02 13:22:00,145.525,203,0.019704433497536946,"£501–£1,000",Repeat,7,5,4,3,12,582.1
12697.0,957.59,3,508,2011-06-23 15:44:00,2011-11-11 08:47:00,319.19666666666666,140,0.02142857142857143,"£501–£1,000",Repeat,29,4,3,4,11,957.59
12700.0,4939.99,4,2967,2011-05-08 16:10:00,2011-12-02 10:47:00,1234.9975,207,0.01932367149758454,"£2,501–£5,000",Repeat,8,5,4,5,14,4939.99
12701.0,797.71,2,678,2011-04-11 13:02:00,2011-09-21 10:47:00,398.855,162,0.012345679012345678,"£501–£1,000",Repeat,80,2,2,3,7,797.71
12702.0,219.0,1,53,2011-11-20 10:36:00,2011-11-20 10:36:00,219.0,1,1.0,£0–£500,One-Time,20,4,1,1,6,219.0
12703.0,283.55,1,164,2011-09-29 17:52:00,2011-09-29 17:52:00,283.55,1,1.0,£0–£500,One-Time,71,3,1,2,6,283.55
12704.0,2340.84,8,1006,2011-06-23 10:20:00,2011-12-02 13:15:00,292.605,162,0.04938271604938271,"£1,001–£2,500",Repeat,7,5,5,5,15,2340.84
12705.0,6868.29,9,3997,2010-12-17 15:58:00,2011-11-24 13:17:00,763.1433333333333,341,0.026392961876832845,"£5,001–£10,000",Repeat,15,4,5,5,14,6868.29
12707.0,603.42,1,256,2011-02-21 08:38:00,2011-02-21 08:38:00,603.42,1,1.0,"£501–£1,000",One-Time,292,1,1,3,5,603.42
12708.0,2712.91,10,1307,2010-12-06 10:43:00,2011-11-10 09:52:00,271.291,338,0.029585798816568046,"£2,501–£5,000",Repeat,30,4,5,5,14,2712.91
12709.0,9706.52,15,3912,2010-12-08 09:49:00,2011-11-24 15:38:00,647.1013333333334,351,0.042735042735042736,"£5,001–£10,000",Repeat,15,4,5,5,14,9706.520000000002
12710.0,1149.02,3,851,2011-05-22 14:05:00,2011-09-04 12:00:00,383.00666666666666,104,0.028846153846153848,"£1,001–£2,500",Repeat,97,2,3,4,9,1149.02
12712.0,4396.13,13,1062,2010-12-03 14:30:00,2011-11-11 08:19:00,338.1638461538462,342,0.038011695906432746,"£2,501–£5,000",Repeat,29,4,5,5,14,4396.13
12713.0,848.55,1,508,2011-12-09 12:16:00,2011-12-09 12:16:00,848.55,1,1.0,"£501–£1,000",One-Time,1,5,1,3,9,848.55
12714.0,4708.86,5,3069,2011-02-18 10:53:00,2011-11-30 15:43:00,941.7719999999999,285,0.017543859649122806,"£2,501–£5,000",Repeat,9,5,4,5,14,4708.86
12715.0,343.36,1,192,2011-08-25 15:22:00,2011-08-25 15:22:00,343.36,1,1.0,£0–£500,One-Time,106,2,1,2,5,343.36
12716.0,1053.49,2,708,2011-07-29 13:28:00,2011-12-06 08:55:00,526.745,129,0.015503875968992248,"£1,001–£2,500",Repeat,4,5,2,4,11,1053.49
12717.0,1030.98,2,506,2011-04-08 10:32:00,2011-07-11 14:47:00,515.49,94,0.02127659574468085,"£1,001–£2,500",Repeat,151,2,2,4,8,1030.98
12718.0,238.25,1,203,2011-09-29 16:38:00,2011-09-29 16:38:00,238.25,1,1.0,£0–£500,One-Time,71,3,1,1,5,238.25
12719.0,644.95,2,374,2011-10-05 14:50:00,2011-12-04 13:45:00,322.475,59,0.03389830508474576,"£501–£1,000",Repeat,5,5,2,3,10,644.95
12720.0,5781.73,25,4672,2010-12-05 15:21:00,2011-12-07 08:03:00,231.26919999999998,366,0.06830601092896176,"£5,001–£10,000",Repeat,3,5,5,5,15,5781.73
12721.0,2656.13,6,1959,2010-12-20 11:38:00,2011-11-08 12:13:00,442.68833333333333,323,0.018575851393188854,"£2,501–£5,000",Repeat,32,4,5,5,14,2656.1299999999997
12722.0,997.63,4,566,2011-07-12 11:55:00,2011-09-15 14:50:00,249.4075,65,0.06153846153846154,"£501–£1,000",Repeat,85,2,4,4,10,997.6300000000001
12723.0,725.07,5,434,2011-10-05 15:52:00,2011-12-06 10:19:00,145.014,61,0.08196721311475409,"£501–£1,000",Repeat,4,5,4,3,12,725.07
12724.0,1031.41,4,445,2011-01-11 15:00:00,2011-12-04 16:02:00,257.8525,327,0.012232415902140673,"£1,001–£2,500",Repeat,5,5,4,4,13,1031.41
12725.0,427.8,1,164,2010-12-03 15:45:00,2010-12-03 15:45:00,427.8,1,1.0,£0–£500,One-Time,371,1,1,2,4,427.8
12726.0,2609.1,7,3143,2010-12-17 12:56:00,2011-11-11 13:35:00,372.7285714285714,329,0.02127659574468085,"£2,501–£5,000",Repeat,28,4,5,5,14,2609.1
12727.0,3980.7,7,2098,2011-01-23 15:17:00,2011-11-29 11:46:00,568.6714285714286,309,0.022653721682847898,"£2,501–£5,000",Repeat,11,5,5,5,15,3980.7000000000003
12728.0,836.33,4,419,2011-01-11 13:31:00,2011-09-29 15:31:00,209.0825,261,0.01532567049808429,"£501–£1,000",Repeat,71,3,4,3,10,836.33
12729.0,453.01,1,233,2011-08-18 11:40:00,2011-08-18 11:40:00,453.01,1,1.0,£0–£500,One-Time,114,2,1,2,5,453.01
12731.0,18895.91,12,8437,2010-12-10 10:56:00,2011-11-16 11:59:00,1574.6591666666666,341,0.03519061583577713,"Above £10,000",Repeat,24,4,5,5,14,18895.91
12732.0,236.26000000000002,1,111,2011-06-13 11:33:00,2011-06-13 11:33:00,236.26000000000002,1,1.0,£0–£500,One-Time,180,1,1,1,3,236.26000000000002
12733.0,383.95,1,137,2011-04-19 16:19:00,2011-04-19 16:19:00,383.95,1,1.0,£0–£500,One-Time,234,1,1,2,4,383.95
12734.0,110.39999999999999,1,88,2010-12-22 12:47:00,2010-12-22 12:47:00,110.39999999999999,1,1.0,£0–£500,One-Time,353,1,1,1,3,110.39999999999999
12735.0,779.5699999999999,2,368,2011-01-06 14:26:00,2011-01-28 13:37:00,389.78499999999997,21,0.09523809523809523,"£501–£1,000",Repeat,315,1,2,3,6,779.5699999999999
12736.0,234.0,1,173,2011-01-11 07:57:00,2011-01-11 07:57:00,234.0,1,1.0,£0–£500,One-Time,333,1,1,1,3,234.0
12738.0,155.35,1,148,2010-12-02 18:27:00,2010-12-02 18:27:00,155.35,1,1.0,£0–£500,One-Time,372,1,1,1,3,155.35
12739.0,1013.04,2,486,2011-09-01 17:45:00,2011-09-22 13:00:00,506.52,20,0.1,"£1,001–£2,500",Repeat,78,2,2,4,8,1013.04
12740.0,427.6,1,342,2011-10-07 10:44:00,2011-10-07 10:44:00,427.6,1,1.0,£0–£500,One-Time,64,3,1,2,6,427.6
12743.0,540.13,2,315,2011-07-28 16:06:00,2011-07-28 16:21:00,270.065,1,2.0,"£501–£1,000",Repeat,134,2,2,3,7,540.13
12744.0,21279.29,7,5241,2011-01-25 13:26:00,2011-10-19 11:18:00,3039.8985714285714,266,0.02631578947368421,"Above £10,000",Repeat,52,3,5,5,13,21279.289999999997
12747.0,4196.01,11,1275,2010-12-05 15:38:00,2011-12-07 14:34:00,381.4554545454546,366,0.030054644808743168,"£2,501–£5,000",Repeat,2,5,5,5,15,4196.01
12748.0,33053.19,209,25287,2010-12-01 12:48:00,2011-12-09 12:20:00,158.14923444976077,372,0.5618279569892473,"Above £10,000",Repeat,1,5,5,5,15,33053.189999999995
12749.0,4090.88,5,1471,2011-05-10 15:25:00,2011-12-06 09:56:00,818.176,209,0.023923444976076555,"£2,501–£5,000",Repeat,4,5,4,5,14,4090.88
12750.0,275.88,1,137,2011-08-03 09:13:00,2011-08-03 09:13:00,275.88,1,1.0,£0–£500,One-Time,129,2,1,2,5,275.88
12752.0,4366.78,1,2262,2011-09-19 13:32:00,2011-09-19 13:32:00,4366.78,1,1.0,"£2,501–£5,000",One-Time,81,2,1,5,8,4366.78
12753.0,21429.39,6,11421,2010-12-12 11:44:00,2011-11-17 10:52:00,3571.565,339,0.017699115044247787,"Above £10,000",Repeat,23,4,5,5,14,21429.39
12754.0,3010.74,3,6481,2011-02-04 10:31:00,2011-04-18 09:00:00,1003.5799999999999,72,0.041666666666666664,"£2,501–£5,000",Repeat,236,1,3,5,9,3010.74
12755.0,3811.95,2,1491,2010-12-09 10:44:00,2011-03-04 12:42:00,1905.975,85,0.023529411764705882,"£2,501–£5,000",Repeat,281,1,2,5,8,3811.95
12756.0,112.07999999999998,1,144,2011-09-14 09:31:00,2011-09-14 09:31:00,112.07999999999998,1,1.0,£0–£500,One-Time,87,2,1,1,4,112.07999999999998
12757.0,7834.650000000001,13,2395,2011-05-12 19:01:00,2011-11-24 12:30:00,602.6653846153847,195,0.06666666666666667,"£5,001–£10,000",Repeat,16,4,5,5,14,7834.650000000001
12758.0,2791.59,2,2135,2011-03-08 12:05:00,2011-08-15 10:22:00,1395.795,159,0.012578616352201259,"£2,501–£5,000",Repeat,117,2,2,5,9,2791.5900000000006
12759.0,1531.44,3,902,2011-03-09 08:09:00,2011-10-18 14:49:00,510.48,223,0.013452914798206279,"£1,001–£2,500",Repeat,52,3,3,4,10,1531.4400000000003
12762.0,1898.52,2,1227,2011-11-14 14:23:00,2011-12-02 10:23:00,949.26,17,0.11764705882352941,"£1,001–£2,500",Repeat,8,5,2,4,11,1898.52
12763.0,494.08,2,316,2010-12-05 15:46:00,2011-07-24 14:12:00,247.04,230,0.008695652173913044,£0–£500,Repeat,138,2,2,3,7,494.0799999999999
12764.0,1693.88,1,386,2011-01-27 10:19:00,2011-01-27 10:19:00,1693.88,1,1.0,"£1,001–£2,500",One-Time,317,1,1,4,6,1693.88
12766.0,6989.63,7,3646,2010-12-08 13:53:00,2011-12-06 08:46:00,998.5185714285715,362,0.019337016574585635,"£5,001–£10,000",Repeat,4,5,5,5,15,6989.63
12769.0,1143.6,1,356,2011-04-15 10:25:00,2011-04-15 10:25:00,1143.6,1,1.0,"£1,001–£2,500",One-Time,239,1,1,4,6,1143.6
12770.0,1351.45,1,743,2011-05-13 09:33:00,2011-05-13 09:33:00,1351.45,1,1.0,"£1,001–£2,500",One-Time,211,1,1,4,6,1351.45
12772.0,892.47,1,556,2011-10-11 09:19:00,2011-10-11 09:19:00,892.47,1,1.0,"£501–£1,000",One-Time,60,3,1,3,7,892.47
12775.0,1386.04,5,877,2011-02-01 13:45:00,2011-11-22 16:33:00,277.20799999999997,294,0.017006802721088437,"£1,001–£2,500",Repeat,17,4,4,4,12,1386.04
12778.0,822.23,6,825,2011-01-31 14:35:00,2011-11-20 11:30:00,137.03833333333333,292,0.02054794520547945,"£501–£1,000",Repeat,20,4,5,3,12,822.23
12779.0,3981.36,8,2024,2010-12-03 13:40:00,2011-11-02 11:43:00,497.67,333,0.024024024024024024,"£2,501–£5,000",Repeat,38,3,5,5,13,3981.3599999999997
12781.0,826.74,2,671,2011-02-28 08:43:00,2011-10-07 10:37:00,413.37,221,0.00904977375565611,"£501–£1,000",Repeat,64,3,2,3,8,826.74
12782.0,2330.92,5,1086,2010-12-17 11:30:00,2011-12-05 09:16:00,466.184,352,0.014204545454545454,"£1,001–£2,500",Repeat,5,5,4,5,14,2330.92
12783.0,2225.91,6,624,2011-09-25 15:35:00,2011-12-07 15:56:00,370.98499999999996,73,0.0821917808219178,"£1,001–£2,500",Repeat,2,5,5,5,15,2225.91
12784.0,532.8199999999999,2,280,2011-11-24 12:53:00,2011-11-30 15:38:00,266.40999999999997,6,0.3333333333333333,"£501–£1,000",Repeat,9,5,2,3,10,532.8199999999999
12785.0,311.95,1,131,2010-12-10 13:48:00,2010-12-10 13:48:00,311.95,1,1.0,£0–£500,One-Time,364,1,1,2,4,311.95
12787.0,463.66,3,261,2011-05-31 09:36:00,2011-11-30 08:44:00,154.55333333333334,182,0.016483516483516484,£0–£500,Repeat,10,5,3,2,10,463.66
12789.0,91.85,1,4,2011-10-05 13:34:00,2011-10-05 13:34:00,91.85,1,1.0,£0–£500,One-Time,65,3,1,1,5,91.85
12790.0,324.92,1,166,2011-05-31 14:14:00,2011-05-31 14:14:00,324.92,1,1.0,£0–£500,One-Time,192,1,1,2,4,324.92
12791.0,192.60000000000002,1,97,2010-12-01 11:27:00,2010-12-01 11:27:00,192.60000000000002,1,1.0,£0–£500,One-Time,374,1,1,1,3,192.60000000000002
12792.0,400.53999999999996,1,217,2011-03-28 11:36:00,2011-03-28 11:36:00,400.53999999999996,1,1.0,£0–£500,One-Time,257,1,1,2,4,400.53999999999996
12793.0,545.48,2,295,2010-12-03 15:14:00,2011-01-09 12:12:00,272.74,36,0.05555555555555555,"£501–£1,000",Repeat,335,1,2,3,6,545.48
12794.0,860.41,2,592,2011-09-02 12:01:00,2011-10-17 14:54:00,430.205,45,0.044444444444444446,"£501–£1,000",Repeat,53,3,2,3,8,860.41
12795.0,430.48,1,68,2011-11-21 10:27:00,2011-11-21 10:27:00,430.48,1,1.0,£0–£500,One-Time,19,4,1,2,7,430.48
12797.0,254.03,1,118,2010-12-09 10:55:00,2010-12-09 10:55:00,254.03,1,1.0,£0–£500,One-Time,366,1,1,2,4,254.03
12798.0,6977.04,3,5256,2011-06-22 10:11:00,2011-11-29 15:52:00,2325.68,160,0.01875,"£5,001–£10,000",Repeat,10,5,3,5,13,6977.039999999999
12802.0,427.58,1,314,2011-06-06 09:36:00,2011-06-06 09:36:00,427.58,1,1.0,£0–£500,One-Time,187,1,1,2,4,427.58
12808.0,483.65000000000003,3,188,2010-12-06 10:27:00,2011-11-03 10:05:00,161.21666666666667,331,0.00906344410876133,£0–£500,Repeat,37,3,3,2,8,483.65000000000003
12809.0,489.31,1,220,2011-06-15 10:51:00,2011-06-15 10:51:00,489.31,1,1.0,£0–£500,One-Time,178,2,1,3,6,489.31
12811.0,514.85,3,230,2011-02-28 15:39:00,2011-03-24 09:42:00,171.61666666666667,23,0.13043478260869565,"£501–£1,000",Repeat,261,1,3,3,7,514.85
12812.0,229.64000000000001,1,164,2011-10-26 09:54:00,2011-10-26 09:54:00,229.64000000000001,1,1.0,£0–£500,One-Time,45,3,1,1,5,229.64000000000001
12814.0,125.92,1,49,2011-08-30 12:11:00,2011-08-30 12:11:00,125.92,1,1.0,£0–£500,One-Time,102,2,1,1,4,125.92
12815.0,1063.46,2,379,2011-05-25 13:34:00,2011-07-15 10:21:00,531.73,50,0.04,"£1,001–£2,500",Repeat,148,2,2,4,8,1063.46
12816.0,572.2,2,128,2011-06-16 13:24:00,2011-09-05 12:41:00,286.1,80,0.025,"£501–£1,000",Repeat,96,2,2,3,7,572.2
12817.0,166.04,1,53,2011-03-03 16:28:00,2011-03-03 16:28:00,166.04,1,1.0,£0–£500,One-Time,281,1,1,1,3,166.04
12818.0,1542.08,1,929,2011-03-23 12:06:00,2011-03-23 12:06:00,1542.08,1,1.0,"£1,001–£2,500",One-Time,262,1,1,4,6,1542.08
12820.0,942.34,4,722,2011-01-17 12:34:00,2011-12-06 15:12:00,235.585,323,0.01238390092879257,"£501–£1,000",Repeat,3,5,4,4,13,942.3400000000001
12821.0,92.72,1,70,2011-05-09 15:51:00,2011-05-09 15:51:00,92.72,1,1.0,£0–£500,One-Time,214,1,1,1,3,92.72
12822.0,948.88,2,550,2011-09-13 13:46:00,2011-09-30 10:04:00,474.44,16,0.125,"£501–£1,000",Repeat,71,3,2,4,9,948.88
12823.0,1759.5,5,230,2011-02-16 12:15:00,2011-09-26 07:35:00,351.9,221,0.02262443438914027,"£1,001–£2,500",Repeat,75,2,4,4,10,1759.4999999999998
12824.0,397.12,1,232,2011-10-11 12:49:00,2011-10-11 12:49:00,397.12,1,1.0,£0–£500,One-Time,60,3,1,2,6,397.12
12826.0,1474.72,7,1058,2010-12-09 15:21:00,2011-12-07 10:25:00,210.67428571428573,362,0.019337016574585635,"£1,001–£2,500",Repeat,3,5,5,4,14,1474.72
12827.0,430.15000000000003,3,197,2011-10-26 15:44:00,2011-12-04 12:17:00,143.38333333333335,38,0.07894736842105263,£0–£500,Repeat,6,5,3,2,10,430.15000000000003
12828.0,1018.71,6,494,2011-08-01 16:16:00,2011-12-07 08:45:00,169.785,127,0.047244094488188976,"£1,001–£2,500",Repeat,3,5,5,4,14,1018.71
12829.0,293.0,2,376,2010-12-14 14:54:00,2011-01-07 11:13:00,146.5,23,0.08695652173913043,£0–£500,Repeat,337,1,2,2,5,293.0
12830.0,6814.64,6,9848,2011-06-21 10:53:00,2011-11-02 11:54:00,1135.7733333333333,134,0.04477611940298507,"£5,001–£10,000",Repeat,38,3,5,5,13,6814.639999999999
12831.0,215.05,1,135,2011-03-22 13:02:00,2011-03-22 13:02:00,215.05,1,1.0,£0–£500,One-Time,262,1,1,1,3,215.05
12832.0,383.03,2,195,2011-09-02 13:48:00,2011-11-07 13:30:00,191.515,65,0.03076923076923077,£0–£500,Repeat,32,4,2,2,8,383.03
12833.0,417.38,1,156,2011-07-17 13:46:00,2011-07-17 13:46:00,417.38,1,1.0,£0–£500,One-Time,145,2,1,2,5,417.38
12834.0,312.38,1,110,2011-03-02 09:49:00,2011-03-02 09:49:00,312.38,1,1.0,£0–£500,One-Time,283,1,1,2,4,312.38
12836.0,2610.36,4,1062,2011-02-01 11:19:00,2011-10-11 15:10:00,652.59,252,0.015873015873015872,"£2,501–£5,000",Repeat,59,3,4,5,12,2610.36
12837.0,134.1,1,24,2011-06-19 16:07:00,2011-06-19 16:07:00,134.1,1,1.0,£0–£500,One-Time,173,2,1,1,4,134.1
12838.0,671.95,2,355,2010-12-01 11:57:00,2011-11-06 12:20:00,335.975,340,0.0058823529411764705,"£501–£1,000",Repeat,34,3,2,3,8,671.95
12839.0,5591.42,14,3807,2010-12-07 15:48:00,2011-12-07 12:33:00,399.38714285714286,364,0.038461538461538464,"£5,001–£10,000",Repeat,3,5,5,5,15,5591.42
12840.0,2726.77,4,1511,2011-04-27 12:21:00,2011-07-19 09:29:00,681.6925,82,0.04878048780487805,"£2,501–£5,000",Repeat,144,2,4,5,11,2726.7700000000004
12841.0,3991.58,25,2720,2010-12-03 10:43:00,2011-12-05 11:13:00,159.6632,367,0.0681198910081744,"£2,501–£5,000",Repeat,5,5,5,5,15,3991.58
12842.0,1118.99,2,547,2011-02-04 12:36:00,2011-09-30 15:33:00,559.495,238,0.008403361344537815,"£1,001–£2,500",Repeat,70,3,2,4,9,1118.99
12843.0,1702.26,8,781,2011-03-20 14:38:00,2011-10-05 12:09:00,212.7825,198,0.04040404040404041,"£1,001–£2,500",Repeat,66,3,5,4,12,1702.26
12844.0,325.96000000000004,2,125,2011-08-01 13:11:00,2011-11-10 13:31:00,162.98000000000002,101,0.019801980198019802,£0–£500,Repeat,29,4,2,2,8,325.96000000000004
12845.0,354.09,4,204,2011-02-22 14:10:00,2011-03-17 13:34:00,88.5225,22,0.18181818181818182,£0–£500,Repeat,267,1,4,2,7,354.09
12847.0,843.64,1,873,2011-11-17 13:16:00,2011-11-17 13:16:00,843.64,1,1.0,"£501–£1,000",One-Time,22,4,1,3,8,843.64
12849.0,1010.29,2,597,2011-03-16 12:26:00,2011-11-08 13:41:00,505.145,237,0.008438818565400843,"£1,001–£2,500",Repeat,31,4,2,4,10,1010.2899999999998
12851.0,131.81,1,106,2011-09-04 12:41:00,2011-09-04 12:41:00,131.81,1,1.0,£0–£500,One-Time,97,2,1,1,4,131.81
12852.0,311.55,1,149,2011-02-18 08:47:00,2011-02-18 08:47:00,311.55,1,1.0,£0–£500,One-Time,295,1,1,2,4,311.55
12853.0,1957.1000000000001,6,800,2011-01-28 10:28:00,2011-07-28 11:29:00,326.18333333333334,181,0.03314917127071823,"£1,001–£2,500",Repeat,135,2,5,4,11,1957.1
12854.0,1316.25,3,626,2011-01-25 13:35:00,2011-09-22 12:15:00,438.75,239,0.012552301255230125,"£1,001–£2,500",Repeat,79,2,3,4,9,1316.25
12855.0,38.1,1,30,2010-12-02 09:37:00,2010-12-02 09:37:00,38.1,1,1.0,£0–£500,One-Time,373,1,1,1,3,38.1
12856.0,2170.78,6,1076,2011-10-07 12:38:00,2011-12-02 10:52:00,361.7966666666667,55,0.10909090909090909,"£1,001–£2,500",Repeat,8,5,5,5,15,2170.7799999999997
12857.0,1106.4,2,343,2011-02-10 12:32:00,2011-05-13 10:20:00,553.2,91,0.02197802197802198,"£1,001–£2,500",Repeat,211,1,2,4,7,1106.4
12863.0,521.2,1,188,2011-10-18 14:15:00,2011-10-18 14:15:00,521.2,1,1.0,"£501–£1,000",One-Time,52,3,1,3,7,521.2
12864.0,147.12,1,216,2011-07-24 13:03:00,2011-07-24 13:03:00,147.12,1,1.0,£0–£500,One-Time,138,2,1,1,4,147.12
12865.0,1568.23,2,925,2011-08-08 10:11:00,2011-11-13 14:31:00,784.115,97,0.020618556701030927,"£1,001–£2,500",Repeat,26,4,2,4,10,1568.23
12866.0,559.12,1,171,2011-03-01 14:11:00,2011-03-01 14:11:00,559.12,1,1.0,"£501–£1,000",One-Time,283,1,1,3,5,559.12
12867.0,4009.34,7,4284,2010-12-14 16:39:00,2011-11-13 15:30:00,572.7628571428571,333,0.021021021021021023,"£2,501–£5,000",Repeat,26,4,5,5,14,4009.34
12868.0,1607.0600000000002,6,928,2010-12-01 12:50:00,2011-06-07 10:42:00,267.84333333333336,187,0.03208556149732621,"£1,001–£2,500",Repeat,186,1,5,4,10,1607.0600000000004
12871.0,380.64,2,200,2011-05-16 13:32:00,2011-09-16 15:07:00,190.32,123,0.016260162601626018,£0–£500,Repeat,84,2,2,2,6,380.64
12872.0,599.97,2,319,2010-12-09 14:44:00,2011-01-17 10:52:00,299.985,38,0.05263157894736842,"£501–£1,000",Repeat,327,1,2,3,6,599.97
12873.0,374.0,1,128,2011-03-02 14:58:00,2011-03-02 14:58:00,374.0,1,1.0,£0–£500,One-Time,282,1,1,2,4,374.0
12875.0,343.2300000000001,2,2019,2010-12-12 12:03:00,2011-07-19 15:30:00,171.61500000000004,219,0.0091324200913242,£0–£500,Repeat,143,2,2,2,6,343.23
12876.0,2218.02,2,1941,2011-05-27 13:34:00,2011-10-13 12:26:00,1109.01,138,0.014492753623188406,"£1,001–£2,500",Repeat,58,3,2,5,10,2218.02
12877.0,1535.77,12,1178,2010-12-16 12:23:00,2011-12-06 10:30:00,127.98083333333334,354,0.03389830508474576,"£1,001–£2,500",Repeat,4,5,5,4,14,1535.7700000000002
12878.0,854.99,2,547,2011-03-18 14:02:00,2011-04-17 13:07:00,427.495,29,0.06896551724137931,"£501–£1,000",Repeat,236,1,2,3,6,854.99
12879.0,573.22,3,370,2011-09-09 12:11:00,2011-10-26 12:24:00,191.07333333333335,47,0.06382978723404255,"£501–£1,000",Repeat,45,3,3,3,9,573.22
12881.0,298.0,1,21,2011-03-09 11:44:00,2011-03-09 11:44:00,298.0,1,1.0,£0–£500,One-Time,276,1,1,2,4,298.0
12882.0,1463.04,2,246,2011-11-06 11:22:00,2011-11-30 16:18:00,731.52,24,0.08333333333333333,"£1,001–£2,500",Repeat,9,5,2,4,11,1463.04
12883.0,703.47,4,196,2011-09-11 15:18:00,2011-11-15 09:32:00,175.8675,64,0.0625,"£501–£1,000",Repeat,25,4,4,3,11,703.47
12884.0,309.05,1,43,2011-09-12 13:10:00,2011-09-12 13:10:00,309.05,1,1.0,£0–£500,One-Time,88,2,1,2,5,309.05
12885.0,1175.22,3,655,2011-08-08 11:45:00,2011-10-07 13:40:00,391.74,60,0.05,"£1,001–£2,500",Repeat,63,3,3,4,10,1175.2200000000003
12886.0,1378.4,2,770,2011-05-04 11:21:00,2011-10-03 10:09:00,689.2,151,0.013245033112582781,"£1,001–£2,500",Repeat,68,3,2,4,9,1378.4
12888.0,354.12,2,76,2011-03-29 14:31:00,2011-05-09 16:02:00,177.06,41,0.04878048780487805,£0–£500,Repeat,214,1,2,2,5,354.12
12890.0,376.71999999999997,1,256,2011-11-15 17:26:00,2011-11-15 17:26:00,376.71999999999997,1,1.0,£0–£500,One-Time,24,4,1,2,7,376.71999999999997
12891.0,331.0,3,950,2011-02-20 11:28:00,2011-06-07 12:31:00,110.33333333333333,107,0.028037383177570093,£0–£500,Repeat,186,1,3,2,6,331.0
12893.0,176.55,1,90,2011-11-09 12:34:00,2011-11-09 12:34:00,176.55,1,1.0,£0–£500,One-Time,31,4,1,1,6,176.55
12895.0,372.8,2,210,2011-09-14 08:35:00,2011-10-28 13:51:00,186.4,44,0.045454545454545456,£0–£500,Repeat,42,3,2,2,7,372.8
12897.0,216.5,2,110,2011-02-11 11:40:00,2011-05-19 12:13:00,108.25,97,0.020618556701030927,£0–£500,Repeat,205,1,2,1,4,216.5
12901.0,17654.54,28,23075,2011-03-14 10:41:00,2011-12-01 10:07:00,630.5192857142857,261,0.10727969348659004,"Above £10,000",Repeat,9,5,5,5,15,17654.54
12902.0,138.68,1,66,2011-03-20 12:06:00,2011-03-20 12:06:00,138.68,1,1.0,£0–£500,One-Time,265,1,1,1,3,138.68
12904.0,496.06,2,294,2011-06-20 13:18:00,2011-11-21 14:34:00,248.03,154,0.012987012987012988,£0–£500,Repeat,18,4,2,3,9,496.06000000000006
12906.0,2919.81,5,1749,2011-09-22 15:03:00,2011-11-28 09:55:00,583.962,66,0.07575757575757576,"£2,501–£5,000",Repeat,12,5,4,5,14,2919.81
12908.0,750.0,2,1200,2011-01-31 12:37:00,2011-06-16 15:39:00,375.0,136,0.014705882352941176,"£501–£1,000",Repeat,176,2,2,3,7,750.0
12909.0,2178.67,5,1280,2011-03-31 12:51:00,2011-10-31 12:43:00,435.73400000000004,213,0.023474178403755867,"£1,001–£2,500",Repeat,40,3,4,5,12,2178.67
12910.0,3075.04,8,1692,2011-04-12 10:01:00,2011-11-16 14:28:00,384.38,218,0.03669724770642202,"£2,501–£5,000",Repeat,23,4,5,5,14,3075.0400000000004
12912.0,1662.3,5,670,2011-10-30 11:35:00,2011-12-07 08:55:00,332.46,37,0.13513513513513514,"£1,001–£2,500",Repeat,3,5,4,4,13,1662.3000000000002
12913.0,2483.63,5,1419,2010-12-06 16:36:00,2011-12-05 12:11:00,496.726,363,0.013774104683195593,"£1,001–£2,500",Repeat,5,5,4,5,14,2483.63
12915.0,363.65,2,93,2010-12-02 12:33:00,2011-07-14 11:34:00,181.825,223,0.008968609865470852,£0–£500,Repeat,149,2,2,2,6,363.65
12916.0,2944.95,4,1083,2011-01-23 10:43:00,2011-07-24 10:35:00,736.2375,181,0.022099447513812154,"£2,501–£5,000",Repeat,139,2,4,5,11,2944.95
12917.0,594.0,1,120,2011-08-03 16:42:00,2011-08-03 16:42:00,594.0,1,1.0,"£501–£1,000",One-Time,128,2,1,3,6,594.0
12919.0,1335.19,6,673,2011-06-23 09:22:00,2011-12-01 13:47:00,222.53166666666667,161,0.037267080745341616,"£1,001–£2,500",Repeat,8,5,5,4,14,1335.19
12920.0,162.78,1,128,2011-11-22 15:05:00,2011-11-22 15:05:00,162.78,1,1.0,£0–£500,One-Time,17,4,1,1,6,162.78
12921.0,16587.09,37,9526,2010-12-01 15:06:00,2011-11-30 16:22:00,448.29972972972973,364,0.10164835164835165,"Above £10,000",Repeat,9,5,5,5,15,16587.09
12922.0,405.38,1,370,2011-07-01 15:35:00,2011-07-01 15:35:00,405.38,1,1.0,£0–£500,One-Time,161,2,1,2,5,405.38
12923.0,172.82,1,68,2011-10-06 16:20:00,2011-10-06 16:20:00,172.82,1,1.0,£0–£500,One-Time,64,3,1,1,5,172.82
12924.0,933.7,4,481,2011-01-16 11:49:00,2011-09-12 13:55:00,233.425,239,0.016736401673640166,"£501–£1,000",Repeat,88,2,4,4,10,933.7
12925.0,694.05,2,541,2011-09-26 11:05:00,2011-12-05 11:11:00,347.025,70,0.02857142857142857,"£501–£1,000",Repeat,5,5,2,3,10,694.05
12928.0,2062.7000000000003,5,1472,2010-12-15 15:45:00,2011-11-04 14:24:00,412.5400000000001,323,0.015479876160990712,"£1,001–£2,500",Repeat,35,3,4,5,12,2062.7000000000003
12929.0,117.85,1,37,2011-02-01 12:08:00,2011-02-01 12:08:00,117.85,1,1.0,£0–£500,One-Time,312,1,1,1,3,117.85
12930.0,415.8,2,252,2011-06-21 13:25:00,2011-09-22 15:18:00,207.9,93,0.021505376344086023,£0–£500,Repeat,78,2,2,2,6,415.80000000000007
12931.0,42055.96,15,28004,2010-12-17 09:45:00,2011-11-18 12:39:00,2803.730666666667,336,0.044642857142857144,"Above £10,000",Repeat,22,4,5,5,14,42055.96000000001
12933.0,607.53,3,499,2011-03-01 11:30:00,2011-11-15 16:38:00,202.51,259,0.011583011583011582,"£501–£1,000",Repeat,24,4,3,3,10,607.53
12935.0,2160.7,7,1853,2011-01-24 13:58:00,2011-12-07 17:25:00,308.6714285714285,317,0.022082018927444796,"£1,001–£2,500",Repeat,2,5,5,5,15,2160.7
12936.0,1063.9,4,559,2011-09-22 13:51:00,2011-11-22 17:32:00,265.975,61,0.06557377049180328,"£1,001–£2,500",Repeat,17,4,4,4,12,1063.9
12937.0,1504.27,4,1007,2011-03-17 14:19:00,2011-11-24 15:05:00,376.0675,252,0.015873015873015872,"£1,001–£2,500",Repeat,15,4,4,4,12,1504.2699999999998
12938.0,114.14,1,140,2011-11-14 11:21:00,2011-11-14 11:21:00,114.14,1,1.0,£0–£500,One-Time,26,4,1,1,6,114.14
12939.0,11581.8,8,4876,2011-01-09 11:20:00,2011-10-06 14:33:00,1447.725,270,0.02962962962962963,"Above £10,000",Repeat,64,3,5,5,13,11581.8
12940.0,899.69,2,404,2011-09-13 10:16:00,2011-10-16 12:09:00,449.845,33,0.06060606060606061,"£501–£1,000",Repeat,55,3,2,3,8,899.69
12942.0,675.6,3,198,2010-12-09 09:34:00,2011-07-31 14:39:00,225.20000000000002,234,0.01282051282051282,"£501–£1,000",Repeat,131,2,3,3,8,675.6
12944.0,604.51,2,289,2010-12-20 10:41:00,2011-11-04 11:04:00,302.255,319,0.006269592476489028,"£501–£1,000",Repeat,36,3,2,3,8,604.51
12945.0,462.95,1,165,2011-02-24 14:15:00,2011-02-24 14:15:00,462.95,1,1.0,£0–£500,One-Time,288,1,1,2,4,462.95
12947.0,1603.99,6,1165,2010-12-01 16:21:00,2011-07-19 10:06:00,267.33166666666665,229,0.026200873362445413,"£1,001–£2,500",Repeat,144,2,5,4,11,1603.99
12948.0,2064.95,7,1080,2011-03-20 10:17:00,2011-11-23 17:10:00,294.99285714285713,248,0.028225806451612902,"£1,001–£2,500",Repeat,16,4,5,5,14,2064.95
12949.0,4167.22,8,2381,2011-04-01 13:20:00,2011-11-09 11:25:00,520.9025,221,0.03619909502262444,"£2,501–£5,000",Repeat,31,4,5,5,14,4167.220000000001
12950.0,1843.0,3,1380,2011-11-15 13:48:00,2011-12-07 13:17:00,614.3333333333334,21,0.14285714285714285,"£1,001–£2,500",Repeat,2,5,3,4,12,1843.0
12951.0,1064.07,6,503,2011-01-13 10:33:00,2011-12-01 12:14:00,177.345,322,0.018633540372670808,"£1,001–£2,500",Repeat,9,5,5,4,14,1064.07
12952.0,1387.79,4,653,2011-09-22 16:37:00,2011-12-04 10:35:00,346.9475,72,0.05555555555555555,"£1,001–£2,500",Repeat,6,5,4,4,13,1387.79
12953.0,329.85,1,84,2011-11-30 09:24:00,2011-11-30 09:24:00,329.85,1,1.0,£0–£500,One-Time,10,5,1,2,8,329.85
12955.0,4757.16,11,3664,2011-03-17 09:03:00,2011-12-08 16:29:00,432.4690909090909,266,0.041353383458646614,"£2,501–£5,000",Repeat,1,5,5,5,15,4757.159999999999
12956.0,108.07,1,34,2011-02-06 16:08:00,2011-02-06 16:08:00,108.07,1,1.0,£0–£500,One-Time,306,1,1,1,3,108.07
12957.0,4017.54,8,2549,2011-01-04 12:18:00,2011-11-30 09:53:00,502.1925,329,0.0243161094224924,"£2,501–£5,000",Repeat,10,5,5,5,15,4017.54
12962.0,266.39,2,129,2011-08-18 13:38:00,2011-12-02 15:55:00,133.195,106,0.018867924528301886,£0–£500,Repeat,7,5,2,2,9,266.38999999999993
12963.0,1856.63,8,881,2010-12-09 09:14:00,2011-12-01 12:55:00,232.07875,357,0.022408963585434174,"£1,001–£2,500",Repeat,8,5,5,4,14,1856.63
12965.0,769.8100000000001,1,282,2011-09-11 15:31:00,2011-09-11 15:31:00,769.8100000000001,1,1.0,"£501–£1,000",One-Time,89,2,1,3,6,769.8100000000001
12966.0,160.18,1,75,2011-11-30 12:38:00,2011-11-30 12:38:00,160.18,1,1.0,£0–£500,One-Time,10,5,1,1,7,160.18
12967.0,1660.9,2,438,2010-12-03 09:49:00,2010-12-16 19:10:00,830.45,13,0.15384615384615385,"£1,001–£2,500",Repeat,358,1,2,4,7,1660.9000000000003
12968.0,135.95,1,73,2011-08-19 15:44:00,2011-08-19 15:44:00,135.95,1,1.0,£0–£500,One-Time,112,2,1,1,4,135.95
12970.0,405.47,4,268,2011-01-21 14:04:00,2011-12-02 14:30:00,101.3675,315,0.012698412698412698,£0–£500,Repeat,7,5,4,2,11,405.47
12971.0,11189.91,86,9289,2010-12-02 16:42:00,2011-12-06 12:20:00,130.11523255813952,368,0.23369565217391305,"Above £10,000",Repeat,4,5,5,5,15,11189.91
12974.0,144.8,1,24,2011-05-26 09:33:00,2011-05-26 09:33:00,144.8,1,1.0,£0–£500,One-Time,198,1,1,1,3,144.8
12976.0,738.6,1,561,2011-05-12 09:55:00,2011-05-12 09:55:00,738.6,1,1.0,"£501–£1,000",One-Time,212,1,1,3,5,738.6
12977.0,39.239999999999995,1,12,2011-07-06 16:40:00,2011-07-06 16:40:00,39.239999999999995,1,1.0,£0–£500,One-Time,156,2,1,1,4,39.239999999999995
12980.0,7374.900000000001,9,886,2010-12-16 11:36:00,2011-07-05 09:34:00,819.4333333333334,200,0.045,"£5,001–£10,000",Repeat,158,2,5,5,12,7374.900000000001
12981.0,372.21999999999997,2,242,2011-07-29 14:14:00,2011-11-10 12:00:00,186.10999999999999,103,0.019417475728155338,£0–£500,Repeat,30,4,2,2,8,372.2199999999999
12982.0,390.54,1,288,2011-04-11 11:51:00,2011-04-11 11:51:00,390.54,1,1.0,£0–£500,One-Time,243,1,1,2,4,390.54
12984.0,97.5,1,26,2011-11-21 12:37:00,2011-11-21 12:37:00,97.5,1,1.0,£0–£500,One-Time,19,4,1,1,6,97.5
12985.0,1239.38,2,1533,2011-11-11 12:44:00,2011-12-09 10:46:00,619.69,27,0.07407407407407407,"£1,001–£2,500",Repeat,1,5,2,4,11,1239.38
12987.0,558.7,2,219,2011-05-26 12:00:00,2011-09-27 12:03:00,279.35,124,0.016129032258064516,"£501–£1,000",Repeat,74,2,2,3,7,558.7
12988.0,505.82,1,126,2011-02-20 14:31:00,2011-02-20 14:31:00,505.82,1,1.0,"£501–£1,000",One-Time,292,1,1,3,5,505.82
12989.0,6924.110000000001,15,2943,2010-12-10 13:24:00,2011-12-06 15:28:00,461.6073333333334,361,0.04155124653739612,"£5,001–£10,000",Repeat,3,5,5,5,15,6924.11
12990.0,409.5,3,200,2011-02-02 15:39:00,2011-11-08 13:01:00,136.5,278,0.01079136690647482,£0–£500,Repeat,31,4,3,2,9,409.50000000000006
12991.0,503.76,2,405,2011-08-19 14:39:00,2011-11-16 15:34:00,251.88,89,0.02247191011235955,"£501–£1,000",Repeat,23,4,2,3,9,503.75999999999993
12993.0,414.76,4,240,2011-02-14 14:29:00,2011-11-16 15:49:00,103.69,275,0.014545454545454545,£0–£500,Repeat,23,4,4,2,10,414.75999999999993
12994.0,974.4200000000001,3,459,2011-03-16 08:31:00,2011-12-05 15:43:00,324.8066666666667,264,0.011363636363636364,"£501–£1,000",Repeat,4,5,3,4,12,974.4200000000001
12995.0,211.32,1,108,2011-09-15 15:44:00,2011-09-15 15:44:00,211.32,1,1.0,£0–£500,One-Time,85,2,1,1,4,211.32
12997.0,1226.89,4,664,2011-01-26 15:49:00,2011-11-17 15:47:00,306.7225,294,0.013605442176870748,"£1,001–£2,500",Repeat,22,4,4,4,12,1226.89
12999.0,455.88,3,342,2011-04-08 10:26:00,2011-05-27 13:24:00,151.96,49,0.061224489795918366,£0–£500,Repeat,196,1,3,2,6,455.88
13000.0,534.85,3,379,2010-12-10 10:26:00,2011-08-25 10:43:00,178.28333333333333,258,0.011627906976744186,"£501–£1,000",Repeat,107,2,3,3,8,534.8499999999999
13001.0,9785.970000000001,13,5490,2011-01-17 12:45:00,2011-12-05 14:51:00,752.7669230769231,322,0.040372670807453416,"£5,001–£10,000",Repeat,4,5,5,5,15,9785.970000000001
13002.0,120.94999999999999,1,73,2011-01-25 15:18:00,2011-01-25 15:18:00,120.94999999999999,1,1.0,£0–£500,One-Time,318,1,1,1,3,120.94999999999999
13003.0,149.05,3,103,2011-05-09 08:23:00,2011-08-26 10:50:00,49.68333333333334,109,0.027522935779816515,£0–£500,Repeat,106,2,3,1,6,149.05
13004.0,5655.91,18,4822,2010-12-17 08:20:00,2011-11-28 11:27:00,314.21722222222223,346,0.05202312138728324,"£5,001–£10,000",Repeat,12,5,5,5,15,5655.910000000001
13005.0,513.7,2,172,2011-04-07 13:32:00,2011-06-19 10:53:00,256.85,72,0.027777777777777776,"£501–£1,000",Repeat,174,2,2,3,7,513.7
13006.0,81.57,1,55,2011-10-14 13:49:00,2011-10-14 13:49:00,81.57,1,1.0,£0–£500,One-Time,56,3,1,1,5,81.57
13008.0,229.46999999999997,1,175,2011-01-20 14:24:00,2011-01-20 14:24:00,229.46999999999997,1,1.0,£0–£500,One-Time,323,1,1,1,3,229.46999999999997
13011.0,50.550000000000004,1,13,2010-12-02 17:22:00,2010-12-02 17:22:00,50.550000000000004,1,1.0,£0–£500,One-Time,372,1,1,1,3,50.550000000000004
13012.0,1646.8400000000001,8,820,2011-02-18 09:43:00,2011-11-30 13:05:00,205.85500000000002,285,0.028070175438596492,"£1,001–£2,500",Repeat,9,5,5,4,14,1646.8400000000004
13013.0,4810.9400000000005,13,2224,2010-12-03 12:28:00,2011-12-08 15:01:00,370.07230769230773,370,0.03513513513513514,"£2,501–£5,000",Repeat,1,5,5,5,15,4810.9400000000005
13014.0,3466.2799999999997,10,905,2011-03-03 18:28:00,2011-11-29 12:27:00,346.628,270,0.037037037037037035,"£2,501–£5,000",Repeat,11,5,5,5,15,3466.2799999999993
13015.0,3339.64,5,1609,2011-04-04 14:28:00,2011-10-17 13:19:00,667.928,195,0.02564102564102564,"£2,501–£5,000",Repeat,53,3,4,5,12,3339.6399999999994
13016.0,789.89,3,527,2011-08-08 15:00:00,2011-09-27 14:08:00,263.2966666666667,49,0.061224489795918366,"£501–£1,000",Repeat,73,2,3,3,8,789.89
13017.0,204.0,1,48,2011-12-02 15:53:00,2011-12-02 15:53:00,204.0,1,1.0,£0–£500,One-Time,7,5,1,1,7,204.0
13018.0,7277.7,28,5435,2011-02-17 11:05:00,2011-11-23 13:28:00,259.91785714285714,279,0.1003584229390681,"£5,001–£10,000",Repeat,16,4,5,5,14,7277.7
13021.0,2616.38,9,1352,2010-12-16 10:12:00,2011-12-05 16:37:00,290.7088888888889,354,0.025423728813559324,"£2,501–£5,000",Repeat,4,5,5,5,15,2616.3800000000006
13023.0,689.9,2,286,2011-08-02 09:34:00,2011-10-06 16:27:00,344.95,65,0.03076923076923077,"£501–£1,000",Repeat,64,3,2,3,8,689.9
13026.0,975.36,5,1620,2011-03-09 11:35:00,2011-12-08 16:58:00,195.072,274,0.01824817518248175,"£501–£1,000",Repeat,1,5,4,4,13,975.3599999999999
13027.0,6912.0,6,17280,2010-12-20 12:45:00,2011-08-18 09:39:00,1152.0,240,0.025,"£5,001–£10,000",Repeat,114,2,5,5,12,6912.0
13028.0,661.3199999999999,2,798,2011-10-25 14:09:00,2011-11-17 11:10:00,330.65999999999997,22,0.09090909090909091,"£501–£1,000",Repeat,23,4,2,3,9,661.3199999999999
13029.0,1247.5,3,134,2010-12-21 13:53:00,2011-11-09 09:13:00,415.8333333333333,322,0.009316770186335404,"£1,001–£2,500",Repeat,31,4,3,4,11,1247.5
13030.0,752.4399999999999,2,348,2010-12-06 14:31:00,2011-11-28 14:30:00,376.21999999999997,356,0.0056179775280898875,"£501–£1,000",Repeat,11,5,2,3,10,752.4399999999999
13032.0,1010.18,2,375,2011-09-13 16:40:00,2011-10-18 15:54:00,505.09,34,0.058823529411764705,"£1,001–£2,500",Repeat,52,3,2,4,9,1010.18
13033.0,190.55,1,83,2010-12-17 14:23:00,2010-12-17 14:23:00,190.55,1,1.0,£0–£500,One-Time,357,1,1,1,3,190.55
13034.0,642.77,2,369,2010-12-05 14:52:00,2011-10-16 12:21:00,321.385,314,0.006369426751592357,"£501–£1,000",Repeat,55,3,2,3,8,642.77
13035.0,921.88,2,644,2011-03-24 09:21:00,2011-09-27 08:57:00,460.94,186,0.010752688172043012,"£501–£1,000",Repeat,74,2,2,3,7,921.8800000000001
13037.0,881.07,3,431,2011-03-28 15:42:00,2011-07-24 15:46:00,293.69,118,0.025423728813559324,"£501–£1,000",Repeat,138,2,3,3,8,881.07
13038.0,908.46,3,360,2011-02-22 11:43:00,2011-09-20 14:37:00,302.82,210,0.014285714285714285,"£501–£1,000",Repeat,80,2,3,3,8,908.4599999999999
13040.0,676.99,2,355,2011-11-06 13:53:00,2011-12-01 10:38:00,338.495,24,0.08333333333333333,"£501–£1,000",Repeat,9,5,2,3,10,676.99
13043.0,516.42,1,254,2011-03-11 14:52:00,2011-03-11 14:52:00,516.42,1,1.0,"£501–£1,000",One-Time,273,1,1,3,5,516.42
13044.0,560.47,1,429,2011-02-21 15:20:00,2011-02-21 15:20:00,560.47,1,1.0,"£501–£1,000",One-Time,291,1,1,3,5,560.47
13045.0,305.28000000000003,1,221,2011-09-01 15:04:00,2011-09-01 15:04:00,305.28000000000003,1,1.0,£0–£500,One-Time,99,2,1,2,5,305.28000000000003
13046.0,629.31,2,264,2011-03-18 15:43:00,2011-11-09 08:36:00,314.655,235,0.00851063829787234,"£501–£1,000",Repeat,31,4,2,3,9,629.31
13047.0,3237.54,10,1391,2010-12-01 08:34:00,2011-11-08 12:06:00,323.754,342,0.029239766081871343,"£2,501–£5,000",Repeat,32,4,5,5,14,3237.54
13048.0,1819.41,4,1228,2011-01-16 14:36:00,2011-11-25 13:23:00,454.8525,312,0.01282051282051282,"£1,001–£2,500",Repeat,14,4,4,4,12,1819.41
13049.0,656.6800000000001,2,268,2011-01-25 16:33:00,2011-10-06 15:31:00,328.34000000000003,253,0.007905138339920948,"£501–£1,000",Repeat,64,3,2,3,8,656.6800000000001
13050.0,5836.86,17,3748,2010-12-08 09:30:00,2011-11-25 09:18:00,343.3447058823529,351,0.04843304843304843,"£5,001–£10,000",Repeat,15,4,5,5,14,5836.859999999999
13052.0,348.15000000000003,1,222,2011-05-11 14:12:00,2011-05-11 14:12:00,348.15000000000003,1,1.0,£0–£500,One-Time,212,1,1,2,4,348.15000000000003
13055.0,1214.41,3,894,2011-05-10 08:58:00,2011-09-22 14:26:00,404.80333333333334,135,0.022222222222222223,"£1,001–£2,500",Repeat,78,2,3,4,9,1214.41
13058.0,271.40000000000003,3,52,2011-07-11 12:01:00,2011-11-15 12:43:00,90.46666666666668,127,0.023622047244094488,£0–£500,Repeat,25,4,3,2,9,271.40000000000003
13059.0,183.4,1,35,2011-04-04 10:40:00,2011-04-04 10:40:00,183.4,1,1.0,£0–£500,One-Time,250,1,1,1,3,183.4
13060.0,307.53,1,123,2011-03-31 11:37:00,2011-03-31 11:37:00,307.53,1,1.0,£0–£500,One-Time,254,1,1,2,4,307.53
13061.0,248.61,1,107,2011-09-28 16:04:00,2011-09-28 16:04:00,248.61,1,1.0,£0–£500,One-Time,72,3,1,1,5,248.61
13062.0,346.98,1,343,2011-06-01 15:12:00,2011-06-01 15:12:00,346.98,1,1.0,£0–£500,One-Time,191,1,1,2,4,346.98
13064.0,1105.59,4,514,2011-01-16 13:41:00,2011-11-27 12:31:00,276.3975,314,0.012738853503184714,"£1,001–£2,500",Repeat,13,5,4,4,13,1105.59
13065.0,205.86,1,74,2010-12-01 16:52:00,2010-12-01 16:52:00,205.86,1,1.0,£0–£500,One-Time,373,1,1,1,3,205.86
13066.0,470.8,2,322,2011-11-07 17:06:00,2011-11-15 12:57:00,235.4,7,0.2857142857142857,£0–£500,Repeat,24,4,2,2,8,470.79999999999995
13067.0,115.46000000000001,1,32,2011-09-18 13:38:00,2011-09-18 13:38:00,115.46000000000001,1,1.0,£0–£500,One-Time,82,2,1,1,4,115.46000000000001
13068.0,344.0,2,200,2011-01-24 08:20:00,2011-11-29 15:00:00,172.0,309,0.006472491909385114,£0–£500,Repeat,10,5,2,2,9,344.00000000000006
13069.0,4431.44,24,5873,2010-12-05 11:02:00,2011-12-09 08:39:00,184.64333333333332,368,0.06521739130434782,"£2,501–£5,000",Repeat,1,5,5,5,15,4431.44
13070.0,228.8,1,110,2011-05-31 13:45:00,2011-05-31 13:45:00,228.8,1,1.0,£0–£500,One-Time,192,1,1,1,3,228.8
13072.0,177.15,1,69,2011-03-18 08:12:00,2011-03-18 08:12:00,177.15,1,1.0,£0–£500,One-Time,267,1,1,1,3,177.15
13075.0,919.61,1,485,2011-08-02 10:19:00,2011-08-02 10:19:00,919.61,1,1.0,"£501–£1,000",One-Time,130,2,1,3,6,919.61
13077.0,728.02,4,862,2010-12-08 14:59:00,2011-12-08 19:24:00,182.005,365,0.010958904109589041,"£501–£1,000",Repeat,1,5,4,3,12,728.02
13078.0,12627.94,26,5630,2010-12-08 09:07:00,2011-12-06 15:36:00,485.69,363,0.07162534435261708,"Above £10,000",Repeat,3,5,5,5,15,12627.939999999999
13079.0,220.10000000000002,5,62,2011-07-22 14:41:00,2011-12-05 16:53:00,44.02,136,0.03676470588235294,£0–£500,Repeat,4,5,4,1,10,220.10000000000002
13080.0,58.08,1,120,2011-06-13 14:59:00,2011-06-13 14:59:00,58.08,1,1.0,£0–£500,One-Time,179,2,1,1,4,58.08
13081.0,28337.38,11,19068,2010-12-03 17:20:00,2011-11-28 10:54:00,2576.1254545454544,359,0.03064066852367688,"Above £10,000",Repeat,12,5,5,5,15,28337.379999999997
13082.0,3613.63,9,4324,2011-01-05 15:42:00,2011-08-05 16:16:00,401.51444444444445,212,0.04245283018867924,"£2,501–£5,000",Repeat,126,2,5,5,12,3613.63
13083.0,303.75,2,187,2011-09-25 10:46:00,2011-12-05 15:01:00,151.875,71,0.028169014084507043,£0–£500,Repeat,4,5,2,2,9,303.75
13085.0,416.08000000000004,2,216,2011-02-17 13:57:00,2011-07-05 12:11:00,208.04000000000002,137,0.014598540145985401,£0–£500,Repeat,158,2,2,2,6,416.08000000000004
13089.0,58762.08,97,31025,2010-12-05 10:27:00,2011-12-07 09:02:00,605.7946391752578,366,0.2650273224043716,"Above £10,000",Repeat,3,5,5,5,15,58762.08
13090.0,8910.82,14,2263,2010-12-02 07:48:00,2011-12-01 12:39:00,636.4871428571429,364,0.038461538461538464,"£5,001–£10,000",Repeat,9,5,5,5,15,8910.820000000002
13091.0,345.82,1,466,2011-11-11 15:54:00,2011-11-11 15:54:00,345.82,1,1.0,£0–£500,One-Time,28,4,1,2,7,345.82
13092.0,477.83,5,279,2010-12-15 12:27:00,2011-09-30 11:18:00,95.566,288,0.017361111111111112,£0–£500,Repeat,71,3,4,2,9,477.83000000000004
13093.0,7832.47,8,3961,2010-12-01 15:00:00,2011-03-09 12:14:00,979.05875,97,0.08247422680412371,"£5,001–£10,000",Repeat,276,1,5,5,11,7832.47
13094.0,1927.3200000000002,12,1716,2010-12-06 10:34:00,2011-11-18 14:07:00,160.61,347,0.0345821325648415,"£1,001–£2,500",Repeat,21,4,5,4,13,1927.3200000000004
13095.0,74.39999999999999,1,144,2011-09-30 12:03:00,2011-09-30 12:03:00,74.39999999999999,1,1.0,£0–£500,One-Time,71,3,1,1,5,74.39999999999999
13097.0,6003.22,10,2360,2010-12-14 15:13:00,2011-11-07 10:43:00,600.322,327,0.03058103975535168,"£5,001–£10,000",Repeat,33,4,5,5,14,6003.22
13098.0,28882.44,28,15968,2011-01-26 13:46:00,2011-12-08 14:14:00,1031.5157142857142,316,0.08860759493670886,"Above £10,000",Repeat,1,5,5,5,15,28882.44
13099.0,207.35999999999999,1,288,2011-09-01 17:40:00,2011-09-01 17:40:00,207.35999999999999,1,1.0,£0–£500,One-Time,99,2,1,1,4,207.35999999999999
13101.0,101.19,1,113,2011-04-19 14:37:00,2011-04-19 14:37:00,101.19,1,1.0,£0–£500,One-Time,234,1,1,1,3,101.19
13102.0,6424.09,24,4204,2010-12-09 13:38:00,2011-12-08 12:52:00,267.67041666666665,363,0.06611570247933884,"£5,001–£10,000",Repeat,1,5,5,5,15,6424.09
13103.0,243.94,1,82,2011-10-31 09:38:00,2011-10-31 09:38:00,243.94,1,1.0,£0–£500,One-Time,40,3,1,1,5,243.94
13104.0,1098.48,6,504,2010-12-20 11:58:00,2011-12-06 13:10:00,183.08,351,0.017094017094017096,"£1,001–£2,500",Repeat,3,5,5,4,14,1098.48
13106.0,76.5,1,18,2011-07-29 15:12:00,2011-07-29 15:12:00,76.5,1,1.0,£0–£500,One-Time,133,2,1,1,4,76.5
13107.0,1531.6200000000001,4,1293,2011-01-10 12:28:00,2011-10-26 14:52:00,382.90500000000003,289,0.01384083044982699,"£1,001–£2,500",Repeat,44,3,4,4,11,1531.6200000000001
13108.0,350.06,1,298,2010-12-02 10:35:00,2010-12-02 10:35:00,350.06,1,1.0,£0–£500,One-Time,373,1,1,2,4,350.06
13109.0,786.54,2,520,2011-07-05 14:56:00,2011-10-11 10:16:00,393.27,97,0.020618556701030927,"£501–£1,000",Repeat,60,3,2,3,8,786.54
13110.0,1488.67,7,388,2011-02-01 15:24:00,2011-11-08 14:30:00,212.66714285714286,279,0.025089605734767026,"£1,001–£2,500",Repeat,31,4,5,4,13,1488.67
13113.0,12245.960000000001,24,3045,2010-12-08 13:21:00,2011-12-09 12:49:00,510.2483333333334,365,0.06575342465753424,"Above £10,000",Repeat,1,5,5,5,15,12245.960000000001
13115.0,2294.78,4,1567,2011-06-08 16:15:00,2011-11-28 12:38:00,573.695,172,0.023255813953488372,"£1,001–£2,500",Repeat,12,5,4,5,14,2294.78
13116.0,501.14,1,291,2011-07-24 14:33:00,2011-07-24 14:33:00,501.14,1,1.0,"£501–£1,000",One-Time,138,2,1,3,6,501.14
13117.0,984.91,8,945,2010-12-02 13:11:00,2011-11-18 12:02:00,123.11375,350,0.022857142857142857,"£501–£1,000",Repeat,22,4,5,4,13,984.9100000000001
13118.0,1197.81,5,410,2011-02-24 12:32:00,2011-11-20 12:46:00,239.56199999999998,269,0.01858736059479554,"£1,001–£2,500",Repeat,20,4,4,4,12,1197.8100000000002
13120.0,30.599999999999998,1,12,2011-04-15 10:19:00,2011-04-15 10:19:00,30.599999999999998,1,1.0,£0–£500,One-Time,239,1,1,1,3,30.599999999999998
13121.0,283.73,1,252,2011-03-15 16:47:00,2011-03-15 16:47:00,283.73,1,1.0,£0–£500,One-Time,269,1,1,2,4,283.73
13122.0,922.39,2,585,2011-04-13 14:12:00,2011-09-06 15:53:00,461.195,146,0.0136986301369863,"£501–£1,000",Repeat,94,2,2,3,7,922.39
13124.0,3756.33,3,2119,2010-12-15 15:00:00,2011-09-11 12:45:00,1252.11,269,0.011152416356877323,"£2,501–£5,000",Repeat,90,2,3,5,10,3756.3299999999995
13126.0,2099.64,8,2143,2010-12-08 11:42:00,2011-12-05 10:00:00,262.455,361,0.0221606648199446,"£1,001–£2,500",Repeat,5,5,5,5,15,2099.64
13127.0,259.17,1,127,2011-09-23 10:26:00,2011-09-23 10:26:00,259.17,1,1.0,£0–£500,One-Time,78,2,1,2,5,259.17
13130.0,64.0,1,32,2011-09-06 15:30:00,2011-09-06 15:30:00,64.0,1,1.0,£0–£500,One-Time,94,2,1,1,4,64.0
13131.0,1073.3,3,447,2011-06-05 10:54:00,2011-11-16 13:21:00,357.76666666666665,164,0.018292682926829267,"£1,001–£2,500",Repeat,23,4,3,4,11,1073.3
13132.0,77.3,1,20,2011-03-23 12:44:00,2011-03-23 12:44:00,77.3,1,1.0,£0–£500,One-Time,262,1,1,1,3,77.3
13133.0,109.8,2,32,2011-02-08 15:48:00,2011-03-11 10:31:00,54.9,30,0.06666666666666667,£0–£500,Repeat,274,1,2,1,4,109.8
13134.0,1793.58,4,1059,2011-04-13 12:57:00,2011-09-15 10:35:00,448.395,154,0.025974025974025976,"£1,001–£2,500",Repeat,86,2,4,4,10,1793.5800000000002
13135.0,3096.0,1,4300,2011-05-27 10:52:00,2011-05-27 10:52:00,3096.0,1,1.0,"£2,501–£5,000",One-Time,197,1,1,5,7,3096.0
13136.0,2607.61,5,1328,2011-05-11 12:47:00,2011-10-14 13:41:00,521.522,156,0.03205128205128205,"£2,501–£5,000",Repeat,56,3,4,5,12,2607.61
13137.0,3603.29,8,2204,2011-02-04 11:54:00,2011-11-29 12:09:00,450.41125,298,0.026845637583892617,"£2,501–£5,000",Repeat,11,5,5,5,15,3603.29
13138.0,962.39,6,473,2010-12-02 15:03:00,2011-11-17 16:51:00,160.39833333333334,350,0.017142857142857144,"£501–£1,000",Repeat,22,4,5,4,13,962.3900000000001
13139.0,5064.94,7,2425,2011-03-25 11:57:00,2011-11-23 13:54:00,723.5628571428571,243,0.02880658436213992,"£5,001–£10,000",Repeat,16,4,5,5,14,5064.94
13140.0,422.47,3,185,2010-12-08 15:12:00,2011-08-23 15:33:00,140.82333333333335,258,0.011627906976744186,£0–£500,Repeat,108,2,3,2,7,422.47
13141.0,2388.75,5,1548,2011-01-28 13:04:00,2011-09-16 09:54:00,477.75,230,0.021739130434782608,"£1,001–£2,500",Repeat,85,2,4,5,11,2388.75
13142.0,307.09,1,258,2011-11-20 16:07:00,2011-11-20 16:07:00,307.09,1,1.0,£0–£500,One-Time,19,4,1,2,7,307.09
13144.0,110.95,1,21,2011-01-11 11:15:00,2011-01-11 11:15:00,110.95,1,1.0,£0–£500,One-Time,333,1,1,1,3,110.95
13145.0,618.52,4,145,2010-12-02 18:06:00,2011-10-31 12:45:00,154.63,332,0.012048192771084338,"£501–£1,000",Repeat,40,3,4,3,10,618.5200000000001
13146.0,228.91,1,154,2011-11-13 15:29:00,2011-11-13 15:29:00,228.91,1,1.0,£0–£500,One-Time,26,4,1,1,6,228.91
13147.0,712.8000000000001,4,144,2011-09-01 12:28:00,2011-11-29 13:59:00,178.20000000000002,89,0.0449438202247191,"£501–£1,000",Repeat,10,5,4,3,12,712.8000000000001
13148.0,3683.26,12,1965,2010-12-10 13:06:00,2011-11-10 15:23:00,306.93833333333333,335,0.03582089552238806,"£2,501–£5,000",Repeat,29,4,5,5,14,3683.26
13149.0,1676.06,4,1280,2011-02-23 13:57:00,2011-11-25 13:09:00,419.015,274,0.014598540145985401,"£1,001–£2,500",Repeat,14,4,4,4,12,1676.06
13151.0,1257.8700000000001,1,363,2011-02-17 12:29:00,2011-02-17 12:29:00,1257.8700000000001,1,1.0,"£1,001–£2,500",One-Time,296,1,1,4,6,1257.8700000000001
13153.0,486.22,1,418,2011-12-04 12:14:00,2011-12-04 12:14:00,486.22,1,1.0,£0–£500,One-Time,6,5,1,2,8,486.22
13155.0,971.76,4,497,2010-12-06 12:44:00,2011-11-06 15:41:00,242.94,335,0.011940298507462687,"£501–£1,000",Repeat,33,4,4,4,12,971.7600000000001
13157.0,1741.22,4,1439,2011-02-14 14:03:00,2011-10-21 13:50:00,435.305,248,0.016129032258064516,"£1,001–£2,500",Repeat,49,3,4,4,11,1741.2199999999998
13158.0,1201.06,4,784,2011-01-25 09:58:00,2011-09-06 11:58:00,300.265,224,0.017857142857142856,"£1,001–£2,500",Repeat,95,2,4,4,10,1201.06
13159.0,1429.35,4,1058,2011-08-16 11:44:00,2011-12-01 11:20:00,357.3375,106,0.03773584905660377,"£1,001–£2,500",Repeat,9,5,4,4,13,1429.35
13160.0,91.8,1,56,2011-11-17 13:07:00,2011-11-17 13:07:00,91.8,1,1.0,£0–£500,One-Time,22,4,1,1,6,91.8
13161.0,112.75,1,29,2011-01-30 14:03:00,2011-01-30 14:03:00,112.75,1,1.0,£0–£500,One-Time,313,1,1,1,3,112.75
13162.0,1688.29,4,1713,2011-01-09 10:43:00,2011-08-09 15:59:00,422.0725,212,0.018867924528301886,"£1,001–£2,500",Repeat,122,2,4,4,10,1688.29
13165.0,1021.48,2,1376,2010-12-23 14:06:00,2011-10-24 15:05:00,510.74,305,0.006557377049180328,"£1,001–£2,500",Repeat,46,3,2,4,9,1021.48
13166.0,417.2,1,216,2011-03-01 15:16:00,2011-03-01 15:16:00,417.2,1,1.0,£0–£500,One-Time,283,1,1,2,4,417.2
13167.0,791.33,4,785,2011-07-19 12:13:00,2011-11-21 12:24:00,197.8325,125,0.032,"£501–£1,000",Repeat,19,4,4,3,11,791.33
13168.0,1299.59,4,670,2011-01-25 13:55:00,2011-11-03 12:56:00,324.8975,281,0.014234875444839857,"£1,001–£2,500",Repeat,36,3,4,4,11,1299.5899999999997
13169.0,712.88,2,272,2011-04-01 14:24:00,2011-10-07 12:11:00,356.44,188,0.010638297872340425,"£501–£1,000",Repeat,64,3,2,3,8,712.88
13170.0,108.81,1,141,2011-11-13 12:19:00,2011-11-13 12:19:00,108.81,1,1.0,£0–£500,One-Time,27,4,1,1,6,108.81
13171.0,468.41,3,229,2011-02-13 14:16:00,2011-11-18 10:27:00,156.13666666666668,277,0.010830324909747292,£0–£500,Repeat,22,4,3,2,9,468.41
13173.0,353.65,2,277,2010-12-07 14:30:00,2011-12-05 15:51:00,176.825,363,0.005509641873278237,£0–£500,Repeat,4,5,2,2,9,353.65
13174.0,2742.82,3,1352,2010-12-05 16:24:00,2011-11-23 14:35:00,914.2733333333334,352,0.008522727272727272,"£2,501–£5,000",Repeat,16,4,3,5,12,2742.82
13176.0,481.49,1,448,2011-10-24 15:43:00,2011-10-24 15:43:00,481.49,1,1.0,£0–£500,One-Time,46,3,1,2,6,481.49
13177.0,282.45,1,91,2011-10-06 09:56:00,2011-10-06 09:56:00,282.45,1,1.0,£0–£500,One-Time,65,3,1,2,6,282.45
13178.0,5725.47,11,3570,2010-12-14 12:22:00,2011-11-13 16:14:00,520.4972727272727,334,0.03293413173652695,"£5,001–£10,000",Repeat,26,4,5,5,14,5725.47
13182.0,121.18,1,201,2011-10-25 13:46:00,2011-10-25 13:46:00,121.18,1,1.0,£0–£500,One-Time,45,3,1,1,5,121.18
13183.0,3957.78,9,2208,2011-01-09 10:50:00,2011-12-02 10:30:00,439.75333333333333,326,0.027607361963190184,"£2,501–£5,000",Repeat,8,5,5,5,15,3957.7799999999997
13184.0,1668.95,10,1662,2011-02-22 17:25:00,2011-11-25 12:02:00,166.895,275,0.03636363636363636,"£1,001–£2,500",Repeat,15,4,5,4,13,1668.9499999999998
13185.0,71.4,1,12,2011-03-17 11:56:00,2011-03-17 11:56:00,71.4,1,1.0,£0–£500,One-Time,268,1,1,1,3,71.4
13186.0,1575.89,3,820,2011-08-03 09:09:00,2011-10-31 11:40:00,525.2966666666667,89,0.033707865168539325,"£1,001–£2,500",Repeat,40,3,3,4,10,1575.89
13187.0,236.02,1,95,2011-01-06 18:57:00,2011-01-06 18:57:00,236.02,1,1.0,£0–£500,One-Time,337,1,1,1,3,236.02
13188.0,114.60000000000001,1,25,2011-11-28 15:28:00,2011-11-28 15:28:00,114.60000000000001,1,1.0,£0–£500,One-Time,11,5,1,1,7,114.60000000000001
13189.0,260.68,2,842,2011-08-16 13:12:00,2011-11-21 10:39:00,130.34,96,0.020833333333333332,£0–£500,Repeat,19,4,2,2,8,260.68
13192.0,911.94,2,595,2011-05-18 14:57:00,2011-09-05 14:13:00,455.97,109,0.01834862385321101,"£501–£1,000",Repeat,95,2,2,3,7,911.94
13193.0,112.08,1,46,2011-10-09 14:30:00,2011-10-09 14:30:00,112.08,1,1.0,£0–£500,One-Time,61,3,1,1,5,112.08
13194.0,60.7,1,26,2011-07-27 09:01:00,2011-07-27 09:01:00,60.7,1,1.0,£0–£500,One-Time,136,2,1,1,4,60.7
13196.0,1797.78,4,1224,2011-03-22 14:24:00,2011-11-28 13:54:00,449.445,250,0.016,"£1,001–£2,500",Repeat,11,5,4,4,13,1797.78
13198.0,3401.2400000000002,6,2648,2010-12-13 09:29:00,2011-11-29 15:17:00,566.8733333333333,351,0.017094017094017096,"£2,501–£5,000",Repeat,10,5,5,5,15,3401.2400000000002
13199.0,9817.12,38,6176,2010-12-08 10:51:00,2011-12-06 12:30:00,258.34526315789475,363,0.1046831955922865,"£5,001–£10,000",Repeat,4,5,5,5,15,9817.12
13200.0,870.09,4,516,2011-08-05 14:50:00,2011-11-20 15:35:00,217.5225,107,0.037383177570093455,"£501–£1,000",Repeat,19,4,4,3,11,870.0899999999999
13203.0,869.46,4,800,2011-04-11 14:40:00,2011-11-30 10:45:00,217.365,232,0.017241379310344827,"£501–£1,000",Repeat,10,5,4,3,12,869.46
13207.0,250.26000000000002,2,130,2011-07-12 11:35:00,2011-11-24 14:52:00,125.13000000000001,135,0.014814814814814815,£0–£500,Repeat,15,4,2,2,8,250.26000000000002
13208.0,1217.65,6,803,2011-02-03 19:32:00,2011-10-12 09:54:00,202.9416666666667,250,0.024,"£1,001–£2,500",Repeat,59,3,5,4,12,1217.65
13209.0,5891.61,8,4253,2010-12-13 10:31:00,2011-11-09 13:54:00,736.45125,331,0.02416918429003021,"£5,001–£10,000",Repeat,30,4,5,5,14,5891.61
13210.0,353.48,1,316,2011-09-07 08:18:00,2011-09-07 08:18:00,353.48,1,1.0,£0–£500,One-Time,94,2,1,2,5,353.48
13211.0,1095.42,3,834,2010-12-13 16:17:00,2011-11-29 14:43:00,365.14000000000004,350,0.008571428571428572,"£1,001–£2,500",Repeat,10,5,3,4,12,1095.4200000000003
13212.0,786.83,3,309,2011-10-09 14:48:00,2011-11-20 12:40:00,262.2766666666667,41,0.07317073170731707,"£501–£1,000",Repeat,20,4,3,3,10,786.83
13213.0,1520.58,5,1360,2011-05-24 12:22:00,2011-10-14 11:42:00,304.116,142,0.035211267605633804,"£1,001–£2,500",Repeat,57,3,4,4,11,1520.5800000000002
13216.0,333.74,1,297,2011-03-17 12:18:00,2011-03-17 12:18:00,333.74,1,1.0,£0–£500,One-Time,268,1,1,2,4,333.74
13217.0,533.98,3,262,2011-07-06 12:08:00,2011-08-09 15:32:00,177.99333333333334,34,0.08823529411764706,"£501–£1,000",Repeat,122,2,3,3,8,533.98
13218.0,62.63999999999999,1,88,2011-08-04 16:59:00,2011-08-04 16:59:00,62.63999999999999,1,1.0,£0–£500,One-Time,127,2,1,1,4,62.63999999999999
13220.0,819.2900000000001,4,196,2011-04-17 10:59:00,2011-09-22 13:38:00,204.82250000000002,158,0.02531645569620253,"£501–£1,000",Repeat,78,2,4,3,9,819.2900000000001
13221.0,847.41,2,244,2010-12-15 13:24:00,2011-04-13 16:58:00,423.705,119,0.01680672268907563,"£501–£1,000",Repeat,240,1,2,3,6,847.41
13223.0,163.20000000000002,2,88,2011-04-21 15:16:00,2011-05-23 13:03:00,81.60000000000001,31,0.06451612903225806,£0–£500,Repeat,200,1,2,1,4,163.20000000000002
13224.0,2155.95,2,1518,2011-07-11 14:10:00,2011-10-10 14:55:00,1077.975,91,0.02197802197802198,"£1,001–£2,500",Repeat,60,3,2,5,10,2155.95
13225.0,6463.84,7,3416,2010-12-13 09:49:00,2011-12-06 13:29:00,923.4057142857143,358,0.019553072625698324,"£5,001–£10,000",Repeat,3,5,5,5,15,6463.84
13226.0,108.21000000000001,1,80,2011-03-11 14:35:00,2011-03-11 14:35:00,108.21000000000001,1,1.0,£0–£500,One-Time,273,1,1,1,3,108.21000000000001
13227.0,257.7,1,99,2011-05-22 11:47:00,2011-05-22 11:47:00,257.7,1,1.0,£0–£500,One-Time,202,1,1,2,4,257.7
13228.0,358.0,1,200,2011-09-19 14:28:00,2011-09-19 14:28:00,358.0,1,1.0,£0–£500,One-Time,81,2,1,2,5,358.0
13229.0,160.95,1,63,2011-04-28 12:07:00,2011-04-28 12:07:00,160.95,1,1.0,£0–£500,One-Time,226,1,1,1,3,160.95
13230.0,2755.63,14,1638,2010-12-09 19:28:00,2011-12-05 16:03:00,196.8307142857143,360,0.03888888888888889,"£2,501–£5,000",Repeat,4,5,5,5,15,2755.63
13232.0,1328.35,7,773,2011-04-10 13:48:00,2011-11-27 10:39:00,189.7642857142857,230,0.030434782608695653,"£1,001–£2,500",Repeat,13,5,5,4,14,1328.3500000000001
13233.0,605.12,2,1004,2011-01-07 14:49:00,2011-09-26 13:25:00,302.56,261,0.007662835249042145,"£501–£1,000",Repeat,74,2,2,3,7,605.1199999999999
13235.0,1031.07,1,441,2011-05-11 17:13:00,2011-05-11 17:13:00,1031.07,1,1.0,"£1,001–£2,500",One-Time,212,1,1,4,6,1031.07
13236.0,744.85,2,416,2011-08-25 08:58:00,2011-11-15 12:50:00,372.425,82,0.024390243902439025,"£501–£1,000",Repeat,25,4,2,3,9,744.85
13238.0,700.73,4,298,2010-12-14 14:37:00,2011-11-22 15:37:00,175.1825,343,0.011661807580174927,"£501–£1,000",Repeat,17,4,4,3,11,700.7299999999999
13239.0,329.56,1,327,2011-03-23 10:25:00,2011-03-23 10:25:00,329.56,1,1.0,£0–£500,One-Time,262,1,1,2,4,329.56
13240.0,663.65,4,298,2010-12-09 12:49:00,2011-09-04 14:08:00,165.9125,269,0.01486988847583643,"£501–£1,000",Repeat,96,2,4,3,9,663.6499999999999
13242.0,270.40000000000003,3,130,2011-05-10 12:26:00,2011-08-19 12:53:00,90.13333333333334,101,0.0297029702970297,£0–£500,Repeat,112,2,3,2,7,270.40000000000003
13243.0,585.12,1,232,2011-05-20 13:14:00,2011-05-20 13:14:00,585.12,1,1.0,"£501–£1,000",One-Time,203,1,1,3,5,585.12
13244.0,121.74000000000001,1,38,2011-09-08 11:46:00,2011-09-08 11:46:00,121.74000000000001,1,1.0,£0–£500,One-Time,93,2,1,1,4,121.74000000000001
13245.0,430.5,1,125,2011-10-20 11:40:00,2011-10-20 11:40:00,430.5,1,1.0,£0–£500,One-Time,51,3,1,2,6,430.5
13246.0,1961.52,6,1587,2011-01-13 13:36:00,2011-11-21 16:50:00,326.92,312,0.019230769230769232,"£1,001–£2,500",Repeat,18,4,5,4,13,1961.5200000000002
13247.0,501.12,4,328,2011-09-18 11:31:00,2011-11-22 10:59:00,125.28,64,0.0625,"£501–£1,000",Repeat,18,4,4,3,11,501.12
13248.0,465.68,2,305,2011-06-03 13:05:00,2011-08-07 12:40:00,232.84,64,0.03125,£0–£500,Repeat,125,2,2,2,6,465.68
13249.0,711.41,3,546,2011-03-23 15:26:00,2011-09-08 13:26:00,237.13666666666666,168,0.017857142857142856,"£501–£1,000",Repeat,92,2,3,3,8,711.41
13253.0,1030.4,2,1572,2011-01-04 15:43:00,2011-07-06 10:09:00,515.2,182,0.01098901098901099,"£1,001–£2,500",Repeat,157,2,2,4,8,1030.4000000000003
13255.0,399.51,2,177,2010-12-01 11:58:00,2011-11-30 13:14:00,199.755,364,0.005494505494505495,£0–£500,Repeat,9,5,2,2,9,399.51
13258.0,672.83,3,282,2011-05-18 13:11:00,2011-11-28 09:31:00,224.27666666666667,193,0.015544041450777202,"£501–£1,000",Repeat,12,5,3,3,11,672.8299999999999
13259.0,283.18,1,126,2011-10-09 10:48:00,2011-10-09 10:48:00,283.18,1,1.0,£0–£500,One-Time,62,3,1,2,6,283.18
13260.0,557.62,1,142,2011-10-09 13:21:00,2011-10-09 13:21:00,557.62,1,1.0,"£501–£1,000",One-Time,61,3,1,3,7,557.62
13261.0,944.1,2,210,2011-02-27 10:41:00,2011-03-16 12:22:00,472.05,17,0.11764705882352941,"£501–£1,000",Repeat,269,1,2,4,7,944.1
13262.0,200.29,1,125,2011-03-21 15:06:00,2011-03-21 15:06:00,200.29,1,1.0,£0–£500,One-Time,263,1,1,1,3,200.29
13263.0,7436.93,35,4768,2011-01-18 16:31:00,2011-12-08 13:59:00,212.48371428571429,323,0.10835913312693499,"£5,001–£10,000",Repeat,1,5,5,5,15,7436.929999999999
13265.0,2092.66,5,1740,2011-03-11 09:54:00,2011-10-17 15:02:00,418.532,220,0.022727272727272728,"£1,001–£2,500",Repeat,53,3,4,5,12,2092.6600000000003
13266.0,3834.2599999999998,12,4428,2011-03-28 10:14:00,2011-11-28 14:39:00,319.52166666666665,245,0.04897959183673469,"£2,501–£5,000",Repeat,11,5,5,5,15,3834.2599999999998
13267.0,4521.49,19,1969,2010-12-08 09:20:00,2011-12-07 11:12:00,237.97315789473683,364,0.0521978021978022,"£2,501–£5,000",Repeat,3,5,5,5,15,4521.49
13268.0,3174.75,11,3624,2011-03-17 13:20:00,2011-11-22 11:51:00,288.6136363636364,249,0.04417670682730924,"£2,501–£5,000",Repeat,18,4,5,5,14,3174.75
13269.0,5343.28,15,3513,2010-12-05 11:51:00,2011-12-08 14:53:00,356.21866666666665,368,0.04076086956521739,"£5,001–£10,000",Repeat,1,5,5,5,15,5343.28
13270.0,590.0,1,200,2010-12-08 14:53:00,2010-12-08 14:53:00,590.0,1,1.0,"£501–£1,000",One-Time,366,1,1,3,5,590.0
13271.0,211.49,1,240,2011-11-02 14:31:00,2011-11-02 14:31:00,211.49,1,1.0,£0–£500,One-Time,37,3,1,1,5,211.49
13272.0,276.56,2,96,2011-09-11 12:06:00,2011-11-08 14:00:00,138.28,58,0.034482758620689655,£0–£500,Repeat,31,4,2,2,8,276.56
13273.0,138.98,1,153,2011-08-18 14:02:00,2011-08-18 14:02:00,138.98,1,1.0,£0–£500,One-Time,113,2,1,1,4,138.98
13276.0,590.9300000000001,2,161,2011-09-01 10:03:00,2011-10-07 12:44:00,295.46500000000003,36,0.05555555555555555,"£501–£1,000",Repeat,64,3,2,3,8,590.9300000000001
13277.0,258.4,4,176,2011-07-29 10:06:00,2011-11-24 09:21:00,64.6,117,0.03418803418803419,£0–£500,Repeat,16,4,4,2,10,258.40000000000003
13278.0,542.73,1,537,2011-10-30 11:49:00,2011-10-30 11:49:00,542.73,1,1.0,"£501–£1,000",One-Time,41,3,1,3,7,542.73
13279.0,137.75,1,73,2011-09-22 17:24:00,2011-09-22 17:24:00,137.75,1,1.0,£0–£500,One-Time,78,2,1,1,4,137.75
13280.0,798.46,3,518,2011-01-06 17:10:00,2011-08-09 13:14:00,266.15333333333336,214,0.014018691588785047,"£501–£1,000",Repeat,122,2,3,3,8,798.4600000000002
13282.0,1132.14,3,307,2011-05-03 12:03:00,2011-11-21 15:33:00,377.38000000000005,202,0.01485148514851485,"£1,001–£2,500",Repeat,18,4,3,4,11,1132.14
13283.0,93.66,2,90,2011-06-07 12:39:00,2011-10-11 09:50:00,46.83,125,0.016,£0–£500,Repeat,60,3,2,1,6,93.66
13284.0,201.19,1,91,2011-01-13 09:23:00,2011-01-13 09:23:00,201.19,1,1.0,£0–£500,One-Time,331,1,1,1,3,201.19
13285.0,2709.12,4,2051,2011-02-22 17:13:00,2011-11-16 13:19:00,677.28,266,0.015037593984962405,"£2,501–£5,000",Repeat,23,4,4,5,13,2709.12
13291.0,361.11,1,233,2011-07-07 10:36:00,2011-07-07 10:36:00,361.11,1,1.0,£0–£500,One-Time,156,2,1,2,5,361.11
13292.0,578.9399999999999,2,347,2011-02-28 15:00:00,2011-11-01 10:04:00,289.46999999999997,245,0.00816326530612245,"£501–£1,000",Repeat,39,3,2,3,8,578.9399999999999
13294.0,873.74,2,453,2011-04-04 12:37:00,2011-06-03 08:54:00,436.87,59,0.03389830508474576,"£501–£1,000",Repeat,190,1,2,3,6,873.74
13295.0,201.20000000000002,1,82,2010-12-15 11:21:00,2010-12-15 11:21:00,201.20000000000002,1,1.0,£0–£500,One-Time,360,1,1,1,3,201.20000000000002
13296.0,87.4,1,78,2011-07-25 13:46:00,2011-07-25 13:46:00,87.4,1,1.0,£0–£500,One-Time,137,2,1,1,4,87.4
13297.0,2089.85,4,963,2011-10-03 15:08:00,2011-12-02 09:32:00,522.4625,59,0.06779661016949153,"£1,001–£2,500",Repeat,8,5,4,5,14,2089.85
13298.0,360.0,1,96,2011-12-08 13:11:00,2011-12-08 13:11:00,360.0,1,1.0,£0–£500,One-Time,1,5,1,2,8,360.0
13299.0,142.5,1,30,2011-03-16 12:55:00,2011-03-16 12:55:00,142.5,1,1.0,£0–£500,One-Time,268,1,1,1,3,142.5
13300.0,371.89,1,203,2011-06-23 13:09:00,2011-06-23 13:09:00,371.89,1,1.0,£0–£500,One-Time,169,2,1,2,5,371.89
13301.0,618.09,4,345,2011-02-20 13:13:00,2011-08-28 11:25:00,154.5225,188,0.02127659574468085,"£501–£1,000",Repeat,104,2,4,3,9,618.09
13302.0,63.75,1,5,2011-07-07 17:56:00,2011-07-07 17:56:00,63.75,1,1.0,£0–£500,One-Time,155,2,1,1,4,63.75
13304.0,300.42,1,238,2010-12-23 14:35:00,2010-12-23 14:35:00,300.42,1,1.0,£0–£500,One-Time,351,1,1,2,4,300.42
13305.0,2000.86,10,1232,2010-12-02 12:10:00,2011-12-05 15:15:00,200.08599999999998,368,0.02717391304347826,"£1,001–£2,500",Repeat,4,5,5,4,14,2000.86
13307.0,15.0,1,4,2011-08-11 17:14:00,2011-08-11 17:14:00,15.0,1,1.0,£0–£500,One-Time,120,2,1,1,4,15.0
13308.0,1385.51,3,843,2011-05-20 13:13:00,2011-11-17 09:31:00,461.83666666666664,180,0.016666666666666666,"£1,001–£2,500",Repeat,23,4,3,4,11,1385.5099999999998
13309.0,1456.79,5,1544,2011-02-04 12:29:00,2011-12-02 16:34:00,291.358,301,0.016611295681063124,"£1,001–£2,500",Repeat,7,5,4,4,13,1456.79
13310.0,1132.03,3,587,2011-01-19 14:50:00,2011-11-11 17:23:00,377.3433333333333,296,0.010135135135135136,"£1,001–£2,500",Repeat,28,4,3,4,11,1132.03
13311.0,598.57,2,305,2011-07-12 14:26:00,2011-12-05 12:55:00,299.285,145,0.013793103448275862,"£501–£1,000",Repeat,4,5,2,3,10,598.57
13313.0,1555.32,5,851,2011-01-04 10:00:00,2011-11-17 16:48:00,311.06399999999996,317,0.015772870662460567,"£1,001–£2,500",Repeat,22,4,4,4,12,1555.3199999999997
13314.0,775.94,3,560,2011-09-27 10:20:00,2011-12-08 12:29:00,258.6466666666667,72,0.041666666666666664,"£501–£1,000",Repeat,2,5,3,3,11,775.94
13316.0,5732.93,4,5508,2011-03-30 13:01:00,2011-11-02 13:40:00,1433.2325,217,0.018433179723502304,"£5,001–£10,000",Repeat,37,3,4,5,12,5732.93
13317.0,2273.68,6,1035,2010-12-16 09:22:00,2011-10-04 13:35:00,378.94666666666666,292,0.02054794520547945,"£1,001–£2,500",Repeat,66,3,5,5,13,2273.68
13318.0,640.76,3,304,2011-11-02 13:26:00,2011-12-08 18:51:00,213.58666666666667,36,0.08333333333333333,"£501–£1,000",Repeat,1,5,3,3,11,640.76
13319.0,10845.550000000001,26,4724,2010-12-09 10:04:00,2011-12-04 13:34:00,417.1365384615385,360,0.07222222222222222,"Above £10,000",Repeat,5,5,5,5,15,10845.55
13320.0,1532.2,4,1086,2011-05-10 10:29:00,2011-09-22 18:07:00,383.05,135,0.02962962962962963,"£1,001–£2,500",Repeat,78,2,4,4,10,1532.2
13321.0,567.36,2,372,2011-09-14 15:18:00,2011-09-28 15:24:00,283.68,14,0.14285714285714285,"£501–£1,000",Repeat,72,3,2,3,8,567.36
13322.0,199.48000000000002,1,117,2011-11-22 14:21:00,2011-11-22 14:21:00,199.48000000000002,1,1.0,£0–£500,One-Time,17,4,1,1,6,199.48000000000002
13323.0,787.85,5,175,2011-09-16 13:23:00,2011-12-06 17:12:00,157.57,81,0.06172839506172839,"£501–£1,000",Repeat,3,5,4,3,12,787.8499999999999
13324.0,7121.95,10,5205,2010-12-14 09:50:00,2011-11-03 16:28:00,712.1949999999999,324,0.030864197530864196,"£5,001–£10,000",Repeat,36,3,5,5,13,7121.949999999999
13325.0,675.3,1,240,2011-09-19 10:36:00,2011-09-19 10:36:00,675.3,1,1.0,"£501–£1,000",One-Time,82,2,1,3,6,675.3
13327.0,3627.77,8,1600,2010-12-09 15:32:00,2011-11-01 10:21:00,453.47125,326,0.024539877300613498,"£2,501–£5,000",Repeat,39,3,5,5,13,3627.7700000000004
13328.0,1308.48,1,680,2011-01-27 15:22:00,2011-01-27 15:22:00,1308.48,1,1.0,"£1,001–£2,500",One-Time,316,1,1,4,6,1308.48
13329.0,789.0,2,463,2010-12-08 10:11:00,2011-11-08 10:29:00,394.5,335,0.005970149253731343,"£501–£1,000",Repeat,32,4,2,3,9,789.0
13330.0,1140.93,3,751,2011-01-28 10:08:00,2011-09-08 12:27:00,380.31,223,0.013452914798206279,"£1,001–£2,500",Repeat,93,2,3,4,9,1140.93
13332.0,350.9,1,179,2011-11-25 13:30:00,2011-11-25 13:30:00,350.9,1,1.0,£0–£500,One-Time,14,4,1,2,7,350.9
13334.0,3502.32,3,1764,2011-02-07 11:42:00,2011-09-18 15:21:00,1167.44,223,0.013452914798206279,"£2,501–£5,000",Repeat,82,2,3,5,10,3502.32
13336.0,795.12,1,559,2011-09-23 14:05:00,2011-09-23 14:05:00,795.12,1,1.0,"£501–£1,000",One-Time,77,2,1,3,6,795.12
13338.0,487.02,1,256,2011-07-05 09:06:00,2011-07-05 09:06:00,487.02,1,1.0,£0–£500,One-Time,158,2,1,2,5,487.02
13339.0,860.12,1,326,2011-05-23 08:31:00,2011-05-23 08:31:00,860.12,1,1.0,"£501–£1,000",One-Time,201,1,1,3,5,860.12
13340.0,10736.48,7,5770,2011-03-08 11:39:00,2011-10-25 13:15:00,1533.782857142857,231,0.030303030303030304,"Above £10,000",Repeat,45,3,5,5,13,10736.48
13341.0,775.85,1,301,2011-03-24 09:50:00,2011-03-24 09:50:00,775.85,1,1.0,"£501–£1,000",One-Time,261,1,1,3,5,775.85
13343.0,353.43,1,135,2011-06-15 12:24:00,2011-06-15 12:24:00,353.43,1,1.0,£0–£500,One-Time,178,2,1,2,5,353.43
13344.0,2511.69,3,952,2011-03-07 10:28:00,2011-10-03 09:45:00,837.23,209,0.014354066985645933,"£2,501–£5,000",Repeat,68,3,3,5,11,2511.69
13345.0,389.5,1,141,2011-02-25 09:01:00,2011-02-25 09:01:00,389.5,1,1.0,£0–£500,One-Time,288,1,1,2,4,389.5
13347.0,341.36,1,205,2011-09-30 13:28:00,2011-09-30 13:28:00,341.36,1,1.0,£0–£500,One-Time,70,3,1,2,6,341.36
13348.0,233.76,1,136,2011-10-06 17:28:00,2011-10-06 17:28:00,233.76,1,1.0,£0–£500,One-Time,64,3,1,1,5,233.76
13349.0,247.32,1,225,2011-11-29 08:07:00,2011-11-29 08:07:00,247.32,1,1.0,£0–£500,One-Time,11,5,1,1,7,247.32
13350.0,979.12,2,287,2011-09-21 13:33:00,2011-11-23 16:33:00,489.56,63,0.031746031746031744,"£501–£1,000",Repeat,16,4,2,4,10,979.1199999999999
13351.0,373.94,1,117,2011-10-04 12:55:00,2011-10-04 12:55:00,373.94,1,1.0,£0–£500,One-Time,66,3,1,2,6,373.94
13352.0,397.97999999999996,1,321,2011-10-10 13:55:00,2011-10-10 13:55:00,397.97999999999996,1,1.0,£0–£500,One-Time,60,3,1,2,6,397.97999999999996
13354.0,743.53,1,604,2011-09-29 13:17:00,2011-09-29 13:17:00,743.53,1,1.0,"£501–£1,000",One-Time,71,3,1,3,7,743.53
13355.0,674.7,1,314,2011-08-09 14:48:00,2011-08-09 14:48:00,674.7,1,1.0,"£501–£1,000",One-Time,122,2,1,3,6,674.7
13356.0,768.24,1,325,2011-09-20 14:33:00,2011-09-20 14:33:00,768.24,1,1.0,"£501–£1,000",One-Time,80,2,1,3,6,768.24
13357.0,609.4,1,321,2011-03-27 13:56:00,2011-03-27 13:56:00,609.4,1,1.0,"£501–£1,000",One-Time,257,1,1,3,5,609.4
13358.0,439.03,1,285,2011-03-16 11:52:00,2011-03-16 11:52:00,439.03,1,1.0,£0–£500,One-Time,269,1,1,2,4,439.03
13359.0,439.56,1,161,2011-10-07 09:30:00,2011-10-07 09:30:00,439.56,1,1.0,£0–£500,One-Time,64,3,1,2,6,439.56
13362.0,3090.7400000000002,4,1382,2011-02-25 11:33:00,2011-11-30 14:41:00,772.6850000000001,278,0.014388489208633094,"£2,501–£5,000",Repeat,9,5,4,5,14,3090.7400000000007
13363.0,992.5,2,710,2011-10-27 10:46:00,2011-11-22 12:40:00,496.25,26,0.07692307692307693,"£501–£1,000",Repeat,18,4,2,4,10,992.5000000000001
13364.0,134.95999999999998,1,71,2011-09-29 18:13:00,2011-09-29 18:13:00,134.95999999999998,1,1.0,£0–£500,One-Time,71,3,1,1,5,134.95999999999998
13365.0,2225.37,2,1247,2011-05-06 12:00:00,2011-11-06 12:36:00,1112.685,184,0.010869565217391304,"£1,001–£2,500",Repeat,34,3,2,5,10,2225.37
13366.0,56.160000000000004,1,144,2011-10-20 13:37:00,2011-10-20 13:37:00,56.160000000000004,1,1.0,£0–£500,One-Time,50,3,1,1,5,56.160000000000004
13368.0,623.4,2,327,2011-01-06 12:32:00,2011-03-28 09:59:00,311.7,80,0.025,"£501–£1,000",Repeat,257,1,2,3,6,623.4000000000001
13369.0,308.28000000000003,1,149,2010-12-09 11:30:00,2010-12-09 11:30:00,308.28000000000003,1,1.0,£0–£500,One-Time,366,1,1,2,4,308.28000000000003
13370.0,754.87,1,343,2010-12-03 10:26:00,2010-12-03 10:26:00,754.87,1,1.0,"£501–£1,000",One-Time,372,1,1,3,5,754.87
13372.0,378.64,1,159,2011-09-11 12:46:00,2011-09-11 12:46:00,378.64,1,1.0,£0–£500,One-Time,90,2,1,2,5,378.64
13373.0,3312.25,3,1651,2011-03-08 14:35:00,2011-10-10 10:51:00,1104.0833333333333,215,0.013953488372093023,"£2,501–£5,000",Repeat,61,3,3,5,11,3312.25
13375.0,778.65,1,442,2011-09-12 10:19:00,2011-09-12 10:19:00,778.65,1,1.0,"£501–£1,000",One-Time,89,2,1,3,6,778.65
13376.0,1019.76,3,493,2011-04-19 13:03:00,2011-09-01 16:16:00,339.92,135,0.022222222222222223,"£1,001–£2,500",Repeat,99,2,3,4,9,1019.7600000000001
13379.0,572.56,3,601,2011-07-26 12:26:00,2011-11-13 13:45:00,190.85333333333332,110,0.02727272727272727,"£501–£1,000",Repeat,26,4,3,3,10,572.56
13381.0,3639.31,6,2029,2011-02-14 10:10:00,2011-11-08 11:58:00,606.5516666666666,267,0.02247191011235955,"£2,501–£5,000",Repeat,32,4,5,5,14,3639.31
13382.0,222.99,1,131,2011-03-04 10:03:00,2011-03-04 10:03:00,222.99,1,1.0,£0–£500,One-Time,281,1,1,1,3,222.99
13384.0,4151.93,7,2422,2011-06-14 12:47:00,2011-11-09 11:04:00,593.1328571428572,147,0.047619047619047616,"£2,501–£5,000",Repeat,31,4,5,5,14,4151.93
13385.0,534.57,1,281,2011-01-14 09:52:00,2011-01-14 09:52:00,534.57,1,1.0,"£501–£1,000",One-Time,330,1,1,3,5,534.57
13388.0,677.1,2,282,2011-07-31 12:52:00,2011-07-31 12:52:00,338.55,1,2.0,"£501–£1,000",Repeat,131,2,2,3,7,677.1
13389.0,797.96,3,429,2011-04-21 12:12:00,2011-11-28 14:01:00,265.9866666666667,221,0.013574660633484163,"£501–£1,000",Repeat,11,5,3,3,11,797.96
13390.0,544.08,1,224,2011-09-26 08:38:00,2011-09-26 08:38:00,544.08,1,1.0,"£501–£1,000",One-Time,75,2,1,3,6,544.08
13391.0,59.8,1,4,2011-05-20 10:50:00,2011-05-20 10:50:00,59.8,1,1.0,£0–£500,One-Time,204,1,1,1,3,59.8
13394.0,2520.02,8,2392,2011-02-03 10:39:00,2011-12-08 11:36:00,315.0025,308,0.025974025974025976,"£2,501–£5,000",Repeat,2,5,5,5,15,2520.02
13395.0,307.72,1,336,2011-06-07 15:04:00,2011-06-07 15:04:00,307.72,1,1.0,£0–£500,One-Time,185,1,1,2,4,307.72
13396.0,1360.99,2,600,2011-01-24 13:37:00,2011-11-10 16:59:00,680.495,290,0.006896551724137931,"£1,001–£2,500",Repeat,29,4,2,4,10,1360.99
13397.0,1544.13,5,430,2011-01-04 13:50:00,2011-09-28 10:56:00,308.826,266,0.018796992481203006,"£1,001–£2,500",Repeat,73,2,4,4,10,1544.1299999999999
13398.0,457.34,1,281,2011-05-31 13:17:00,2011-05-31 13:17:00,457.34,1,1.0,£0–£500,One-Time,192,1,1,2,4,457.34
13402.0,621.23,2,479,2010-12-02 17:12:00,2011-08-04 15:51:00,310.615,244,0.00819672131147541,"£501–£1,000",Repeat,127,2,2,3,7,621.23
13403.0,75.0,1,44,2011-11-22 08:28:00,2011-11-22 08:28:00,75.0,1,1.0,£0–£500,One-Time,18,4,1,1,6,75.0
13404.0,252.49,2,111,2011-05-11 11:57:00,2011-12-08 15:37:00,126.245,211,0.009478672985781991,£0–£500,Repeat,1,5,2,2,9,252.49000000000004
13405.0,572.451,3,165,2011-01-26 09:27:00,2011-09-26 17:01:00,190.817,243,0.012345679012345678,"£501–£1,000",Repeat,74,2,3,3,8,572.451
13408.0,28117.04,62,16232,2010-12-01 10:39:00,2011-12-08 09:05:00,453.5006451612903,371,0.16711590296495957,"Above £10,000",Repeat,2,5,5,5,15,28117.039999999997
13410.0,1003.06,5,518,2011-02-21 14:38:00,2011-11-15 15:33:00,200.612,267,0.018726591760299626,"£1,001–£2,500",Repeat,24,4,4,4,12,1003.0600000000001
13411.0,213.55,1,72,2011-08-24 13:57:00,2011-08-24 13:57:00,213.55,1,1.0,£0–£500,One-Time,107,2,1,1,4,213.55
13414.0,1390.5,3,1574,2011-02-16 12:13:00,2011-07-29 11:45:00,463.5,162,0.018518518518518517,"£1,001–£2,500",Repeat,134,2,3,4,9,1390.4999999999998
13416.0,712.5,2,142,2011-09-19 14:43:00,2011-10-27 08:56:00,356.25,37,0.05405405405405406,"£501–£1,000",Repeat,44,3,2,3,8,712.5
13417.0,640.83,2,162,2011-05-18 16:26:00,2011-12-05 08:49:00,320.415,200,0.01,"£501–£1,000",Repeat,5,5,2,3,10,640.83
13418.0,6127.43,18,3918,2010-12-02 10:45:00,2011-11-28 10:23:00,340.4127777777778,360,0.05,"£5,001–£10,000",Repeat,12,5,5,5,15,6127.430000000001
13419.0,221.06,1,275,2011-10-07 12:49:00,2011-10-07 12:49:00,221.06,1,1.0,£0–£500,One-Time,64,3,1,1,5,221.06
13420.0,159.85,2,101,2011-06-22 11:35:00,2011-07-13 08:48:00,79.925,20,0.1,£0–£500,Repeat,150,2,2,1,5,159.85
13421.0,1833.71,2,1128,2011-02-22 15:46:00,2011-10-30 14:21:00,916.855,249,0.008032128514056224,"£1,001–£2,500",Repeat,40,3,2,4,9,1833.7099999999998
13422.0,2626.3,1,1326,2011-10-06 13:42:00,2011-10-06 13:42:00,2626.3,1,1.0,"£2,501–£5,000",One-Time,64,3,1,5,9,2626.3
13425.0,1624.21,3,1123,2011-02-18 08:34:00,2011-08-23 17:13:00,541.4033333333333,186,0.016129032258064516,"£1,001–£2,500",Repeat,108,2,3,4,9,1624.21
13426.0,3641.32,10,2245,2010-12-15 12:43:00,2011-12-09 08:59:00,364.132,358,0.027932960893854747,"£2,501–£5,000",Repeat,1,5,5,5,15,3641.3199999999997
13427.0,582.6,3,545,2011-05-08 15:58:00,2011-11-20 13:02:00,194.20000000000002,195,0.015384615384615385,"£501–£1,000",Repeat,19,4,3,3,10,582.6
13428.0,201.78,1,151,2011-11-29 14:20:00,2011-11-29 14:20:00,201.78,1,1.0,£0–£500,One-Time,10,5,1,1,7,201.78
13429.0,1006.8,4,1390,2011-09-25 15:59:00,2011-11-29 09:10:00,251.7,64,0.0625,"£1,001–£2,500",Repeat,11,5,4,4,13,1006.8
13430.0,679.45,2,751,2011-09-14 14:26:00,2011-11-21 08:19:00,339.725,67,0.029850746268656716,"£501–£1,000",Repeat,19,4,2,3,9,679.45
13431.0,1269.1,2,672,2011-09-12 11:25:00,2011-10-03 13:49:00,634.55,21,0.09523809523809523,"£1,001–£2,500",Repeat,67,3,2,4,9,1269.0999999999997
13434.0,534.24,2,300,2011-09-04 10:35:00,2011-09-26 14:30:00,267.12,22,0.09090909090909091,"£501–£1,000",Repeat,74,2,2,3,7,534.24
13435.0,3809.8900000000003,7,2129,2011-06-03 17:07:00,2011-12-04 14:45:00,544.2700000000001,183,0.03825136612021858,"£2,501–£5,000",Repeat,5,5,5,5,15,3809.890000000001
13436.0,196.89,1,76,2011-12-08 10:33:00,2011-12-08 10:33:00,196.89,1,1.0,£0–£500,One-Time,2,5,1,1,7,196.89
13437.0,3408.06,7,1283,2011-06-02 14:30:00,2011-11-25 14:00:00,486.86571428571426,175,0.04,"£2,501–£5,000",Repeat,14,4,5,5,14,3408.06
13439.0,283.71,1,242,2011-03-29 14:20:00,2011-03-29 14:20:00,283.71,1,1.0,£0–£500,One-Time,255,1,1,2,4,283.71
13441.0,296.64,1,204,2011-09-09 09:38:00,2011-09-09 09:38:00,296.64,1,1.0,£0–£500,One-Time,92,2,1,2,5,296.64
13447.0,1129.14,3,584,2011-11-04 10:10:00,2011-11-16 13:38:00,376.38000000000005,12,0.25,"£1,001–£2,500",Repeat,23,4,3,4,11,1129.14
13448.0,3534.69,6,1648,2010-12-01 10:52:00,2011-11-23 12:33:00,589.115,357,0.01680672268907563,"£2,501–£5,000",Repeat,17,4,5,5,14,3534.6899999999996
13449.0,291.88,1,222,2011-11-16 08:28:00,2011-11-16 08:28:00,291.88,1,1.0,£0–£500,One-Time,24,4,1,2,7,291.88
13450.0,2043.7199999999998,6,1982,2011-05-05 19:48:00,2011-11-13 11:54:00,340.61999999999995,191,0.031413612565445025,"£1,001–£2,500",Repeat,27,4,5,4,13,2043.7199999999996
13451.0,2898.2599999999998,5,2128,2011-01-09 15:35:00,2011-11-13 15:58:00,579.6519999999999,308,0.016233766233766232,"£2,501–£5,000",Repeat,26,4,4,5,13,2898.2599999999993
13452.0,590.0,2,2,2011-03-14 11:38:00,2011-03-25 14:19:00,295.0,11,0.18181818181818182,"£501–£1,000",Repeat,259,1,2,3,6,590.0
13453.0,356.97999999999996,2,134,2011-02-23 09:44:00,2011-06-27 09:34:00,178.48999999999998,123,0.016260162601626018,£0–£500,Repeat,166,2,2,2,6,356.98
13455.0,1058.34,2,354,2010-12-08 13:11:00,2011-11-15 11:21:00,529.17,341,0.005865102639296188,"£1,001–£2,500",Repeat,25,4,2,4,10,1058.34
13456.0,1766.72,6,765,2011-05-16 15:34:00,2011-11-22 09:18:00,294.4533333333333,189,0.031746031746031744,"£1,001–£2,500",Repeat,18,4,5,4,13,1766.72
13458.0,9646.57,14,5508,2010-12-15 12:05:00,2011-12-02 15:29:00,689.0407142857142,352,0.03977272727272727,"£5,001–£10,000",Repeat,7,5,5,5,15,9646.57
13460.0,183.44,2,286,2011-10-21 09:50:00,2011-11-10 17:17:00,91.72,20,0.1,£0–£500,Repeat,29,4,2,1,7,183.44
13461.0,1445.0,3,1170,2011-06-29 10:23:00,2011-11-01 09:01:00,481.6666666666667,124,0.024193548387096774,"£1,001–£2,500",Repeat,39,3,3,4,10,1445.0000000000002
13462.0,151.5,1,62,2011-04-01 11:20:00,2011-04-01 11:20:00,151.5,1,1.0,£0–£500,One-Time,253,1,1,1,3,151.5
13464.0,674.68,1,403,2011-10-12 15:01:00,2011-10-12 15:01:00,674.68,1,1.0,"£501–£1,000",One-Time,58,3,1,3,7,674.68
13466.0,307.9,1,259,2011-06-08 16:39:00,2011-06-08 16:39:00,307.9,1,1.0,£0–£500,One-Time,184,1,1,2,4,307.9
13467.0,1071.91,2,580,2011-11-03 16:56:00,2011-11-29 10:01:00,535.955,25,0.08,"£1,001–£2,500",Repeat,11,5,2,4,11,1071.91
13468.0,5704.97,37,2589,2010-12-01 15:08:00,2011-12-08 10:39:00,154.1883783783784,371,0.09973045822102426,"£5,001–£10,000",Repeat,2,5,5,5,15,5704.970000000001
13470.0,165.0,2,100,2011-08-16 17:06:00,2011-09-01 14:57:00,82.5,15,0.13333333333333333,£0–£500,Repeat,99,2,2,1,5,165.0
13471.0,2501.84,4,1583,2011-10-23 13:10:00,2011-12-08 15:44:00,625.46,46,0.08695652173913043,"£2,501–£5,000",Repeat,1,5,4,5,14,2501.84
13473.0,422.64,2,266,2011-01-11 08:45:00,2011-10-10 11:20:00,211.32,272,0.007352941176470588,£0–£500,Repeat,61,3,2,2,7,422.64
13474.0,226.84,1,129,2011-04-17 13:53:00,2011-04-17 13:53:00,226.84,1,1.0,£0–£500,One-Time,236,1,1,1,3,226.84
13475.0,1431.78,4,1012,2011-02-14 12:36:00,2011-06-01 13:52:00,357.945,107,0.037383177570093455,"£1,001–£2,500",Repeat,191,1,4,4,9,1431.78
13476.0,1238.47,2,417,2011-03-03 14:43:00,2011-06-14 12:00:00,619.235,102,0.0196078431372549,"£1,001–£2,500",Repeat,179,2,2,4,8,1238.47
13477.0,1454.58,6,1021,2011-02-21 12:29:00,2011-11-02 12:04:00,242.42999999999998,253,0.023715415019762844,"£1,001–£2,500",Repeat,38,3,5,4,12,1454.5799999999997
13479.0,300.95,2,134,2011-04-19 11:27:00,2011-05-23 10:45:00,150.475,33,0.06060606060606061,£0–£500,Repeat,201,1,2,2,5,300.95
13481.0,1804.56,5,1142,2011-03-28 09:07:00,2011-10-25 09:07:00,360.912,211,0.023696682464454975,"£1,001–£2,500",Repeat,46,3,4,4,11,1804.56
13482.0,184.64,1,116,2011-04-21 17:03:00,2011-04-21 17:03:00,184.64,1,1.0,£0–£500,One-Time,232,1,1,1,3,184.64
13483.0,140.34,1,160,2011-10-05 11:53:00,2011-10-05 11:53:00,140.34,1,1.0,£0–£500,One-Time,66,3,1,1,5,140.34
13484.0,313.8,1,44,2011-04-12 16:30:00,2011-04-12 16:30:00,313.8,1,1.0,£0–£500,One-Time,241,1,1,2,4,313.8
13485.0,454.24,1,277,2011-04-20 13:58:00,2011-04-20 13:58:00,454.24,1,1.0,£0–£500,One-Time,233,1,1,2,4,454.24
13486.0,1122.41,3,669,2011-07-07 17:19:00,2011-09-22 13:13:00,374.1366666666667,76,0.039473684210526314,"£1,001–£2,500",Repeat,78,2,3,4,9,1122.41
13487.0,575.4,3,265,2010-12-21 14:54:00,2011-10-13 12:07:00,191.79999999999998,295,0.010169491525423728,"£501–£1,000",Repeat,58,3,3,3,9,575.3999999999999
13488.0,8968.31,13,4518,2010-12-07 13:01:00,2011-11-22 14:41:00,689.87,350,0.037142857142857144,"£5,001–£10,000",Repeat,17,4,5,5,14,8968.31
13489.0,449.52,4,560,2011-02-18 10:42:00,2011-08-26 13:16:00,112.38,189,0.021164021164021163,£0–£500,Repeat,105,2,4,2,8,449.52
13491.0,1215.82,10,903,2010-12-02 14:30:00,2011-10-19 08:32:00,121.582,320,0.03125,"£1,001–£2,500",Repeat,52,3,5,4,12,1215.82
13492.0,1269.84,3,408,2011-05-09 10:06:00,2011-07-26 14:25:00,423.28,78,0.038461538461538464,"£1,001–£2,500",Repeat,136,2,3,4,9,1269.8400000000001
13493.0,618.63,2,380,2011-02-25 16:42:00,2011-03-09 15:35:00,309.315,11,0.18181818181818182,"£501–£1,000",Repeat,275,1,2,3,6,618.63
13494.0,316.26000000000005,1,162,2011-02-01 11:58:00,2011-02-01 11:58:00,316.26000000000005,1,1.0,£0–£500,One-Time,312,1,1,2,4,316.26000000000005
13495.0,2044.8700000000001,5,829,2010-12-06 15:14:00,2011-12-02 11:21:00,408.97400000000005,360,0.013888888888888888,"£1,001–£2,500",Repeat,8,5,4,4,13,2044.8700000000001
13496.0,653.33,2,341,2010-12-15 10:17:00,2011-11-29 10:58:00,326.665,349,0.0057306590257879654,"£501–£1,000",Repeat,11,5,2,3,10,653.33
13497.0,348.05,2,163,2010-12-06 11:37:00,2011-03-02 09:04:00,174.025,85,0.023529411764705882,£0–£500,Repeat,283,1,2,2,5,348.05
13499.0,1159.11,5,1365,2011-03-15 08:52:00,2011-11-22 11:21:00,231.82199999999997,252,0.01984126984126984,"£1,001–£2,500",Repeat,18,4,4,4,12,1159.11
13500.0,1166.77,3,609,2011-08-09 12:20:00,2011-11-16 15:35:00,388.92333333333335,99,0.030303030303030304,"£1,001–£2,500",Repeat,23,4,3,4,11,1166.77
13501.0,1340.32,1,560,2011-02-24 18:59:00,2011-02-24 18:59:00,1340.32,1,1.0,"£1,001–£2,500",One-Time,288,1,1,4,6,1340.32
13502.0,292.0,3,264,2011-01-20 09:03:00,2011-11-23 10:39:00,97.33333333333333,307,0.009771986970684038,£0–£500,Repeat,17,4,3,2,9,291.99999999999994
13503.0,216.85,1,248,2011-09-29 13:23:00,2011-09-29 13:23:00,216.85,1,1.0,£0–£500,One-Time,71,3,1,1,5,216.85
13504.0,295.93,1,178,2011-10-06 13:20:00,2011-10-06 13:20:00,295.93,1,1.0,£0–£500,One-Time,64,3,1,2,6,295.93
13505.0,4393.63,4,2486,2011-04-21 12:07:00,2011-09-28 11:56:00,1098.4075,159,0.025157232704402517,"£2,501–£5,000",Repeat,73,2,4,5,11,4393.63
13506.0,458.52,2,324,2010-12-05 12:15:00,2011-01-27 13:53:00,229.26,53,0.03773584905660377,£0–£500,Repeat,316,1,2,2,5,458.52
13507.0,2479.16,4,1597,2011-07-17 11:50:00,2011-12-06 13:13:00,619.79,142,0.028169014084507043,"£1,001–£2,500",Repeat,3,5,4,5,14,2479.1600000000003
13508.0,110.97,1,24,2011-04-10 11:58:00,2011-04-10 11:58:00,110.97,1,1.0,£0–£500,One-Time,244,1,1,1,3,110.97
13509.0,979.72,7,1106,2011-02-28 13:27:00,2011-12-01 10:10:00,139.96,275,0.025454545454545455,"£501–£1,000",Repeat,9,5,5,4,14,979.7200000000001
13510.0,1791.56,4,1386,2011-06-09 09:32:00,2011-12-08 13:46:00,447.89,182,0.02197802197802198,"£1,001–£2,500",Repeat,1,5,4,4,13,1791.5600000000002
13512.0,251.21,1,143,2011-03-24 10:03:00,2011-03-24 10:03:00,251.21,1,1.0,£0–£500,One-Time,261,1,1,2,4,251.21
13513.0,205.1,1,109,2011-08-05 11:50:00,2011-08-05 11:50:00,205.1,1,1.0,£0–£500,One-Time,127,2,1,1,4,205.1
13514.0,152.20000000000002,1,40,2011-09-27 09:39:00,2011-09-27 09:39:00,152.20000000000002,1,1.0,£0–£500,One-Time,74,2,1,1,4,152.20000000000002
13515.0,891.12,4,681,2011-04-06 10:33:00,2011-09-28 11:26:00,222.78,175,0.022857142857142857,"£501–£1,000",Repeat,73,2,4,3,9,891.12
13516.0,1389.41,3,985,2011-04-15 11:06:00,2011-11-18 13:15:00,463.1366666666667,217,0.013824884792626729,"£1,001–£2,500",Repeat,21,4,3,4,11,1389.41
13517.0,2128.42,3,1369,2011-06-13 08:44:00,2011-10-11 11:43:00,709.4733333333334,120,0.025,"£1,001–£2,500",Repeat,60,3,3,5,11,2128.42
13518.0,627.16,1,382,2011-09-15 10:29:00,2011-09-15 10:29:00,627.16,1,1.0,"£501–£1,000",One-Time,86,2,1,3,6,627.16
13519.0,122.75,1,23,2011-09-22 18:24:00,2011-09-22 18:24:00,122.75,1,1.0,£0–£500,One-Time,78,2,1,1,4,122.75
13520.0,3624.35,6,1649,2010-12-03 10:36:00,2011-10-12 10:20:00,604.0583333333333,312,0.019230769230769232,"£2,501–£5,000",Repeat,59,3,5,5,13,3624.35
13521.0,1071.73,3,718,2011-11-29 15:09:00,2011-12-08 13:50:00,357.24333333333334,8,0.375,"£1,001–£2,500",Repeat,1,5,3,4,12,1071.73
13522.0,125.80000000000001,1,44,2011-11-09 15:11:00,2011-11-09 15:11:00,125.80000000000001,1,1.0,£0–£500,One-Time,30,4,1,1,6,125.80000000000001
13523.0,3964.88,5,1752,2010-12-08 14:22:00,2011-11-06 15:11:00,792.976,333,0.015015015015015015,"£2,501–£5,000",Repeat,33,4,4,5,13,3964.88
13524.0,680.1800000000001,5,324,2011-05-04 12:26:00,2011-10-30 12:34:00,136.036,179,0.027932960893854747,"£501–£1,000",Repeat,41,3,4,3,10,680.18
13525.0,628.78,2,394,2011-04-05 15:36:00,2011-11-25 12:01:00,314.39,233,0.008583690987124463,"£501–£1,000",Repeat,15,4,2,3,9,628.78
13527.0,2242.36,7,1683,2011-01-17 11:17:00,2011-11-06 12:04:00,320.33714285714285,293,0.023890784982935155,"£1,001–£2,500",Repeat,34,3,5,5,13,2242.36
13529.0,307.76,2,74,2011-05-19 11:50:00,2011-09-22 09:15:00,153.88,125,0.016,£0–£500,Repeat,79,2,2,2,6,307.76
13531.0,483.8,2,174,2010-12-08 15:03:00,2011-05-18 16:56:00,241.9,161,0.012422360248447204,£0–£500,Repeat,205,1,2,2,5,483.79999999999995
13532.0,210.31,1,129,2011-11-06 12:25:00,2011-11-06 12:25:00,210.31,1,1.0,£0–£500,One-Time,34,3,1,1,5,210.31
13533.0,269.09,3,202,2011-03-17 12:47:00,2011-06-10 11:54:00,89.69666666666666,84,0.03571428571428571,£0–£500,Repeat,183,1,3,2,6,269.0899999999999
13534.0,5870.08,25,2961,2010-12-16 15:23:00,2011-12-07 14:52:00,234.8032,355,0.07042253521126761,"£5,001–£10,000",Repeat,2,5,5,5,15,5870.080000000001
13536.0,3444.39,7,2126,2011-09-25 13:30:00,2011-12-08 16:38:00,492.05571428571426,74,0.0945945945945946,"£2,501–£5,000",Repeat,1,5,5,5,15,3444.3900000000003
13538.0,1280.85,7,175,2011-01-28 10:40:00,2011-10-27 16:34:00,182.97857142857143,272,0.025735294117647058,"£1,001–£2,500",Repeat,43,3,5,4,12,1280.85
13539.0,631.34,3,320,2011-02-03 15:23:00,2011-09-15 10:18:00,210.4466666666667,223,0.013452914798206279,"£501–£1,000",Repeat,86,2,3,3,8,631.34
13544.0,276.06,2,112,2011-04-13 12:09:00,2011-10-31 11:57:00,138.03,200,0.01,£0–£500,Repeat,40,3,2,2,7,276.06
13546.0,621.09,3,357,2011-05-23 12:14:00,2011-11-27 14:50:00,207.03,188,0.015957446808510637,"£501–£1,000",Repeat,12,5,3,3,11,621.0899999999999
13548.0,678.16,2,436,2011-04-10 11:35:00,2011-09-04 14:50:00,339.08,147,0.013605442176870748,"£501–£1,000",Repeat,96,2,2,3,7,678.16
13549.0,918.2,7,458,2011-04-11 13:42:00,2011-11-14 09:20:00,131.17142857142858,216,0.032407407407407406,"£501–£1,000",Repeat,26,4,5,3,12,918.1999999999999
13551.0,91.80000000000001,1,12,2011-01-24 14:46:00,2011-01-24 14:46:00,91.80000000000001,1,1.0,£0–£500,One-Time,319,1,1,1,3,91.80000000000001
13552.0,3740.07,12,1417,2011-01-28 10:10:00,2011-10-04 15:19:00,311.6725,249,0.04819277108433735,"£2,501–£5,000",Repeat,66,3,5,5,13,3740.0700000000006
13555.0,4098.88,4,2636,2011-05-22 11:06:00,2011-09-27 12:36:00,1024.72,128,0.03125,"£2,501–£5,000",Repeat,74,2,4,5,11,4098.88
13557.0,584.06,2,546,2011-03-04 12:14:00,2011-11-11 15:24:00,292.03,252,0.007936507936507936,"£501–£1,000",Repeat,28,4,2,3,9,584.06
13558.0,594.52,4,338,2011-10-02 13:01:00,2011-12-04 11:24:00,148.63,62,0.06451612903225806,"£501–£1,000",Repeat,6,5,4,3,12,594.52
13560.0,171.42000000000002,1,63,2011-12-02 13:11:00,2011-12-02 13:11:00,171.42000000000002,1,1.0,£0–£500,One-Time,7,5,1,1,7,171.42000000000002
13561.0,141.85999999999999,1,83,2011-05-08 12:39:00,2011-05-08 12:39:00,141.85999999999999,1,1.0,£0–£500,One-Time,216,1,1,1,3,141.85999999999999
13562.0,1799.33,3,757,2011-04-08 12:42:00,2011-09-19 10:51:00,599.7766666666666,163,0.018404907975460124,"£1,001–£2,500",Repeat,82,2,3,4,9,1799.3300000000002
13563.0,777.53,2,209,2011-07-22 17:21:00,2011-09-16 14:45:00,388.765,55,0.03636363636363636,"£501–£1,000",Repeat,84,2,2,3,7,777.5299999999999
13564.0,1724.67,3,636,2010-12-06 17:26:00,2011-07-18 14:33:00,574.89,223,0.013452914798206279,"£1,001–£2,500",Repeat,144,2,3,4,9,1724.67
13565.0,240.22,2,172,2011-01-09 14:28:00,2011-11-20 14:33:00,120.11,315,0.006349206349206349,£0–£500,Repeat,19,4,2,1,7,240.22
13566.0,856.84,2,567,2011-09-18 12:40:00,2011-10-30 11:59:00,428.42,41,0.04878048780487805,"£501–£1,000",Repeat,41,3,2,3,8,856.84
13568.0,187.05,1,66,2011-06-19 14:42:00,2011-06-19 14:42:00,187.05,1,1.0,£0–£500,One-Time,173,2,1,1,4,187.05
13569.0,338.62,2,156,2010-12-07 12:29:00,2011-11-22 13:07:00,169.31,350,0.005714285714285714,£0–£500,Repeat,17,4,2,2,8,338.62
13570.0,239.49,1,161,2011-04-10 13:36:00,2011-04-10 13:36:00,239.49,1,1.0,£0–£500,One-Time,243,1,1,1,3,239.49
13571.0,2088.94,12,1757,2011-03-31 12:43:00,2011-11-27 10:47:00,174.07833333333335,240,0.05,"£1,001–£2,500",Repeat,13,5,5,5,15,2088.9400000000005
13572.0,1384.25,1,534,2011-05-18 11:59:00,2011-05-18 11:59:00,1384.25,1,1.0,"£1,001–£2,500",One-Time,206,1,1,4,6,1384.25
13573.0,290.25,2,302,2011-03-31 14:47:00,2011-10-20 14:33:00,145.125,202,0.009900990099009901,£0–£500,Repeat,50,3,2,2,7,290.25
13575.0,732.0699999999999,5,449,2011-06-16 14:24:00,2011-11-16 13:14:00,146.414,152,0.03289473684210526,"£501–£1,000",Repeat,23,4,4,3,11,732.0699999999999
13576.0,6717.34,18,2646,2010-12-01 17:24:00,2011-11-29 15:34:00,373.18555555555554,362,0.049723756906077346,"£5,001–£10,000",Repeat,10,5,5,5,15,6717.34
13577.0,1687.6000000000001,4,791,2011-04-12 10:33:00,2011-11-14 15:19:00,421.90000000000003,216,0.018518518518518517,"£1,001–£2,500",Repeat,25,4,4,4,12,1687.6000000000001
13579.0,467.04,2,176,2010-12-05 16:10:00,2011-11-25 08:41:00,233.52,354,0.005649717514124294,£0–£500,Repeat,15,4,2,2,8,467.04
13581.0,118.0,1,30,2011-02-03 14:41:00,2011-02-03 14:41:00,118.0,1,1.0,£0–£500,One-Time,309,1,1,1,3,118.0
13583.0,781.03,1,725,2011-07-07 10:40:00,2011-07-07 10:40:00,781.03,1,1.0,"£501–£1,000",One-Time,156,2,1,3,6,781.03
13584.0,142.4,1,37,2011-02-06 12:49:00,2011-02-06 12:49:00,142.4,1,1.0,£0–£500,One-Time,307,1,1,1,3,142.4
13587.0,712.4,1,180,2011-10-07 12:31:00,2011-10-07 12:31:00,712.4,1,1.0,"£501–£1,000",One-Time,64,3,1,3,7,712.4
13588.0,2478.95,9,2606,2011-03-29 15:53:00,2011-11-24 10:42:00,275.43888888888887,239,0.03765690376569038,"£1,001–£2,500",Repeat,16,4,5,5,14,2478.95
13589.0,379.65,2,114,2011-06-13 12:44:00,2011-11-25 12:10:00,189.825,164,0.012195121951219513,£0–£500,Repeat,15,4,2,2,8,379.65
13590.0,1981.92,6,1848,2011-02-09 13:25:00,2011-11-28 12:54:00,330.32,291,0.020618556701030927,"£1,001–£2,500",Repeat,11,5,5,4,14,1981.9199999999998
13591.0,1117.13,3,485,2011-03-18 12:18:00,2011-10-06 12:26:00,372.3766666666667,202,0.01485148514851485,"£1,001–£2,500",Repeat,65,3,3,4,10,1117.13
13592.0,247.95999999999998,4,84,2011-03-20 14:01:00,2011-11-04 09:49:00,61.989999999999995,228,0.017543859649122806,£0–£500,Repeat,36,3,4,1,8,247.95999999999998
13593.0,2011.88,5,719,2011-01-07 16:32:00,2011-08-23 13:35:00,402.37600000000003,227,0.022026431718061675,"£1,001–£2,500",Repeat,108,2,4,4,10,2011.8800000000003
13594.0,396.97,1,359,2011-10-18 10:19:00,2011-10-18 10:19:00,396.97,1,1.0,£0–£500,One-Time,53,3,1,2,6,396.97
13596.0,664.11,2,384,2011-11-27 11:57:00,2011-12-04 12:01:00,332.055,7,0.2857142857142857,"£501–£1,000",Repeat,6,5,2,3,10,664.11
13598.0,160.04,1,52,2011-10-23 14:28:00,2011-10-23 14:28:00,160.04,1,1.0,£0–£500,One-Time,47,3,1,1,5,160.04
13599.0,5149.92,21,3293,2010-12-08 10:11:00,2011-12-08 16:10:00,245.2342857142857,365,0.057534246575342465,"£5,001–£10,000",Repeat,1,5,5,5,15,5149.92
13600.0,219.52,1,324,2011-01-31 15:27:00,2011-01-31 15:27:00,219.52,1,1.0,£0–£500,One-Time,312,1,1,1,3,219.52
13601.0,693.32,2,548,2011-05-12 16:52:00,2011-10-25 17:31:00,346.66,166,0.012048192771084338,"£501–£1,000",Repeat,45,3,2,3,8,693.32
13602.0,428.89,1,267,2011-10-06 11:47:00,2011-10-06 11:47:00,428.89,1,1.0,£0–£500,One-Time,65,3,1,2,6,428.89
13603.0,164.34,1,164,2011-11-13 15:57:00,2011-11-13 15:57:00,164.34,1,1.0,£0–£500,One-Time,26,4,1,1,6,164.34
13606.0,276.75,3,276,2011-02-01 11:42:00,2011-11-10 17:46:00,92.25,282,0.010638297872340425,£0–£500,Repeat,29,4,3,2,9,276.75
13607.0,675.51,1,288,2011-10-30 16:17:00,2011-10-30 16:17:00,675.51,1,1.0,"£501–£1,000",One-Time,40,3,1,3,7,675.51
13610.0,1082.33,7,488,2011-02-27 14:44:00,2011-11-27 15:38:00,154.6185714285714,273,0.02564102564102564,"£1,001–£2,500",Repeat,12,5,5,4,14,1082.33
13611.0,1154.4,3,754,2010-12-15 10:31:00,2011-09-11 14:51:00,384.8,270,0.011111111111111112,"£1,001–£2,500",Repeat,89,2,3,4,9,1154.4
13614.0,1585.46,4,564,2011-01-13 12:37:00,2011-11-15 14:47:00,396.365,306,0.013071895424836602,"£1,001–£2,500",Repeat,24,4,4,4,12,1585.46
13615.0,417.69,1,189,2011-01-25 08:21:00,2011-01-25 08:21:00,417.69,1,1.0,£0–£500,One-Time,319,1,1,2,4,417.69
13617.0,544.18,3,300,2011-06-12 12:55:00,2011-10-30 13:50:00,181.39333333333332,140,0.02142857142857143,"£501–£1,000",Repeat,40,3,3,3,9,544.18
13618.0,177.34,1,246,2011-06-19 11:09:00,2011-06-19 11:09:00,177.34,1,1.0,£0–£500,One-Time,174,2,1,1,4,177.34
13621.0,213.85,1,343,2011-08-15 08:26:00,2011-08-15 08:26:00,213.85,1,1.0,£0–£500,One-Time,117,2,1,1,4,213.85
13623.0,727.74,5,286,2011-02-15 13:08:00,2011-11-09 12:00:00,145.548,266,0.018796992481203006,"£501–£1,000",Repeat,31,4,4,3,11,727.74
13626.0,257.23,1,209,2011-04-01 10:05:00,2011-04-01 10:05:00,257.23,1,1.0,£0–£500,One-Time,253,1,1,2,4,257.23
13627.0,1638.47,5,1269,2010-12-17 09:52:00,2011-10-11 14:20:00,327.694,298,0.016778523489932886,"£1,001–£2,500",Repeat,59,3,4,4,11,1638.47
13629.0,7792.36,11,4372,2011-01-05 12:09:00,2011-11-16 13:21:00,708.3963636363636,315,0.03492063492063492,"£5,001–£10,000",Repeat,23,4,5,5,14,7792.36
13630.0,2031.78,7,1391,2011-02-27 12:49:00,2011-12-04 15:16:00,290.2542857142857,280,0.025,"£1,001–£2,500",Repeat,5,5,5,4,14,2031.78
13631.0,3070.42,11,467,2011-03-17 17:13:00,2011-09-01 09:57:00,279.1290909090909,167,0.0658682634730539,"£2,501–£5,000",Repeat,100,2,5,5,12,3070.42
13632.0,2118.93,5,1031,2011-04-10 15:07:00,2011-11-15 10:51:00,423.78599999999994,218,0.022935779816513763,"£1,001–£2,500",Repeat,25,4,4,5,13,2118.93
13634.0,1547.3600000000001,5,700,2011-01-16 15:30:00,2011-11-06 13:40:00,309.47200000000004,293,0.017064846416382253,"£1,001–£2,500",Repeat,33,4,4,4,12,1547.3600000000004
13635.0,1071.03,1,677,2011-10-03 10:55:00,2011-10-03 10:55:00,1071.03,1,1.0,"£1,001–£2,500",One-Time,68,3,1,4,8,1071.03
13636.0,949.12,5,592,2011-02-27 14:29:00,2011-11-03 10:30:00,189.824,248,0.020161290322580645,"£501–£1,000",Repeat,37,3,4,4,11,949.12
13637.0,804.3,3,405,2011-04-27 13:06:00,2011-10-18 13:32:00,268.09999999999997,174,0.017241379310344827,"£501–£1,000",Repeat,52,3,3,3,9,804.3
13638.0,122.64,1,93,2011-11-24 10:38:00,2011-11-24 10:38:00,122.64,1,1.0,£0–£500,One-Time,16,4,1,1,6,122.64
13639.0,1033.34,1,800,2011-09-26 13:36:00,2011-09-26 13:36:00,1033.34,1,1.0,"£1,001–£2,500",One-Time,74,2,1,4,7,1033.34
13642.0,312.28,1,151,2011-05-08 12:34:00,2011-05-08 12:34:00,312.28,1,1.0,£0–£500,One-Time,216,1,1,2,4,312.28
13643.0,519.44,3,273,2011-06-07 11:40:00,2011-11-08 15:37:00,173.14666666666668,154,0.01948051948051948,"£501–£1,000",Repeat,31,4,3,3,10,519.44
13644.0,2624.26,4,2067,2011-08-26 11:53:00,2011-11-23 14:07:00,656.065,89,0.0449438202247191,"£2,501–£5,000",Repeat,16,4,4,5,13,2624.26
13645.0,252.1,1,158,2011-08-11 16:11:00,2011-08-11 16:11:00,252.1,1,1.0,£0–£500,One-Time,120,2,1,2,5,252.1
13647.0,1648.1200000000001,4,887,2011-04-19 09:49:00,2011-11-30 12:00:00,412.03000000000003,225,0.017777777777777778,"£1,001–£2,500",Repeat,10,5,4,4,13,1648.1200000000001
13649.0,346.6,2,139,2010-12-08 14:46:00,2011-03-28 11:51:00,173.3,109,0.01834862385321101,£0–£500,Repeat,257,1,2,2,5,346.6
13650.0,1836.34,6,922,2011-03-17 12:37:00,2011-11-23 12:22:00,306.0566666666667,250,0.024,"£1,001–£2,500",Repeat,17,4,5,4,13,1836.3400000000001
13651.0,94.2,2,33,2011-10-31 12:11:00,2011-11-04 14:59:00,47.1,4,0.5,£0–£500,Repeat,35,3,2,1,6,94.2
13652.0,1095.08,3,578,2010-12-06 09:21:00,2011-10-25 08:51:00,365.02666666666664,322,0.009316770186335404,"£1,001–£2,500",Repeat,46,3,3,4,10,1095.08
13654.0,2707.33,6,2182,2011-03-11 12:54:00,2011-10-27 16:24:00,451.22166666666664,230,0.02608695652173913,"£2,501–£5,000",Repeat,43,3,5,5,13,2707.33
13655.0,932.97,2,605,2011-04-12 09:53:00,2011-08-17 14:25:00,466.485,127,0.015748031496062992,"£501–£1,000",Repeat,114,2,2,3,7,932.97
13656.0,379.65,2,490,2011-01-06 15:42:00,2011-06-28 10:31:00,189.825,172,0.011627906976744186,£0–£500,Repeat,165,2,2,2,6,379.65
13657.0,382.14,2,209,2011-05-22 12:35:00,2011-11-29 12:32:00,191.07,190,0.010526315789473684,£0–£500,Repeat,11,5,2,2,9,382.14
13658.0,2639.17,5,1019,2011-05-19 17:15:00,2011-11-30 10:13:00,527.8340000000001,194,0.02577319587628866,"£2,501–£5,000",Repeat,10,5,4,5,14,2639.17
13659.0,1563.0,2,882,2011-01-23 12:08:00,2011-05-18 12:37:00,781.5,115,0.017391304347826087,"£1,001–£2,500",Repeat,206,1,2,4,7,1563.0
13662.0,881.26,3,533,2011-03-25 13:23:00,2011-09-15 12:04:00,293.75333333333333,173,0.017341040462427744,"£501–£1,000",Repeat,86,2,3,3,8,881.2599999999999
13663.0,189.47,1,91,2011-06-13 15:44:00,2011-06-13 15:44:00,189.47,1,1.0,£0–£500,One-Time,179,2,1,1,4,189.47
13666.0,84.65,3,41,2011-02-25 13:05:00,2011-10-10 15:39:00,28.21666666666667,227,0.013215859030837005,£0–£500,Repeat,60,3,3,1,7,84.65
13667.0,299.05,1,149,2011-07-13 15:42:00,2011-07-13 15:42:00,299.05,1,1.0,£0–£500,One-Time,149,2,1,2,5,299.05
13668.0,6309.83,21,3722,2010-12-12 12:35:00,2011-12-07 12:11:00,300.46809523809526,359,0.0584958217270195,"£5,001–£10,000",Repeat,3,5,5,5,15,6309.83
13669.0,218.55,2,237,2011-07-13 11:44:00,2011-10-20 09:32:00,109.275,98,0.02040816326530612,£0–£500,Repeat,51,3,2,1,6,218.54999999999998
13670.0,349.7,1,282,2011-09-25 15:25:00,2011-09-25 15:25:00,349.7,1,1.0,£0–£500,One-Time,75,2,1,2,5,349.7
13672.0,186.39000000000001,2,57,2011-01-11 13:54:00,2011-02-11 13:53:00,93.19500000000001,30,0.06666666666666667,£0–£500,Repeat,301,1,2,1,4,186.39000000000001
13673.0,387.44,2,114,2011-11-07 15:40:00,2011-11-21 12:11:00,193.72,13,0.15384615384615385,£0–£500,Repeat,19,4,2,2,8,387.44000000000005
13675.0,486.82000000000005,2,330,2011-02-28 12:14:00,2011-07-11 12:57:00,243.41000000000003,133,0.015037593984962405,£0–£500,Repeat,151,2,2,2,6,486.82
13678.0,232.6,1,924,2011-07-11 10:14:00,2011-07-11 10:14:00,232.6,1,1.0,£0–£500,One-Time,152,2,1,1,4,232.6
13680.0,3719.12,4,1934,2011-01-04 14:12:00,2011-12-08 13:47:00,929.78,337,0.011869436201780416,"£2,501–£5,000",Repeat,1,5,4,5,14,3719.12
13681.0,827.83,4,360,2011-07-07 15:21:00,2011-11-22 11:13:00,206.9575,137,0.029197080291970802,"£501–£1,000",Repeat,18,4,4,3,11,827.83
13682.0,59.5,1,10,2011-06-05 14:06:00,2011-06-05 14:06:00,59.5,1,1.0,£0–£500,One-Time,187,1,1,1,3,59.5
13684.0,65.13,1,38,2011-02-27 10:13:00,2011-02-27 10:13:00,65.13,1,1.0,£0–£500,One-Time,286,1,1,1,3,65.13
13685.0,3119.44,7,5056,2011-10-10 12:59:00,2011-12-07 11:41:00,445.63428571428574,57,0.12280701754385964,"£2,501–£5,000",Repeat,3,5,5,5,15,3119.44
13686.0,72.0,1,70,2011-06-10 09:10:00,2011-06-10 09:10:00,72.0,1,1.0,£0–£500,One-Time,183,1,1,1,3,72.0
13689.0,910.0,1,512,2011-10-07 13:21:00,2011-10-07 13:21:00,910.0,1,1.0,"£501–£1,000",One-Time,63,3,1,3,7,910.0
13690.0,172.25,1,67,2011-10-11 15:03:00,2011-10-11 15:03:00,172.25,1,1.0,£0–£500,One-Time,59,3,1,1,5,172.25
13692.0,1488.32,3,1226,2011-04-17 12:57:00,2011-11-15 11:17:00,496.1066666666666,211,0.014218009478672985,"£1,001–£2,500",Repeat,25,4,3,4,11,1488.3199999999997
13694.0,65039.62,50,63312,2010-12-01 12:12:00,2011-12-06 09:32:00,1300.7924,369,0.13550135501355012,"Above £10,000",Repeat,4,5,5,5,15,65039.62
13695.0,2504.13,15,1603,2011-03-25 11:31:00,2011-11-08 14:26:00,166.942,228,0.06578947368421052,"£2,501–£5,000",Repeat,31,4,5,5,14,2504.13
13697.0,151.29999999999998,1,177,2011-11-01 09:14:00,2011-11-01 09:14:00,151.29999999999998,1,1.0,£0–£500,One-Time,39,3,1,1,5,151.29999999999998
13699.0,308.58000000000004,1,66,2011-07-07 16:51:00,2011-07-07 16:51:00,308.58000000000004,1,1.0,£0–£500,One-Time,155,2,1,2,5,308.58000000000004
13700.0,2248.63,10,2281,2011-01-16 13:18:00,2011-11-13 13:00:00,224.863,300,0.03333333333333333,"£1,001–£2,500",Repeat,26,4,5,5,14,2248.63
13703.0,99.5,1,10,2011-01-25 13:10:00,2011-01-25 13:10:00,99.5,1,1.0,£0–£500,One-Time,318,1,1,1,3,99.5
13704.0,2308.06,9,1531,2011-09-12 14:40:00,2011-12-04 15:13:00,256.4511111111111,83,0.10843373493975904,"£1,001–£2,500",Repeat,5,5,5,5,15,2308.06
13705.0,711.86,3,363,2010-12-01 10:29:00,2011-12-02 12:32:00,237.28666666666666,366,0.00819672131147541,"£501–£1,000",Repeat,8,5,3,3,11,711.86
13706.0,330.79,1,189,2011-02-10 09:21:00,2011-02-10 09:21:00,330.79,1,1.0,£0–£500,One-Time,303,1,1,2,4,330.79
13707.0,806.41,2,351,2011-01-28 13:27:00,2011-03-17 18:03:00,403.205,48,0.041666666666666664,"£501–£1,000",Repeat,267,1,2,3,6,806.4099999999999
13708.0,285.33,1,301,2011-03-13 13:46:00,2011-03-13 13:46:00,285.33,1,1.0,£0–£500,One-Time,271,1,1,2,4,285.33
13709.0,6307.650000000001,13,3508,2011-01-28 14:57:00,2011-12-06 10:28:00,485.2038461538462,311,0.04180064308681672,"£5,001–£10,000",Repeat,4,5,5,5,15,6307.650000000001
13710.0,180.48,1,176,2011-11-08 08:16:00,2011-11-08 08:16:00,180.48,1,1.0,£0–£500,One-Time,32,4,1,1,6,180.48
13711.0,252.06,2,140,2011-05-05 10:29:00,2011-05-05 10:31:00,126.03,1,2.0,£0–£500,Repeat,219,1,2,2,5,252.06
13712.0,228.84,1,352,2011-04-07 12:33:00,2011-04-07 12:33:00,228.84,1,1.0,£0–£500,One-Time,247,1,1,1,3,228.84
13715.0,1077.39,5,562,2010-12-02 08:52:00,2011-03-03 19:21:00,215.478,91,0.054945054945054944,"£1,001–£2,500",Repeat,281,1,4,4,9,1077.39
13716.0,138.28,1,138,2011-03-15 13:49:00,2011-03-15 13:49:00,138.28,1,1.0,£0–£500,One-Time,269,1,1,1,3,138.28
13717.0,1445.01,6,1959,2011-02-14 13:21:00,2011-11-07 14:13:00,240.835,266,0.022556390977443608,"£1,001–£2,500",Repeat,32,4,5,4,13,1445.01
13718.0,306.55,2,173,2011-02-17 11:58:00,2011-04-07 13:24:00,153.275,49,0.04081632653061224,£0–£500,Repeat,246,1,2,2,5,306.55
13719.0,1041.68,5,609,2011-04-19 13:56:00,2011-11-24 15:26:00,208.336,219,0.0228310502283105,"£1,001–£2,500",Repeat,15,4,4,4,12,1041.68
13720.0,799.9,4,501,2011-03-30 09:17:00,2011-08-15 12:46:00,199.975,138,0.028985507246376812,"£501–£1,000",Repeat,117,2,4,3,9,799.9
13721.0,524.14,1,316,2011-11-03 14:05:00,2011-11-03 14:05:00,524.14,1,1.0,"£501–£1,000",One-Time,36,3,1,3,7,524.14
13722.0,2375.41,3,1401,2011-03-02 11:43:00,2011-07-31 12:44:00,791.8033333333333,151,0.019867549668874173,"£1,001–£2,500",Repeat,132,2,3,5,10,2375.41
13723.0,199.85000000000002,1,43,2011-05-06 17:04:00,2011-05-06 17:04:00,199.85000000000002,1,1.0,£0–£500,One-Time,217,1,1,1,3,199.85000000000002
13725.0,1980.56,8,806,2011-02-04 12:18:00,2011-10-21 10:03:00,247.57,258,0.031007751937984496,"£1,001–£2,500",Repeat,50,3,5,4,12,1980.56
13726.0,1079.6599999999999,2,1054,2011-08-31 11:06:00,2011-11-01 10:49:00,539.8299999999999,61,0.03278688524590164,"£1,001–£2,500",Repeat,39,3,2,4,9,1079.66
13727.0,333.48,2,162,2011-11-06 12:16:00,2011-11-11 09:46:00,166.74,4,0.5,£0–£500,Repeat,29,4,2,2,8,333.48
13728.0,1016.14,6,458,2011-02-02 12:09:00,2011-11-03 10:49:00,169.35666666666665,273,0.02197802197802198,"£1,001–£2,500",Repeat,37,3,5,4,12,1016.14
13730.0,752.6,2,488,2011-07-01 12:47:00,2011-07-27 08:35:00,376.3,25,0.08,"£501–£1,000",Repeat,136,2,2,3,7,752.6
13731.0,610.59,2,278,2011-04-07 10:10:00,2011-05-04 14:33:00,305.295,27,0.07407407407407407,"£501–£1,000",Repeat,219,1,2,3,6,610.59
13732.0,491.86,1,498,2011-11-11 15:49:00,2011-11-11 15:49:00,491.86,1,1.0,£0–£500,One-Time,28,4,1,3,8,491.86
13735.0,2883.54,4,1128,2011-04-19 13:49:00,2011-11-15 11:14:00,720.885,209,0.019138755980861243,"£2,501–£5,000",Repeat,25,4,4,5,13,2883.54
13736.0,729.8,2,496,2011-03-24 13:04:00,2011-12-04 15:19:00,364.9,255,0.00784313725490196,"£501–£1,000",Repeat,5,5,2,3,10,729.8
13737.0,339.59999999999997,1,125,2011-05-23 16:32:00,2011-05-23 16:32:00,339.59999999999997,1,1.0,£0–£500,One-Time,200,1,1,2,4,339.59999999999997
13739.0,216.9,1,54,2011-11-21 13:35:00,2011-11-21 13:35:00,216.9,1,1.0,£0–£500,One-Time,18,4,1,1,6,216.9
13740.0,350.75,1,425,2011-04-13 10:32:00,2011-04-13 10:32:00,350.75,1,1.0,£0–£500,One-Time,241,1,1,2,4,350.75
13741.0,668.4300000000001,3,218,2011-05-06 13:43:00,2011-09-29 09:19:00,222.81000000000003,145,0.020689655172413793,"£501–£1,000",Repeat,72,3,3,3,9,668.4300000000001
13742.0,3107.87,12,1115,2011-01-23 14:59:00,2011-11-23 11:07:00,258.9891666666667,303,0.039603960396039604,"£2,501–£5,000",Repeat,17,4,5,5,14,3107.87
13743.0,1341.6,7,1776,2011-03-25 14:46:00,2011-12-07 10:09:00,191.65714285714284,256,0.02734375,"£1,001–£2,500",Repeat,3,5,5,4,14,1341.6
13744.0,1080.52,2,1153,2011-02-20 14:08:00,2011-09-05 15:19:00,540.26,197,0.01015228426395939,"£1,001–£2,500",Repeat,95,2,2,4,8,1080.52
13745.0,300.04,1,496,2011-06-30 16:43:00,2011-06-30 16:43:00,300.04,1,1.0,£0–£500,One-Time,162,2,1,2,5,300.04
13747.0,79.6,1,8,2010-12-01 10:37:00,2010-12-01 10:37:00,79.6,1,1.0,£0–£500,One-Time,374,1,1,1,3,79.6
13748.0,948.25,5,439,2010-12-01 09:00:00,2011-09-05 09:45:00,189.65,278,0.017985611510791366,"£501–£1,000",Repeat,96,2,4,4,10,948.2499999999999
13750.0,1647.26,5,516,2011-01-07 11:49:00,2011-10-17 12:16:00,329.452,283,0.0176678445229682,"£1,001–£2,500",Repeat,54,3,4,4,11,1647.2600000000002
13751.0,296.25,1,152,2011-02-24 15:56:00,2011-02-24 15:56:00,296.25,1,1.0,£0–£500,One-Time,288,1,1,2,4,296.25
13752.0,1175.38,6,874,2011-04-07 12:04:00,2011-08-07 14:16:00,195.89666666666668,122,0.04918032786885246,"£1,001–£2,500",Repeat,124,2,5,4,11,1175.38
13753.0,741.26,1,512,2011-02-25 12:48:00,2011-02-25 12:48:00,741.26,1,1.0,"£501–£1,000",One-Time,288,1,1,3,5,741.26
13754.0,282.59999999999997,2,214,2011-01-26 14:58:00,2011-07-11 11:51:00,141.29999999999998,165,0.012121212121212121,£0–£500,Repeat,152,2,2,2,6,282.59999999999997
13755.0,2108.06,9,1242,2011-10-07 15:45:00,2011-12-06 12:26:00,234.2288888888889,59,0.15254237288135594,"£1,001–£2,500",Repeat,4,5,5,5,15,2108.06
13756.0,5189.52,14,3188,2010-12-07 11:41:00,2011-12-07 16:44:00,370.68,365,0.038356164383561646,"£5,001–£10,000",Repeat,2,5,5,5,15,5189.52
13758.0,3190.55,7,1844,2010-12-01 12:08:00,2011-11-28 11:11:00,455.79285714285714,361,0.019390581717451522,"£2,501–£5,000",Repeat,12,5,5,5,15,3190.5499999999997
13759.0,659.4100000000001,2,287,2011-09-29 15:40:00,2011-11-06 14:47:00,329.70500000000004,37,0.05405405405405406,"£501–£1,000",Repeat,33,4,2,3,9,659.4100000000001
13760.0,286.79,2,197,2011-03-28 12:52:00,2011-10-16 16:13:00,143.395,202,0.009900990099009901,£0–£500,Repeat,54,3,2,2,7,286.79
13761.0,1070.65,2,642,2011-06-13 08:43:00,2011-10-20 14:01:00,535.325,129,0.015503875968992248,"£1,001–£2,500",Repeat,50,3,2,4,9,1070.65
13762.0,306.72,1,272,2011-05-05 09:15:00,2011-05-05 09:15:00,306.72,1,1.0,£0–£500,One-Time,219,1,1,2,4,306.72
13763.0,1714.96,1,728,2011-10-07 15:13:00,2011-10-07 15:13:00,1714.96,1,1.0,"£1,001–£2,500",One-Time,63,3,1,4,8,1714.96
13764.0,1519.42,3,926,2011-01-06 14:53:00,2011-09-30 12:03:00,506.47333333333336,266,0.011278195488721804,"£1,001–£2,500",Repeat,71,3,3,4,10,1519.42
13767.0,17220.36,37,7322,2010-12-01 10:47:00,2011-12-07 15:00:00,465.41513513513513,371,0.09973045822102426,"Above £10,000",Repeat,2,5,5,5,15,17220.36
13769.0,2796.51,10,1163,2010-12-07 13:28:00,2011-12-07 15:08:00,279.651,365,0.0273972602739726,"£2,501–£5,000",Repeat,2,5,5,5,15,2796.5099999999998
13771.0,2634.45,4,1477,2011-04-06 15:47:00,2011-10-06 14:18:00,658.6125,182,0.02197802197802198,"£2,501–£5,000",Repeat,64,3,4,5,12,2634.45
13772.0,1122.63,3,540,2011-04-14 12:31:00,2011-11-06 11:43:00,374.21000000000004,205,0.014634146341463415,"£1,001–£2,500",Repeat,34,3,3,4,10,1122.63
13774.0,345.0,1,192,2011-09-19 12:06:00,2011-09-19 12:06:00,345.0,1,1.0,£0–£500,One-Time,82,2,1,2,5,345.0
13777.0,25977.16,33,12897,2010-12-01 16:01:00,2011-12-09 12:25:00,787.1866666666666,372,0.08870967741935484,"Above £10,000",Repeat,1,5,5,5,15,25977.16
13778.0,178.7,1,70,2011-08-28 15:25:00,2011-08-28 15:25:00,178.7,1,1.0,£0–£500,One-Time,103,2,1,1,4,178.7
13780.0,360.01,2,318,2011-06-22 11:43:00,2011-12-02 13:49:00,180.005,163,0.012269938650306749,£0–£500,Repeat,7,5,2,2,9,360.01
13781.0,127.84,1,30,2011-04-03 12:08:00,2011-04-03 12:08:00,127.84,1,1.0,£0–£500,One-Time,251,1,1,1,3,127.84
13782.0,908.86,6,369,2011-01-16 11:08:00,2011-11-27 11:54:00,151.47666666666666,315,0.01904761904761905,"£501–£1,000",Repeat,13,5,5,3,13,908.86
13784.0,2462.79,11,2493,2011-01-11 14:38:00,2011-11-30 09:33:00,223.89,322,0.034161490683229816,"£1,001–£2,500",Repeat,10,5,5,5,15,2462.79
13786.0,230.39999999999998,1,136,2010-12-07 13:53:00,2010-12-07 13:53:00,230.39999999999998,1,1.0,£0–£500,One-Time,367,1,1,1,3,230.39999999999998
13787.0,309.04,2,337,2010-12-10 14:45:00,2011-09-25 12:06:00,154.52,288,0.006944444444444444,£0–£500,Repeat,76,2,2,2,6,309.04
13790.0,348.8,1,748,2011-12-05 15:48:00,2011-12-05 15:48:00,348.8,1,1.0,£0–£500,One-Time,4,5,1,2,8,348.8
13791.0,1516.0,2,1200,2011-06-24 16:38:00,2011-08-04 11:44:00,758.0,40,0.05,"£1,001–£2,500",Repeat,128,2,2,4,8,1516.0
13792.0,195.55,2,92,2011-02-25 14:03:00,2011-10-04 14:31:00,97.775,221,0.00904977375565611,£0–£500,Repeat,66,3,2,1,6,195.55
13798.0,37153.85,57,23948,2010-12-02 17:24:00,2011-12-08 15:51:00,651.8219298245614,370,0.15405405405405406,"Above £10,000",Repeat,1,5,5,5,15,37153.85
13799.0,688.86,2,402,2011-02-18 14:18:00,2011-08-15 12:07:00,344.43,177,0.011299435028248588,"£501–£1,000",Repeat,117,2,2,3,7,688.86
13800.0,558.32,1,331,2011-02-03 12:27:00,2011-02-03 12:27:00,558.32,1,1.0,"£501–£1,000",One-Time,310,1,1,3,5,558.32
13801.0,324.8,1,168,2011-10-04 10:15:00,2011-10-04 10:15:00,324.8,1,1.0,£0–£500,One-Time,67,3,1,2,6,324.8
13802.0,4599.42,3,2572,2011-02-01 12:03:00,2011-07-24 10:54:00,1533.14,172,0.01744186046511628,"£2,501–£5,000",Repeat,139,2,3,5,10,4599.42
13803.0,277.07,1,121,2011-03-29 12:57:00,2011-03-29 12:57:00,277.07,1,1.0,£0–£500,One-Time,255,1,1,2,4,277.07
13804.0,2588.39,7,1462,2011-02-23 09:09:00,2011-11-09 12:32:00,369.77,259,0.02702702702702703,"£2,501–£5,000",Repeat,31,4,5,5,14,2588.39
13805.0,924.6,2,1900,2011-08-02 15:29:00,2011-10-18 14:50:00,462.3,76,0.02631578947368421,"£501–£1,000",Repeat,52,3,2,3,8,924.6
13806.0,256.38,1,56,2011-10-07 11:43:00,2011-10-07 11:43:00,256.38,1,1.0,£0–£500,One-Time,64,3,1,2,6,256.38
13807.0,112.6,1,36,2010-12-07 15:48:00,2010-12-07 15:48:00,112.6,1,1.0,£0–£500,One-Time,367,1,1,1,3,112.6
13808.0,1747.66,5,782,2011-09-04 12:07:00,2011-12-04 12:18:00,349.53200000000004,91,0.054945054945054944,"£1,001–£2,500",Repeat,6,5,4,4,13,1747.66
13809.0,155.05,1,29,2011-02-07 13:15:00,2011-02-07 13:15:00,155.05,1,1.0,£0–£500,One-Time,305,1,1,1,3,155.05
13810.0,1499.01,3,312,2011-10-14 12:57:00,2011-11-11 08:33:00,499.67,27,0.1111111111111111,"£1,001–£2,500",Repeat,29,4,3,4,11,1499.01
13811.0,814.5,3,68,2011-04-14 18:40:00,2011-06-09 09:54:00,271.5,55,0.05454545454545454,"£501–£1,000",Repeat,184,1,3,3,7,814.5
13812.0,539.0,3,333,2011-08-26 12:54:00,2011-10-28 14:27:00,179.66666666666666,63,0.047619047619047616,"£501–£1,000",Repeat,42,3,3,3,9,539.0
13813.0,1366.8600000000001,4,552,2011-07-28 10:33:00,2011-10-31 10:38:00,341.71500000000003,95,0.042105263157894736,"£1,001–£2,500",Repeat,40,3,4,4,11,1366.8600000000001
13814.0,1579.12,2,864,2011-07-25 13:54:00,2011-09-08 13:48:00,789.56,44,0.045454545454545456,"£1,001–£2,500",Repeat,92,2,2,4,8,1579.1200000000001
13815.0,4027.36,4,2560,2011-01-25 12:16:00,2011-11-17 14:19:00,1006.84,296,0.013513513513513514,"£2,501–£5,000",Repeat,22,4,4,5,13,4027.3600000000006
13816.0,571.6700000000001,2,269,2011-10-06 14:37:00,2011-11-16 08:38:00,285.83500000000004,40,0.05,"£501–£1,000",Repeat,24,4,2,3,9,571.6700000000001
13817.0,382.98,2,211,2010-12-23 11:46:00,2011-11-10 17:49:00,191.49,322,0.006211180124223602,£0–£500,Repeat,29,4,2,2,8,382.98
13819.0,1140.35,3,1109,2011-01-24 10:38:00,2011-02-11 10:38:00,380.1166666666666,18,0.16666666666666666,"£1,001–£2,500",Repeat,302,1,3,4,8,1140.35
13821.0,385.64,2,153,2011-03-23 11:30:00,2011-07-18 09:49:00,192.82,116,0.017241379310344827,£0–£500,Repeat,145,2,2,2,6,385.64
13822.0,632.0,2,611,2011-10-30 15:55:00,2011-12-04 12:13:00,316.0,34,0.058823529411764705,"£501–£1,000",Repeat,6,5,2,3,10,632.0
13823.0,957.66,2,439,2011-09-09 10:42:00,2011-11-21 10:22:00,478.83,72,0.027777777777777776,"£501–£1,000",Repeat,19,4,2,4,10,957.6599999999999
13824.0,1698.94,5,768,2011-02-02 13:07:00,2011-11-07 12:41:00,339.788,277,0.018050541516245487,"£1,001–£2,500",Repeat,33,4,4,4,12,1698.94
13826.0,189.5,1,82,2011-06-16 13:48:00,2011-06-16 13:48:00,189.5,1,1.0,£0–£500,One-Time,176,2,1,1,4,189.5
13827.0,409.8,3,138,2011-07-19 15:38:00,2011-10-13 12:38:00,136.6,85,0.03529411764705882,£0–£500,Repeat,58,3,3,2,8,409.8
13828.0,209.49,1,311,2011-11-17 16:02:00,2011-11-17 16:02:00,209.49,1,1.0,£0–£500,One-Time,22,4,1,1,6,209.49
13831.0,2198.45,6,743,2010-12-05 12:13:00,2011-11-23 15:41:00,366.4083333333333,353,0.0169971671388102,"£1,001–£2,500",Repeat,16,4,5,5,14,2198.4500000000003
13832.0,52.199999999999996,1,28,2011-11-20 15:36:00,2011-11-20 15:36:00,52.199999999999996,1,1.0,£0–£500,One-Time,19,4,1,1,6,52.199999999999996
13833.0,383.85,1,117,2011-07-03 13:27:00,2011-07-03 13:27:00,383.85,1,1.0,£0–£500,One-Time,159,2,1,2,5,383.85
13835.0,834.57,4,442,2011-05-08 15:22:00,2011-11-14 15:37:00,208.6425,190,0.021052631578947368,"£501–£1,000",Repeat,25,4,4,3,11,834.57
13837.0,266.59000000000003,2,182,2011-01-26 12:15:00,2011-05-12 12:10:00,133.29500000000002,105,0.01904761904761905,£0–£500,Repeat,212,1,2,2,5,266.59000000000003
13838.0,674.82,4,254,2010-12-05 10:45:00,2011-12-04 11:00:00,168.705,364,0.01098901098901099,"£501–£1,000",Repeat,6,5,4,3,12,674.82
13841.0,85.0,1,100,2011-04-01 12:10:00,2011-04-01 12:10:00,85.0,1,1.0,£0–£500,One-Time,253,1,1,1,3,85.0
13842.0,3385.62,9,1768,2010-12-08 10:39:00,2011-10-12 10:51:00,376.18,308,0.02922077922077922,"£2,501–£5,000",Repeat,59,3,5,5,13,3385.62
13844.0,361.62,1,196,2011-11-28 13:21:00,2011-11-28 13:21:00,361.62,1,1.0,£0–£500,One-Time,11,5,1,2,8,361.62
13845.0,312.98,1,182,2011-10-06 08:25:00,2011-10-06 08:25:00,312.98,1,1.0,£0–£500,One-Time,65,3,1,2,6,312.98
13846.0,865.0600000000001,3,388,2010-12-14 16:07:00,2011-11-15 12:07:00,288.35333333333335,335,0.008955223880597015,"£501–£1,000",Repeat,25,4,3,3,10,865.0600000000001
13848.0,1255.0,3,3700,2010-12-08 15:10:00,2011-09-08 12:58:00,418.3333333333333,273,0.01098901098901099,"£1,001–£2,500",Repeat,92,2,3,4,9,1255.0000000000002
13849.0,1537.95,2,1016,2011-06-22 10:11:00,2011-10-19 10:59:00,768.975,119,0.01680672268907563,"£1,001–£2,500",Repeat,52,3,2,4,9,1537.9499999999998
13850.0,1595.48,1,944,2011-08-02 14:04:00,2011-08-02 14:04:00,1595.48,1,1.0,"£1,001–£2,500",One-Time,129,2,1,4,7,1595.48
13851.0,2651.46,3,1705,2011-02-24 17:18:00,2011-09-05 12:36:00,883.82,192,0.015625,"£2,501–£5,000",Repeat,96,2,3,5,10,2651.46
13853.0,1090.14,1,312,2011-10-13 14:18:00,2011-10-13 14:18:00,1090.14,1,1.0,"£1,001–£2,500",One-Time,57,3,1,4,8,1090.14
13854.0,8109.5199999999995,25,2296,2010-12-09 10:48:00,2011-12-01 09:06:00,324.38079999999997,356,0.0702247191011236,"£5,001–£10,000",Repeat,9,5,5,5,15,8109.5199999999995
13856.0,388.5,3,494,2011-05-20 13:13:00,2011-06-24 10:03:00,129.5,34,0.08823529411764706,£0–£500,Repeat,169,2,3,2,7,388.50000000000006
13858.0,216.17,1,75,2011-10-13 16:17:00,2011-10-13 16:17:00,216.17,1,1.0,£0–£500,One-Time,57,3,1,1,5,216.17
13859.0,201.16,1,129,2011-01-17 16:14:00,2011-01-17 16:14:00,201.16,1,1.0,£0–£500,One-Time,326,1,1,1,3,201.16
13860.0,1245.9,5,591,2011-09-14 09:27:00,2011-12-08 12:57:00,249.18,85,0.058823529411764705,"£1,001–£2,500",Repeat,1,5,4,4,13,1245.9
13862.0,2209.36,8,1688,2011-01-11 15:13:00,2011-11-21 16:24:00,276.17,314,0.025477707006369428,"£1,001–£2,500",Repeat,18,4,5,5,14,2209.3600000000006
13863.0,305.78,1,224,2011-04-06 10:20:00,2011-04-06 10:20:00,305.78,1,1.0,£0–£500,One-Time,248,1,1,2,4,305.78
13865.0,501.56,4,204,2011-02-23 12:04:00,2011-10-12 13:31:00,125.39,231,0.017316017316017316,"£501–£1,000",Repeat,58,3,4,3,10,501.56000000000006
13866.0,145.67000000000002,1,57,2011-09-26 14:54:00,2011-09-26 14:54:00,145.67000000000002,1,1.0,£0–£500,One-Time,74,2,1,1,4,145.67000000000002
13867.0,1005.09,3,501,2011-05-05 17:28:00,2011-11-08 15:48:00,335.03000000000003,186,0.016129032258064516,"£1,001–£2,500",Repeat,31,4,3,4,11,1005.0900000000001
13868.0,3192.54,2,1964,2011-11-01 12:45:00,2011-12-02 16:32:00,1596.27,31,0.06451612903225806,"£2,501–£5,000",Repeat,7,5,2,5,12,3192.54
13869.0,3083.65,4,1709,2010-12-17 15:14:00,2011-08-08 13:53:00,770.9125,233,0.017167381974248927,"£2,501–£5,000",Repeat,123,2,4,5,11,3083.65
13870.0,2770.94,8,1325,2011-02-25 09:09:00,2011-12-07 13:23:00,346.3675,285,0.028070175438596492,"£2,501–£5,000",Repeat,2,5,5,5,15,2770.94
13871.0,6403.25,13,2806,2011-02-04 09:30:00,2011-11-17 10:49:00,492.5576923076923,286,0.045454545454545456,"£5,001–£10,000",Repeat,23,4,5,5,14,6403.250000000001
13873.0,389.6,3,140,2011-02-03 09:37:00,2011-08-12 10:08:00,129.86666666666667,190,0.015789473684210527,£0–£500,Repeat,120,2,3,2,7,389.6
13874.0,540.45,1,180,2010-12-16 18:20:00,2010-12-16 18:20:00,540.45,1,1.0,"£501–£1,000",One-Time,358,1,1,3,5,540.45
13875.0,1786.79,5,1316,2011-02-11 15:39:00,2011-10-17 09:36:00,357.358,247,0.020242914979757085,"£1,001–£2,500",Repeat,54,3,4,4,11,1786.79
13876.0,122.7,1,36,2011-10-07 10:22:00,2011-10-07 10:22:00,122.7,1,1.0,£0–£500,One-Time,64,3,1,1,5,122.7
13877.0,117.24,1,108,2011-09-14 15:49:00,2011-09-14 15:49:00,117.24,1,1.0,£0–£500,One-Time,86,2,1,1,4,117.24
13878.0,1271.57,1,463,2011-10-16 12:19:00,2011-10-16 12:19:00,1271.57,1,1.0,"£1,001–£2,500",One-Time,55,3,1,4,8,1271.57
13880.0,3219.77,13,1842,2010-12-07 14:00:00,2011-11-18 13:44:00,247.67461538461538,345,0.03768115942028986,"£2,501–£5,000",Repeat,21,4,5,5,14,3219.77
13881.0,17159.52,20,10118,2011-02-01 10:14:00,2011-12-06 12:50:00,857.976,308,0.06493506493506493,"Above £10,000",Repeat,4,5,5,5,15,17159.519999999997
13882.0,1191.13,5,953,2011-10-06 15:28:00,2011-12-07 11:16:00,238.22600000000003,61,0.08196721311475409,"£1,001–£2,500",Repeat,3,5,4,4,13,1191.1299999999999
13883.0,2674.48,5,1436,2011-03-31 17:17:00,2011-11-29 10:45:00,534.896,242,0.02066115702479339,"£2,501–£5,000",Repeat,11,5,4,5,14,2674.4799999999996
13884.0,787.6,5,300,2011-03-01 13:40:00,2011-12-02 16:30:00,157.52,276,0.018115942028985508,"£501–£1,000",Repeat,7,5,4,3,12,787.6000000000001
13885.0,506.8,2,182,2011-05-23 08:52:00,2011-06-03 15:07:00,253.4,11,0.18181818181818182,"£501–£1,000",Repeat,189,1,2,3,6,506.80000000000007
13886.0,243.56,1,126,2011-09-29 13:17:00,2011-09-29 13:17:00,243.56,1,1.0,£0–£500,One-Time,71,3,1,1,5,243.56
13887.0,349.55,1,147,2011-05-19 17:22:00,2011-05-19 17:22:00,349.55,1,1.0,£0–£500,One-Time,204,1,1,2,4,349.55
13888.0,595.67,2,254,2011-05-05 14:41:00,2011-08-12 10:13:00,297.835,98,0.02040816326530612,"£501–£1,000",Repeat,120,2,2,3,7,595.67
13889.0,416.90000000000003,1,146,2011-09-08 09:13:00,2011-09-08 09:13:00,416.90000000000003,1,1.0,£0–£500,One-Time,93,2,1,2,5,416.90000000000003
13890.0,1883.8100000000002,10,831,2010-12-16 09:31:00,2011-12-08 15:36:00,188.38100000000003,357,0.028011204481792718,"£1,001–£2,500",Repeat,1,5,5,4,14,1883.8100000000004
13892.0,632.97,4,983,2011-04-07 12:04:00,2011-11-13 11:50:00,158.2425,219,0.0182648401826484,"£501–£1,000",Repeat,27,4,4,3,11,632.97
13893.0,821.1,1,190,2011-02-15 11:30:00,2011-02-15 11:30:00,821.1,1,1.0,"£501–£1,000",One-Time,298,1,1,3,5,821.1
13894.0,564.62,3,354,2011-02-02 12:54:00,2011-11-16 09:44:00,188.20666666666668,286,0.01048951048951049,"£501–£1,000",Repeat,24,4,3,3,10,564.62
13895.0,2593.07,4,1365,2011-06-28 10:17:00,2011-11-11 16:57:00,648.2675,136,0.029411764705882353,"£2,501–£5,000",Repeat,28,4,4,5,13,2593.07
13897.0,311.16,1,200,2011-10-20 14:30:00,2011-10-20 14:30:00,311.16,1,1.0,£0–£500,One-Time,50,3,1,2,6,311.16
13898.0,155.93,1,133,2011-01-18 10:28:00,2011-01-18 10:28:00,155.93,1,1.0,£0–£500,One-Time,326,1,1,1,3,155.93
13899.0,388.52,2,156,2011-03-10 09:30:00,2011-11-23 13:40:00,194.26,258,0.007751937984496124,£0–£500,Repeat,16,4,2,2,8,388.52
13900.0,740.95,3,430,2011-03-22 10:13:00,2011-06-09 19:26:00,246.98333333333335,79,0.0379746835443038,"£501–£1,000",Repeat,183,1,3,3,7,740.95
13901.0,2867.2,5,1739,2011-01-25 09:01:00,2011-09-28 14:48:00,573.4399999999999,246,0.02032520325203252,"£2,501–£5,000",Repeat,72,3,4,5,12,2867.2
13904.0,332.64,2,332,2011-02-18 11:18:00,2011-11-02 13:41:00,166.32,257,0.007782101167315175,£0–£500,Repeat,37,3,2,2,7,332.64
13908.0,2369.55,4,1478,2011-03-08 12:04:00,2011-09-21 11:49:00,592.3875,196,0.02040816326530612,"£1,001–£2,500",Repeat,80,2,4,5,11,2369.55
13911.0,2580.91,9,2731,2011-02-04 14:46:00,2011-10-13 15:43:00,286.7677777777778,251,0.035856573705179286,"£2,501–£5,000",Repeat,57,3,5,5,13,2580.91
13914.0,626.45,2,380,2011-11-03 16:28:00,2011-11-28 10:35:00,313.225,24,0.08333333333333333,"£501–£1,000",Repeat,12,5,2,3,10,626.45
13917.0,272.04,2,228,2011-06-01 12:46:00,2011-10-21 09:56:00,136.02,141,0.014184397163120567,£0–£500,Repeat,50,3,2,2,7,272.04
13918.0,1212.8400000000001,2,1140,2011-03-31 18:05:00,2011-10-21 12:25:00,606.4200000000001,203,0.009852216748768473,"£1,001–£2,500",Repeat,50,3,2,4,9,1212.8400000000001
13919.0,384.81,2,474,2011-08-10 10:15:00,2011-10-11 14:24:00,192.405,62,0.03225806451612903,£0–£500,Repeat,59,3,2,2,7,384.80999999999995
13922.0,172.25,1,93,2010-12-23 10:38:00,2010-12-23 10:38:00,172.25,1,1.0,£0–£500,One-Time,352,1,1,1,3,172.25
13923.0,351.13,1,185,2011-10-17 12:33:00,2011-10-17 12:33:00,351.13,1,1.0,£0–£500,One-Time,54,3,1,2,6,351.13
13924.0,1838.8500000000001,6,1575,2011-09-28 15:07:00,2011-12-08 09:39:00,306.475,70,0.08571428571428572,"£1,001–£2,500",Repeat,2,5,5,4,14,1838.8500000000001
13925.0,678.25,4,331,2011-07-28 12:09:00,2011-09-08 12:47:00,169.5625,42,0.09523809523809523,"£501–£1,000",Repeat,93,2,4,3,9,678.2499999999999
13926.0,223.85000000000002,1,104,2011-11-16 13:16:00,2011-11-16 13:16:00,223.85000000000002,1,1.0,£0–£500,One-Time,23,4,1,1,6,223.85000000000002
13927.0,348.99,1,214,2011-09-26 12:00:00,2011-09-26 12:00:00,348.99,1,1.0,£0–£500,One-Time,75,2,1,2,5,348.99
13928.0,464.57,4,129,2011-07-29 15:59:00,2011-11-29 10:33:00,116.1425,122,0.03278688524590164,£0–£500,Repeat,11,5,4,2,11,464.57000000000005
13929.0,842.65,2,143,2011-01-17 15:11:00,2011-06-23 15:26:00,421.325,157,0.012738853503184714,"£501–£1,000",Repeat,169,2,2,3,7,842.65
13930.0,337.34,2,274,2011-07-26 11:00:00,2011-10-13 09:45:00,168.67,78,0.02564102564102564,£0–£500,Repeat,58,3,2,2,7,337.3399999999999
13931.0,1237.53,2,725,2011-03-04 08:43:00,2011-09-05 10:12:00,618.765,185,0.010810810810810811,"£1,001–£2,500",Repeat,96,2,2,4,8,1237.5300000000002
13932.0,307.4,1,72,2011-02-18 12:02:00,2011-02-18 12:02:00,307.4,1,1.0,£0–£500,One-Time,295,1,1,2,4,307.4
13933.0,608.7900000000001,2,205,2011-07-14 13:35:00,2011-08-22 14:03:00,304.39500000000004,39,0.05128205128205128,"£501–£1,000",Repeat,109,2,2,3,7,608.7900000000001
13934.0,922.1,1,390,2011-03-21 08:39:00,2011-03-21 08:39:00,922.1,1,1.0,"£501–£1,000",One-Time,264,1,1,3,5,922.1
13936.0,376.58,1,330,2011-06-13 08:47:00,2011-06-13 08:47:00,376.58,1,1.0,£0–£500,One-Time,180,1,1,2,4,376.58
13937.0,158.85,1,123,2011-06-23 16:35:00,2011-06-23 16:35:00,158.85,1,1.0,£0–£500,One-Time,169,2,1,1,4,158.85
13938.0,71.66,1,70,2011-11-04 14:37:00,2011-11-04 14:37:00,71.66,1,1.0,£0–£500,One-Time,35,3,1,1,5,71.66
13939.0,568.55,3,847,2011-02-01 11:30:00,2011-11-16 13:33:00,189.51666666666665,288,0.010416666666666666,"£501–£1,000",Repeat,23,4,3,3,10,568.55
13940.0,839.14,4,516,2011-07-18 16:05:00,2011-11-22 15:15:00,209.785,126,0.031746031746031744,"£501–£1,000",Repeat,17,4,4,3,11,839.14
13941.0,5112.96,5,2364,2010-12-02 10:17:00,2011-11-18 09:43:00,1022.592,350,0.014285714285714285,"£5,001–£10,000",Repeat,22,4,4,5,13,5112.96
13946.0,561.5699999999999,3,443,2011-03-17 10:02:00,2011-09-21 13:33:00,187.18999999999997,188,0.015957446808510637,"£501–£1,000",Repeat,79,2,3,3,8,561.5699999999998
13947.0,90.6,1,44,2011-10-05 14:42:00,2011-10-05 14:42:00,90.6,1,1.0,£0–£500,One-Time,65,3,1,1,5,90.6
13948.0,102.0,1,40,2010-12-14 10:18:00,2010-12-14 10:18:00,102.0,1,1.0,£0–£500,One-Time,361,1,1,1,3,102.0
13949.0,2427.32,6,2474,2011-09-06 11:55:00,2011-12-07 09:35:00,404.55333333333334,91,0.06593406593406594,"£1,001–£2,500",Repeat,3,5,5,5,15,2427.32
13950.0,745.06,4,323,2011-04-07 11:29:00,2011-11-28 14:44:00,186.265,235,0.01702127659574468,"£501–£1,000",Repeat,11,5,4,3,12,745.06
13951.0,674.45,3,459,2011-02-18 15:21:00,2011-06-16 16:43:00,224.8166666666667,118,0.025423728813559324,"£501–£1,000",Repeat,176,2,3,3,8,674.4500000000002
13952.0,3251.071,2,1431,2011-04-15 09:27:00,2011-05-06 09:00:00,1625.5355,20,0.1,"£2,501–£5,000",Repeat,218,1,2,5,8,3251.071
13953.0,3515.68,7,2724,2010-12-22 10:29:00,2011-12-02 16:04:00,502.23999999999995,345,0.020289855072463767,"£2,501–£5,000",Repeat,7,5,5,5,15,3515.679999999999
13954.0,439.92,2,150,2011-09-30 10:52:00,2011-12-08 12:50:00,219.96,69,0.028985507246376812,£0–£500,Repeat,2,5,3,2,10,439.92
13955.0,322.96,2,154,2011-02-07 12:24:00,2011-07-08 17:19:00,161.48,151,0.013245033112582781,£0–£500,Repeat,154,2,3,2,7,322.96
13956.0,1019.27,5,486,2011-03-13 12:51:00,2011-12-04 13:20:00,203.85399999999998,266,0.018796992481203006,"£1,001–£2,500",Repeat,5,5,4,4,13,1019.2699999999999
13959.0,594.04,3,355,2010-12-12 13:56:00,2011-09-21 15:06:00,198.01333333333332,283,0.01060070671378092,"£501–£1,000",Repeat,79,2,3,3,8,594.0400000000001
13960.0,230.22,2,142,2011-09-29 12:39:00,2011-11-18 15:27:00,115.11,50,0.04,£0–£500,Repeat,21,4,3,1,8,230.22
13962.0,169.55,2,87,2011-04-08 11:21:00,2011-11-18 08:47:00,84.775,223,0.008968609865470852,£0–£500,Repeat,22,4,3,1,8,169.55
13963.0,664.54,4,460,2010-12-07 09:21:00,2011-02-04 14:43:00,166.135,59,0.06779661016949153,"£501–£1,000",Repeat,308,1,4,3,8,664.54
13967.0,80.7,1,42,2011-07-17 12:02:00,2011-07-17 12:02:00,80.7,1,1.0,£0–£500,One-Time,146,2,1,1,4,80.7
13969.0,9024.17,18,4528,2010-12-09 19:32:00,2011-12-02 15:11:00,501.34277777777777,357,0.05042016806722689,"£5,001–£10,000",Repeat,7,5,5,5,15,9024.17
13971.0,2758.26,8,1844,2011-02-27 12:27:00,2011-11-21 12:06:00,344.7825,266,0.03007518796992481,"£2,501–£5,000",Repeat,19,4,5,5,14,2758.2599999999998
13972.0,190.25,2,187,2011-05-22 11:34:00,2011-09-30 11:54:00,95.125,131,0.015267175572519083,£0–£500,Repeat,71,3,3,1,7,190.24999999999997
13973.0,264.7,1,109,2011-02-25 15:21:00,2011-02-25 15:21:00,264.7,1,1.0,£0–£500,One-Time,287,1,1,2,4,264.7
13974.0,413.59000000000003,1,249,2011-10-21 14:41:00,2011-10-21 14:41:00,413.59000000000003,1,1.0,£0–£500,One-Time,49,3,1,2,6,413.59000000000003
13975.0,2461.2400000000002,6,1697,2011-03-08 12:19:00,2011-11-08 13:19:00,410.2066666666667,245,0.024489795918367346,"£1,001–£2,500",Repeat,31,4,5,5,14,2461.2400000000002
13976.0,357.98,1,154,2011-05-17 09:13:00,2011-05-17 09:13:00,357.98,1,1.0,£0–£500,One-Time,207,1,1,2,4,357.98
13978.0,196.79000000000002,2,315,2011-10-25 15:04:00,2011-11-25 11:36:00,98.39500000000001,30,0.06666666666666667,£0–£500,Repeat,15,4,3,1,8,196.79000000000002
13979.0,869.87,1,639,2011-09-27 13:32:00,2011-09-27 13:32:00,869.87,1,1.0,"£501–£1,000",One-Time,73,2,1,3,6,869.87
13980.0,200.14,1,172,2011-10-10 13:34:00,2011-10-10 13:34:00,200.14,1,1.0,£0–£500,One-Time,60,3,1,1,5,200.14
13982.0,1871.81,4,1136,2010-12-09 13:57:00,2011-10-31 16:24:00,467.9525,326,0.012269938650306749,"£1,001–£2,500",Repeat,39,3,4,4,11,1871.81
13983.0,2603.43,12,1183,2010-12-08 10:38:00,2011-11-10 11:06:00,216.9525,337,0.03560830860534125,"£2,501–£5,000",Repeat,30,4,5,5,14,2603.43
13984.0,920.51,5,679,2010-12-08 15:58:00,2011-11-13 12:38:00,184.102,339,0.014749262536873156,"£501–£1,000",Repeat,27,4,4,3,11,920.5100000000001
13985.0,7060.13,15,3445,2011-03-20 13:48:00,2011-12-05 17:06:00,470.67533333333336,260,0.057692307692307696,"£5,001–£10,000",Repeat,4,5,5,5,15,7060.13
13986.0,320.46,1,430,2011-11-22 15:00:00,2011-11-22 15:00:00,320.46,1,1.0,£0–£500,One-Time,17,4,1,2,7,320.46
13988.0,4147.96,6,3044,2011-03-30 11:48:00,2011-11-20 10:15:00,691.3266666666667,234,0.02564102564102564,"£2,501–£5,000",Repeat,20,4,5,5,14,4147.96
13989.0,1266.08,2,1313,2011-04-14 15:39:00,2011-10-05 09:47:00,633.04,173,0.011560693641618497,"£1,001–£2,500",Repeat,66,3,3,4,10,1266.08
13990.0,311.3,1,190,2011-05-10 15:19:00,2011-05-10 15:19:00,311.3,1,1.0,£0–£500,One-Time,213,1,1,2,4,311.3
13991.0,852.88,6,995,2011-07-19 12:58:00,2011-11-27 16:18:00,142.14666666666668,131,0.04580152671755725,"£501–£1,000",Repeat,12,5,5,3,13,852.88
13992.0,76.8,1,64,2011-11-09 15:23:00,2011-11-09 15:23:00,76.8,1,1.0,£0–£500,One-Time,30,4,1,1,6,76.8
13993.0,3466.36,9,900,2011-01-13 10:43:00,2011-10-28 09:06:00,385.1511111111111,287,0.0313588850174216,"£2,501–£5,000",Repeat,43,3,5,5,13,3466.36
13994.0,2274.14,6,932,2011-07-14 18:28:00,2011-12-06 11:05:00,379.0233333333333,144,0.041666666666666664,"£1,001–£2,500",Repeat,4,5,5,5,15,2274.14
13995.0,1393.69,5,879,2011-04-08 08:20:00,2011-11-24 14:22:00,278.738,230,0.021739130434782608,"£1,001–£2,500",Repeat,15,4,4,4,12,1393.6899999999998
13999.0,3901.81,12,2243,2010-12-13 11:23:00,2011-11-29 13:40:00,325.1508333333333,351,0.03418803418803419,"£2,501–£5,000",Repeat,10,5,5,5,15,3901.8100000000004
14000.0,635.66,1,710,2011-05-12 16:50:00,2011-05-12 16:50:00,635.66,1,1.0,"£501–£1,000",One-Time,211,1,1,3,5,635.66
14001.0,2043.0800000000002,3,962,2010-12-01 12:58:00,2011-10-25 10:31:00,681.0266666666668,327,0.009174311926605505,"£1,001–£2,500",Repeat,46,3,3,4,10,2043.0800000000004
14002.0,529.73,2,877,2011-07-06 14:59:00,2011-07-28 15:55:00,264.865,22,0.09090909090909091,"£501–£1,000",Repeat,134,2,3,3,8,529.73
14004.0,4582.64,7,2668,2011-02-24 09:28:00,2011-10-27 14:40:00,654.6628571428572,245,0.02857142857142857,"£2,501–£5,000",Repeat,43,3,5,5,13,4582.64
14005.0,2874.72,5,2478,2011-05-08 10:33:00,2011-11-30 12:41:00,574.944,206,0.024271844660194174,"£2,501–£5,000",Repeat,10,5,4,5,14,2874.72
14006.0,962.19,3,641,2011-01-31 15:11:00,2011-08-16 09:39:00,320.73,196,0.015306122448979591,"£501–£1,000",Repeat,116,2,3,4,9,962.1899999999999
14009.0,695.61,2,365,2011-05-18 13:00:00,2011-05-25 15:47:00,347.805,7,0.2857142857142857,"£501–£1,000",Repeat,198,1,3,3,7,695.61
14012.0,328.8,1,160,2011-03-07 12:26:00,2011-03-07 12:26:00,328.8,1,1.0,£0–£500,One-Time,278,1,1,2,4,328.8
14013.0,473.02,3,462,2011-03-09 08:59:00,2011-08-21 15:01:00,157.67333333333332,165,0.01818181818181818,£0–£500,Repeat,110,2,3,2,7,473.0199999999999
14014.0,505.18,1,1076,2011-09-23 13:18:00,2011-09-23 13:18:00,505.18,1,1.0,"£501–£1,000",One-Time,77,2,1,3,6,505.18
14015.0,917.34,1,378,2011-10-18 10:02:00,2011-10-18 10:02:00,917.34,1,1.0,"£501–£1,000",One-Time,53,3,1,3,7,917.34
14016.0,4341.21,4,2125,2010-12-17 14:21:00,2011-07-01 11:29:00,1085.3025,195,0.020512820512820513,"£2,501–£5,000",Repeat,162,2,4,5,11,4341.21
14019.0,1421.61,3,1037,2011-07-24 15:39:00,2011-10-24 10:13:00,473.86999999999995,91,0.03296703296703297,"£1,001–£2,500",Repeat,47,3,3,4,10,1421.61
14020.0,642.8,2,441,2011-09-12 15:32:00,2011-11-23 09:22:00,321.4,71,0.028169014084507043,"£501–£1,000",Repeat,17,4,3,3,10,642.8
14021.0,631.9,3,192,2011-03-28 15:10:00,2011-07-07 15:46:00,210.63333333333333,101,0.0297029702970297,"£501–£1,000",Repeat,155,2,3,3,8,631.9
14022.0,440.0,1,487,2011-04-28 14:39:00,2011-04-28 14:39:00,440.0,1,1.0,£0–£500,One-Time,225,1,1,2,4,440.0
14023.0,584.07,2,345,2011-04-03 15:50:00,2011-12-02 13:58:00,292.035,242,0.008264462809917356,"£501–£1,000",Repeat,7,5,3,3,11,584.07
14024.0,327.7,2,150,2011-08-07 13:31:00,2011-08-10 11:30:00,163.85,2,1.0,£0–£500,Repeat,122,2,3,2,7,327.7
14027.0,104.82,1,62,2011-10-10 09:01:00,2011-10-10 09:01:00,104.82,1,1.0,£0–£500,One-Time,61,3,1,1,5,104.82
14029.0,467.66,2,198,2011-07-18 16:57:00,2011-10-07 14:46:00,233.83,80,0.025,£0–£500,Repeat,63,3,3,2,8,467.6600000000001
14030.0,2358.84,8,1478,2010-12-08 16:11:00,2011-11-21 16:48:00,294.855,348,0.022988505747126436,"£1,001–£2,500",Repeat,18,4,5,5,14,2358.84
14031.0,17286.86,19,5788,2010-12-02 16:34:00,2011-12-02 17:13:00,909.8347368421053,365,0.052054794520547946,"Above £10,000",Repeat,7,5,5,5,15,17286.86
14032.0,2975.59,11,2032,2010-12-08 10:53:00,2011-12-07 15:23:00,270.5081818181818,364,0.03021978021978022,"£2,501–£5,000",Repeat,2,5,5,5,15,2975.5899999999997
14034.0,648.89,3,420,2011-07-05 13:06:00,2011-11-17 14:02:00,216.29666666666665,135,0.022222222222222223,"£501–£1,000",Repeat,22,4,3,3,10,648.89
14035.0,1428.02,5,739,2011-02-15 12:48:00,2011-11-11 10:03:00,285.604,268,0.018656716417910446,"£1,001–£2,500",Repeat,29,4,4,4,12,1428.0199999999998
14036.0,626.65,1,268,2011-02-28 09:26:00,2011-02-28 09:26:00,626.65,1,1.0,"£501–£1,000",One-Time,285,1,1,3,5,626.65
14037.0,147.20000000000002,2,46,2010-12-10 11:39:00,2011-06-16 13:57:00,73.60000000000001,188,0.010638297872340425,£0–£500,Repeat,176,2,3,1,6,147.20000000000002
14038.0,1560.38,3,965,2011-05-16 14:05:00,2011-09-22 13:37:00,520.1266666666667,128,0.0234375,"£1,001–£2,500",Repeat,78,2,3,4,9,1560.38
14039.0,152.2,1,92,2011-11-06 13:48:00,2011-11-06 13:48:00,152.2,1,1.0,£0–£500,One-Time,33,4,1,1,6,152.2
14040.0,3560.32,12,1544,2011-01-12 14:57:00,2011-10-30 12:42:00,296.6933333333333,290,0.041379310344827586,"£2,501–£5,000",Repeat,41,3,5,5,13,3560.32
14041.0,141.41,1,94,2011-03-18 13:25:00,2011-03-18 13:25:00,141.41,1,1.0,£0–£500,One-Time,266,1,1,1,3,141.41
14044.0,646.42,4,304,2011-02-03 11:39:00,2011-11-13 12:05:00,161.605,283,0.014134275618374558,"£501–£1,000",Repeat,27,4,4,3,11,646.4199999999998
14045.0,1659.75,4,535,2010-12-01 11:32:00,2011-08-22 15:27:00,414.9375,264,0.015151515151515152,"£1,001–£2,500",Repeat,109,2,4,4,10,1659.75
14046.0,154.99,1,460,2011-02-28 14:48:00,2011-02-28 14:48:00,154.99,1,1.0,£0–£500,One-Time,284,1,1,1,3,154.99
14047.0,1308.6100000000001,5,381,2010-12-02 10:09:00,2011-12-01 11:43:00,261.72200000000004,364,0.013736263736263736,"£1,001–£2,500",Repeat,9,5,4,4,13,1308.6100000000001
14048.0,409.93,1,288,2011-02-07 14:53:00,2011-02-07 14:53:00,409.93,1,1.0,£0–£500,One-Time,305,1,1,2,4,409.93
14049.0,5578.72,4,3808,2011-01-26 11:27:00,2011-11-23 12:20:00,1394.68,301,0.013289036544850499,"£5,001–£10,000",Repeat,17,4,4,5,13,5578.72
14050.0,746.36,2,689,2011-08-25 13:46:00,2011-11-08 10:00:00,373.18,74,0.02702702702702703,"£501–£1,000",Repeat,32,4,3,3,10,746.36
14051.0,15610.390000000001,23,3756,2010-12-08 12:49:00,2011-12-09 10:20:00,678.7126086956522,365,0.06301369863013699,"Above £10,000",Repeat,1,5,5,5,15,15610.390000000001
14052.0,225.36,1,89,2011-11-20 12:30:00,2011-11-20 12:30:00,225.36,1,1.0,£0–£500,One-Time,20,4,1,1,6,225.36
14053.0,260.25,2,215,2011-07-03 12:21:00,2011-08-07 14:27:00,130.125,35,0.05714285714285714,£0–£500,Repeat,124,2,3,2,7,260.25
14054.0,92.46,1,62,2011-10-05 15:49:00,2011-10-05 15:49:00,92.46,1,1.0,£0–£500,One-Time,65,3,1,1,5,92.46
14055.0,725.6400000000001,1,216,2011-08-25 15:04:00,2011-08-25 15:04:00,725.6400000000001,1,1.0,"£501–£1,000",One-Time,106,2,1,3,6,725.6400000000001
14056.0,8152.71,23,4252,2011-02-28 15:19:00,2011-12-08 13:36:00,354.46565217391304,282,0.08156028368794327,"£5,001–£10,000",Repeat,1,5,5,5,15,8152.71
14057.0,6211.66,17,4873,2010-12-14 12:11:00,2011-11-16 10:32:00,365.39176470588234,336,0.050595238095238096,"£5,001–£10,000",Repeat,24,4,5,5,14,6211.660000000001
14059.0,183.6,1,128,2011-03-18 10:06:00,2011-03-18 10:06:00,183.6,1,1.0,£0–£500,One-Time,267,1,1,1,3,183.6
14060.0,6140.42,19,5386,2010-12-02 12:11:00,2011-12-05 12:29:00,323.18,368,0.051630434782608696,"£5,001–£10,000",Repeat,5,5,5,5,15,6140.42
14062.0,10464.85,12,5593,2010-12-10 15:56:00,2011-11-30 10:04:00,872.0708333333333,354,0.03389830508474576,"Above £10,000",Repeat,10,5,5,5,15,10464.85
14064.0,1334.34,5,1772,2011-03-10 12:59:00,2011-11-10 13:14:00,266.868,245,0.02040816326530612,"£1,001–£2,500",Repeat,29,4,4,4,12,1334.34
14066.0,152.55,1,45,2011-03-18 12:21:00,2011-03-18 12:21:00,152.55,1,1.0,£0–£500,One-Time,267,1,1,1,3,152.55
14067.0,374.7,2,361,2011-09-04 12:00:00,2011-10-07 10:21:00,187.35,32,0.0625,£0–£500,Repeat,64,3,3,2,8,374.7
14068.0,265.85,1,73,2011-01-23 16:02:00,2011-01-23 16:02:00,265.85,1,1.0,£0–£500,One-Time,320,1,1,2,4,265.85
14071.0,1437.57,8,994,2011-03-20 11:33:00,2011-12-06 12:27:00,179.69625,261,0.03065134099616858,"£1,001–£2,500",Repeat,4,5,5,4,14,1437.57
14073.0,151.04,1,130,2011-11-07 15:49:00,2011-11-07 15:49:00,151.04,1,1.0,£0–£500,One-Time,32,4,1,1,6,151.04
14075.0,942.26,3,754,2011-03-23 16:35:00,2011-12-05 08:38:00,314.08666666666664,256,0.01171875,"£501–£1,000",Repeat,5,5,3,4,12,942.26
14076.0,118.67,1,79,2011-08-02 15:19:00,2011-08-02 15:19:00,118.67,1,1.0,£0–£500,One-Time,129,2,1,1,4,118.67
14077.0,499.41999999999996,5,268,2011-03-10 15:52:00,2011-10-30 12:35:00,99.88399999999999,233,0.02145922746781116,£0–£500,Repeat,41,3,4,3,10,499.4199999999999
14078.0,1049.37,6,310,2010-12-01 12:54:00,2011-08-30 12:16:00,174.89499999999998,271,0.02214022140221402,"£1,001–£2,500",Repeat,102,2,5,4,11,1049.37
14079.0,375.1,1,301,2011-08-07 12:10:00,2011-08-07 12:10:00,375.1,1,1.0,£0–£500,One-Time,125,2,1,2,5,375.1
14080.0,45.599999999999994,1,48,2011-11-07 11:09:00,2011-11-07 11:09:00,45.599999999999994,1,1.0,£0–£500,One-Time,33,4,1,1,6,45.599999999999994
14081.0,921.62,2,592,2010-12-05 15:47:00,2011-02-10 16:17:00,460.81,67,0.029850746268656716,"£501–£1,000",Repeat,302,1,3,3,7,921.62
14082.0,182.25,1,110,2010-12-10 11:02:00,2010-12-10 11:02:00,182.25,1,1.0,£0–£500,One-Time,365,1,1,1,3,182.25
14083.0,1002.9,9,705,2010-12-03 12:24:00,2011-12-05 13:14:00,111.43333333333334,367,0.02452316076294278,"£1,001–£2,500",Repeat,4,5,5,4,14,1002.9000000000001
14085.0,4421.29,18,3177,2010-12-06 12:39:00,2011-12-07 13:46:00,245.62722222222223,366,0.04918032786885246,"£2,501–£5,000",Repeat,2,5,5,5,15,4421.29
14087.0,191.47,1,250,2011-12-07 12:41:00,2011-12-07 12:41:00,191.47,1,1.0,£0–£500,One-Time,3,5,1,1,7,191.47
14088.0,50491.81,13,12665,2011-01-21 13:07:00,2011-11-29 16:16:00,3883.9853846153846,312,0.041666666666666664,"Above £10,000",Repeat,10,5,5,5,15,50491.81
14089.0,158.75,1,133,2011-10-14 10:38:00,2011-10-14 10:38:00,158.75,1,1.0,£0–£500,One-Time,57,3,1,1,5,158.75
14090.0,76.32000000000001,1,72,2011-01-19 10:51:00,2011-01-19 10:51:00,76.32000000000001,1,1.0,£0–£500,One-Time,325,1,1,1,3,76.32000000000001
14092.0,4076.91,14,2066,2010-12-16 15:47:00,2011-12-02 12:13:00,291.2078571428571,350,0.04,"£2,501–£5,000",Repeat,8,5,5,5,15,4076.91
14093.0,433.86,1,391,2011-11-27 16:27:00,2011-11-27 16:27:00,433.86,1,1.0,£0–£500,One-Time,12,5,1,2,8,433.86
14096.0,65164.79,17,16352,2011-08-30 10:49:00,2011-12-05 17:17:00,3833.2229411764706,97,0.17525773195876287,"Above £10,000",Repeat,4,5,5,5,15,65164.78999999999
14098.0,147.35,1,104,2011-11-03 10:13:00,2011-11-03 10:13:00,147.35,1,1.0,£0–£500,One-Time,37,3,1,1,5,147.35
14099.0,3104.17,11,2179,2010-12-20 11:14:00,2011-11-23 13:53:00,282.1972727272727,338,0.03254437869822485,"£2,501–£5,000",Repeat,16,4,5,5,14,3104.17
14100.0,191.95000000000002,1,63,2011-07-25 11:01:00,2011-07-25 11:01:00,191.95000000000002,1,1.0,£0–£500,One-Time,138,2,1,1,4,191.95000000000002
14101.0,5976.79,6,6942,2011-01-17 13:09:00,2011-09-27 12:28:00,996.1316666666667,252,0.023809523809523808,"£5,001–£10,000",Repeat,74,2,5,5,12,5976.789999999999
14102.0,1105.8799999999999,5,769,2011-10-26 12:46:00,2011-12-04 15:38:00,221.176,39,0.1282051282051282,"£1,001–£2,500",Repeat,5,5,4,4,13,1105.8799999999999
14104.0,216.20999999999998,2,72,2011-06-27 12:49:00,2011-07-08 12:50:00,108.10499999999999,11,0.18181818181818182,£0–£500,Repeat,155,2,3,1,6,216.20999999999998
14105.0,1266.23,1,800,2011-04-14 17:58:00,2011-04-14 17:58:00,1266.23,1,1.0,"£1,001–£2,500",One-Time,239,1,1,4,6,1266.23
14107.0,2703.23,7,1793,2010-12-10 13:29:00,2011-10-19 12:12:00,386.17571428571426,312,0.022435897435897436,"£2,501–£5,000",Repeat,52,3,5,5,13,2703.23
14108.0,597.91,2,381,2011-08-30 11:32:00,2011-11-09 10:41:00,298.955,70,0.02857142857142857,"£501–£1,000",Repeat,31,4,3,3,10,597.91
14109.0,144.2,1,88,2011-09-28 10:18:00,2011-09-28 10:18:00,144.2,1,1.0,£0–£500,One-Time,73,2,1,1,4,144.2
14110.0,5683.15,12,2445,2011-03-18 09:59:00,2011-12-06 12:26:00,473.5958333333333,263,0.045627376425855515,"£5,001–£10,000",Repeat,4,5,5,5,15,5683.15
14111.0,692.85,4,458,2011-04-12 11:36:00,2011-11-25 13:44:00,173.2125,227,0.01762114537444934,"£501–£1,000",Repeat,14,4,4,3,11,692.85
14112.0,2915.15,7,1651,2011-03-09 11:28:00,2011-11-17 12:30:00,416.45,253,0.02766798418972332,"£2,501–£5,000",Repeat,23,4,5,5,14,2915.15
14113.0,1840.42,4,745,2010-12-20 12:14:00,2011-12-06 12:18:00,460.105,351,0.011396011396011397,"£1,001–£2,500",Repeat,4,5,4,4,13,1840.4200000000003
14114.0,386.53,2,101,2011-01-13 11:05:00,2011-03-11 09:42:00,193.265,56,0.03571428571428571,£0–£500,Repeat,274,1,3,2,6,386.53
14116.0,1382.74,5,707,2011-08-10 12:44:00,2011-11-20 10:29:00,276.548,101,0.04950495049504951,"£1,001–£2,500",Repeat,20,4,4,4,12,1382.74
14117.0,90.0,1,72,2011-07-19 09:49:00,2011-07-19 09:49:00,90.0,1,1.0,£0–£500,One-Time,144,2,1,1,4,90.0
14121.0,2780.15,4,2082,2011-10-11 10:39:00,2011-12-06 12:19:00,695.0375,56,0.07142857142857142,"£2,501–£5,000",Repeat,4,5,4,5,14,2780.15
14124.0,419.58000000000004,1,1618,2011-09-16 13:32:00,2011-09-16 13:32:00,419.58000000000004,1,1.0,£0–£500,One-Time,84,2,1,2,5,419.58000000000004
14125.0,2720.63,3,1628,2011-09-22 15:40:00,2011-11-29 12:47:00,906.8766666666667,67,0.04477611940298507,"£2,501–£5,000",Repeat,11,5,3,5,13,2720.63
14126.0,706.1300000000001,3,508,2011-11-29 12:21:00,2011-12-02 11:45:00,235.3766666666667,2,1.5,"£501–£1,000",Repeat,8,5,3,3,11,706.1300000000001
14127.0,709.71,3,321,2011-02-02 12:26:00,2011-08-09 10:49:00,236.57000000000002,187,0.016042780748663103,"£501–£1,000",Repeat,123,2,3,3,8,709.7100000000002
14128.0,637.5,2,564,2011-03-29 10:49:00,2011-10-10 12:00:00,318.75,195,0.010256410256410256,"£501–£1,000",Repeat,61,3,3,3,9,637.5
14129.0,1123.8600000000001,5,592,2011-03-24 08:44:00,2011-12-08 11:02:00,224.77200000000002,259,0.019305019305019305,"£1,001–£2,500",Repeat,2,5,4,4,13,1123.8600000000001
14130.0,480.91,1,257,2011-01-24 16:05:00,2011-01-24 16:05:00,480.91,1,1.0,£0–£500,One-Time,319,1,1,2,4,480.91
14132.0,3586.0299999999997,11,3368,2011-06-09 12:04:00,2011-12-07 13:35:00,326.00272727272727,181,0.06077348066298342,"£2,501–£5,000",Repeat,2,5,5,5,15,3586.0299999999997
14133.0,605.64,3,348,2011-01-28 11:27:00,2011-08-02 11:34:00,201.88,186,0.016129032258064516,"£501–£1,000",Repeat,130,2,3,3,8,605.64
14135.0,4690.31,15,3850,2010-12-02 10:27:00,2011-12-08 11:38:00,312.68733333333336,371,0.04043126684636118,"£2,501–£5,000",Repeat,2,5,5,5,15,4690.3099999999995
14138.0,965.8800000000001,2,600,2011-10-07 09:38:00,2011-12-08 12:44:00,482.94000000000005,62,0.03225806451612903,"£501–£1,000",Repeat,2,5,3,4,12,965.8800000000001
14139.0,415.82,1,510,2011-10-24 13:34:00,2011-10-24 13:34:00,415.82,1,1.0,£0–£500,One-Time,46,3,1,2,6,415.82
14140.0,935.05,2,811,2011-11-08 11:20:00,2011-12-06 09:05:00,467.525,27,0.07407407407407407,"£501–£1,000",Repeat,4,5,3,4,12,935.05
14141.0,915.13,4,355,2011-08-26 14:40:00,2011-12-07 09:53:00,228.7825,102,0.0392156862745098,"£501–£1,000",Repeat,3,5,4,3,12,915.1299999999999
14142.0,311.81,1,313,2010-12-01 16:33:00,2010-12-01 16:33:00,311.81,1,1.0,£0–£500,One-Time,373,1,1,2,4,311.81
14143.0,115.8,1,30,2011-07-29 09:48:00,2011-07-29 09:48:00,115.8,1,1.0,£0–£500,One-Time,134,2,1,1,4,115.8
14145.0,3742.2,4,756,2011-05-06 13:01:00,2011-10-24 12:10:00,935.55,170,0.023529411764705882,"£2,501–£5,000",Repeat,47,3,4,5,12,3742.2
14146.0,4191.0,5,2437,2010-12-17 15:52:00,2011-12-01 10:18:00,838.2,348,0.014367816091954023,"£2,501–£5,000",Repeat,9,5,4,5,14,4191.0
14147.0,483.4,2,108,2011-02-27 11:42:00,2011-09-22 18:10:00,241.7,207,0.00966183574879227,£0–£500,Repeat,78,2,3,2,7,483.4
14148.0,157.2,1,16,2011-04-20 12:02:00,2011-04-20 12:02:00,157.2,1,1.0,£0–£500,One-Time,234,1,1,1,3,157.2
14149.0,446.62,1,218,2011-05-03 09:44:00,2011-05-03 09:44:00,446.62,1,1.0,£0–£500,One-Time,221,1,1,2,4,446.62
14150.0,658.64,2,496,2010-12-15 10:04:00,2011-11-04 10:05:00,329.32,324,0.006172839506172839,"£501–£1,000",Repeat,36,3,3,3,9,658.6399999999999
14152.0,621.29,2,711,2011-04-19 15:46:00,2011-09-25 12:54:00,310.645,158,0.012658227848101266,"£501–£1,000",Repeat,75,2,3,3,8,621.29
14154.0,1345.62,2,465,2011-04-14 15:58:00,2011-04-14 16:26:00,672.81,1,2.0,"£1,001–£2,500",Repeat,239,1,3,4,8,1345.62
14155.0,118.75,1,25,2011-03-18 14:13:00,2011-03-18 14:13:00,118.75,1,1.0,£0–£500,One-Time,266,1,1,1,3,118.75
14156.0,117210.08,55,57768,2010-12-03 11:48:00,2011-11-30 10:54:00,2131.0923636363636,361,0.1523545706371191,"Above £10,000",Repeat,10,5,5,5,15,117210.07999999999
14157.0,424.89000000000004,2,271,2011-02-27 13:04:00,2011-11-20 11:32:00,212.44500000000002,265,0.007547169811320755,£0–£500,Repeat,20,4,3,2,9,424.89000000000004
14158.0,507.66,1,781,2011-10-30 15:08:00,2011-10-30 15:08:00,507.66,1,1.0,"£501–£1,000",One-Time,40,3,1,3,7,507.66
14159.0,4630.35,11,4348,2010-12-12 11:17:00,2011-11-20 12:36:00,420.94090909090914,343,0.03206997084548105,"£2,501–£5,000",Repeat,20,4,5,5,14,4630.35
14161.0,1097.6200000000001,3,450,2010-12-05 13:18:00,2011-05-08 11:41:00,365.8733333333334,153,0.0196078431372549,"£1,001–£2,500",Repeat,216,1,3,4,8,1097.6200000000001
14162.0,289.36,2,142,2011-02-20 12:32:00,2011-06-19 11:36:00,144.68,118,0.01694915254237288,£0–£500,Repeat,174,2,3,2,7,289.36
14163.0,2445.91,4,893,2011-04-14 17:33:00,2011-09-13 15:18:00,611.4775,151,0.026490066225165563,"£1,001–£2,500",Repeat,87,2,4,5,11,2445.91
14164.0,1631.77,2,1033,2011-09-20 12:18:00,2011-09-30 12:24:00,815.885,10,0.2,"£1,001–£2,500",Repeat,71,3,3,4,10,1631.7700000000002
14165.0,120.44,1,53,2011-03-09 12:39:00,2011-03-09 12:39:00,120.44,1,1.0,£0–£500,One-Time,276,1,1,1,3,120.44
14167.0,562.59,4,147,2011-01-12 15:44:00,2011-10-31 14:29:00,140.6475,291,0.013745704467353952,"£501–£1,000",Repeat,39,3,4,3,10,562.59
14171.0,363.79,1,167,2011-09-02 16:43:00,2011-09-02 16:43:00,363.79,1,1.0,£0–£500,One-Time,98,2,1,2,5,363.79
14173.0,450.84,4,150,2011-05-04 14:03:00,2011-11-29 11:54:00,112.71,208,0.019230769230769232,£0–£500,Repeat,11,5,4,2,11,450.84
14174.0,134.46,1,94,2011-11-06 13:17:00,2011-11-06 13:17:00,134.46,1,1.0,£0–£500,One-Time,33,4,1,1,6,134.46
14175.0,3222.3,3,1515,2011-01-14 12:22:00,2011-10-11 11:55:00,1074.1000000000001,269,0.011152416356877323,"£2,501–£5,000",Repeat,60,3,3,5,11,3222.3
14176.0,576.9000000000001,4,209,2010-12-07 11:45:00,2011-02-15 13:12:00,144.22500000000002,70,0.05714285714285714,"£501–£1,000",Repeat,297,1,4,3,8,576.9000000000001
14177.0,549.46,4,204,2011-06-13 11:10:00,2011-09-14 15:11:00,137.365,93,0.043010752688172046,"£501–£1,000",Repeat,86,2,4,3,9,549.46
14178.0,1600.26,7,1494,2011-06-10 12:51:00,2011-12-01 12:01:00,228.60857142857142,173,0.04046242774566474,"£1,001–£2,500",Repeat,9,5,5,4,14,1600.26
14179.0,701.57,2,319,2011-10-18 14:00:00,2011-10-30 12:07:00,350.785,11,0.18181818181818182,"£501–£1,000",Repeat,41,3,3,3,9,701.57
14180.0,4748.52,25,719,2010-12-02 13:08:00,2011-11-29 10:56:00,189.94080000000002,361,0.06925207756232687,"£2,501–£5,000",Repeat,11,5,5,5,15,4748.520000000001
14184.0,452.89,1,127,2011-10-04 12:43:00,2011-10-04 12:43:00,452.89,1,1.0,£0–£500,One-Time,67,3,1,2,6,452.89
14185.0,197.65,1,6,2011-01-12 13:52:00,2011-01-12 13:52:00,197.65,1,1.0,£0–£500,One-Time,331,1,1,1,3,197.65
14188.0,2054.36,6,1162,2011-02-02 13:46:00,2011-11-09 12:45:00,342.3933333333334,279,0.021505376344086023,"£1,001–£2,500",Repeat,31,4,5,4,13,2054.3600000000006
14189.0,4654.08,15,3937,2010-12-06 11:42:00,2011-12-07 15:55:00,310.272,366,0.040983606557377046,"£2,501–£5,000",Repeat,2,5,5,5,15,4654.08
14191.0,4684.76,13,3662,2011-05-03 10:30:00,2011-12-08 09:23:00,360.36615384615385,218,0.05963302752293578,"£2,501–£5,000",Repeat,2,5,5,5,15,4684.760000000001
14193.0,853.39,2,445,2011-03-15 11:38:00,2011-10-03 09:34:00,426.695,201,0.009950248756218905,"£501–£1,000",Repeat,68,3,3,3,9,853.39
14194.0,11349.52,21,5840,2011-02-04 14:51:00,2011-12-05 10:38:00,540.4533333333334,303,0.06930693069306931,"Above £10,000",Repeat,5,5,5,5,15,11349.520000000002
14195.0,1012.0,2,760,2011-04-01 16:50:00,2011-05-22 10:29:00,506.0,50,0.04,"£1,001–£2,500",Repeat,202,1,3,4,8,1012.0000000000001
14196.0,335.52,1,142,2011-08-25 10:25:00,2011-08-25 10:25:00,335.52,1,1.0,£0–£500,One-Time,107,2,1,2,5,335.52
14198.0,701.4,4,290,2011-04-14 14:54:00,2011-11-21 16:35:00,175.35,221,0.01809954751131222,"£501–£1,000",Repeat,18,4,4,3,11,701.4000000000001
14199.0,185.39999999999998,1,28,2011-05-05 13:44:00,2011-05-05 13:44:00,185.39999999999998,1,1.0,£0–£500,One-Time,218,1,1,1,3,185.39999999999998
14201.0,747.44,7,590,2010-12-15 13:25:00,2011-10-10 13:27:00,106.77714285714286,299,0.023411371237458192,"£501–£1,000",Repeat,60,3,5,3,11,747.44
14204.0,150.61,1,72,2011-12-07 13:38:00,2011-12-07 13:38:00,150.61,1,1.0,£0–£500,One-Time,2,5,1,1,7,150.61
14205.0,466.7,2,204,2011-03-20 15:07:00,2011-11-23 10:55:00,233.35,247,0.008097165991902834,£0–£500,Repeat,17,4,3,2,9,466.7
14206.0,328.15999999999997,1,276,2011-04-14 16:38:00,2011-04-14 16:38:00,328.15999999999997,1,1.0,£0–£500,One-Time,239,1,1,2,4,328.15999999999997
14208.0,151.74,1,114,2011-09-06 12:48:00,2011-09-06 12:48:00,151.74,1,1.0,£0–£500,One-Time,95,2,1,1,4,151.74
14209.0,2073.43,6,691,2011-01-11 12:56:00,2011-11-29 10:18:00,345.57166666666666,321,0.018691588785046728,"£1,001–£2,500",Repeat,11,5,5,5,15,2073.43
14210.0,1905.8400000000001,6,760,2010-12-03 12:43:00,2011-08-26 12:36:00,317.64000000000004,265,0.022641509433962263,"£1,001–£2,500",Repeat,106,2,5,4,11,1905.8400000000001
14211.0,2241.1,9,1242,2011-02-17 15:50:00,2011-10-17 13:23:00,249.0111111111111,241,0.03734439834024896,"£1,001–£2,500",Repeat,53,3,5,5,13,2241.1
14212.0,1070.48,1,1152,2011-09-11 12:45:00,2011-09-11 12:45:00,1070.48,1,1.0,"£1,001–£2,500",One-Time,90,2,1,4,7,1070.48
14214.0,1004.38,5,751,2011-03-07 12:26:00,2011-11-09 10:31:00,200.876,246,0.02032520325203252,"£1,001–£2,500",Repeat,31,4,4,4,12,1004.38
14215.0,1789.72,6,1358,2010-12-06 15:34:00,2011-11-28 12:19:00,298.2866666666667,356,0.016853932584269662,"£1,001–£2,500",Repeat,12,5,5,4,14,1789.72
14216.0,1839.3,4,594,2011-11-02 10:51:00,2011-12-06 14:56:00,459.825,34,0.11764705882352941,"£1,001–£2,500",Repeat,3,5,4,4,13,1839.3
14217.0,2004.98,17,689,2010-12-08 13:28:00,2011-12-08 11:53:00,117.94,364,0.046703296703296704,"£1,001–£2,500",Repeat,2,5,5,4,14,2004.98
14218.0,169.48000000000002,1,160,2011-10-28 10:00:00,2011-10-28 10:00:00,169.48000000000002,1,1.0,£0–£500,One-Time,43,3,1,1,5,169.48000000000002
14219.0,89.94,1,78,2011-12-05 16:23:00,2011-12-05 16:23:00,89.94,1,1.0,£0–£500,One-Time,4,5,1,1,7,89.94
14220.0,632.4,2,272,2010-12-16 18:18:00,2011-04-06 13:23:00,316.2,110,0.01818181818181818,"£501–£1,000",Repeat,247,1,3,3,7,632.4
14221.0,3432.8,9,2191,2011-01-04 15:33:00,2011-10-28 13:42:00,381.4222222222222,296,0.030405405405405407,"£2,501–£5,000",Repeat,42,3,5,5,13,3432.8
14222.0,683.17,1,607,2011-06-15 16:42:00,2011-06-15 16:42:00,683.17,1,1.0,"£501–£1,000",One-Time,177,2,1,3,6,683.17
14223.0,991.13,3,585,2011-03-20 16:02:00,2011-09-08 13:38:00,330.37666666666667,171,0.017543859649122806,"£501–£1,000",Repeat,92,2,3,4,9,991.13
14224.0,1009.73,4,483,2011-01-23 13:58:00,2011-08-21 13:24:00,252.4325,209,0.019138755980861243,"£1,001–£2,500",Repeat,110,2,4,4,10,1009.73
14226.0,2214.79,5,1296,2011-03-15 15:36:00,2011-11-11 11:34:00,442.95799999999997,240,0.020833333333333332,"£1,001–£2,500",Repeat,29,4,4,5,13,2214.7899999999995
14227.0,3350.96,10,1820,2011-02-28 12:27:00,2011-11-13 15:48:00,335.096,258,0.03875968992248062,"£2,501–£5,000",Repeat,26,4,5,5,14,3350.96
14229.0,1547.2,3,610,2011-01-10 12:03:00,2011-10-19 10:04:00,515.7333333333333,281,0.010676156583629894,"£1,001–£2,500",Repeat,52,3,3,4,10,1547.2000000000003
14231.0,925.71,3,409,2011-02-24 11:55:00,2011-06-09 11:05:00,308.57,104,0.028846153846153848,"£501–£1,000",Repeat,184,1,3,3,7,925.7099999999999
14232.0,2048.07,5,1941,2011-03-20 12:44:00,2011-10-28 11:09:00,409.61400000000003,221,0.02262443438914027,"£1,001–£2,500",Repeat,43,3,4,4,11,2048.07
14233.0,1462.72,4,680,2011-01-26 12:43:00,2011-10-21 15:54:00,365.68,268,0.014925373134328358,"£1,001–£2,500",Repeat,49,3,4,4,11,1462.72
14234.0,754.12,4,951,2011-10-13 13:58:00,2011-11-17 17:53:00,188.53,35,0.11428571428571428,"£501–£1,000",Repeat,22,4,4,3,11,754.1199999999999
14235.0,3144.86,5,1959,2011-03-24 13:23:00,2011-09-25 14:37:00,628.972,185,0.02702702702702703,"£2,501–£5,000",Repeat,75,2,4,5,11,3144.8599999999997
14236.0,490.86,2,310,2010-12-02 18:49:00,2011-09-20 09:13:00,245.43,291,0.006872852233676976,£0–£500,Repeat,81,2,3,3,8,490.86
14237.0,161.0,1,38,2010-12-01 13:20:00,2010-12-01 13:20:00,161.0,1,1.0,£0–£500,One-Time,373,1,1,1,3,161.0
14238.0,146.85,1,111,2011-01-17 14:40:00,2011-01-17 14:40:00,146.85,1,1.0,£0–£500,One-Time,326,1,1,1,3,146.85
14239.0,2380.85,11,993,2011-01-27 14:45:00,2011-10-27 14:40:00,216.4409090909091,272,0.04044117647058824,"£1,001–£2,500",Repeat,43,3,5,5,13,2380.8500000000004
14240.0,890.34,2,418,2011-04-28 11:40:00,2011-11-09 13:45:00,445.17,195,0.010256410256410256,"£501–£1,000",Repeat,30,4,3,3,10,890.34
14241.0,213.70000000000002,1,146,2011-06-09 11:46:00,2011-06-09 11:46:00,213.70000000000002,1,1.0,£0–£500,One-Time,184,1,1,1,3,213.70000000000002
14242.0,280.55,2,123,2011-01-18 08:53:00,2011-04-19 11:46:00,140.275,91,0.02197802197802198,£0–£500,Repeat,235,1,3,2,6,280.55
14243.0,2588.77,10,1221,2010-12-09 08:34:00,2011-12-01 11:12:00,258.877,357,0.028011204481792718,"£2,501–£5,000",Repeat,9,5,5,5,15,2588.7700000000004
14245.0,1693.45,2,976,2011-03-21 10:41:00,2011-05-04 08:40:00,846.725,43,0.046511627906976744,"£1,001–£2,500",Repeat,220,1,3,4,8,1693.45
14246.0,1474.06,3,804,2011-04-08 08:25:00,2011-08-21 11:50:00,491.3533333333333,135,0.022222222222222223,"£1,001–£2,500",Repeat,111,2,3,4,9,1474.06
14247.0,136.76999999999998,1,47,2011-03-06 15:21:00,2011-03-06 15:21:00,136.76999999999998,1,1.0,£0–£500,One-Time,278,1,1,1,3,136.76999999999998
14248.0,302.58,1,102,2011-01-25 14:45:00,2011-01-25 14:45:00,302.58,1,1.0,£0–£500,One-Time,318,1,1,2,4,302.58
14250.0,1904.05,3,1200,2011-09-11 13:44:00,2011-12-02 14:30:00,634.6833333333333,82,0.036585365853658534,"£1,001–£2,500",Repeat,7,5,3,4,12,1904.0499999999995
14251.0,2879.7000000000003,5,1674,2011-10-13 12:46:00,2011-12-08 08:32:00,575.94,55,0.09090909090909091,"£2,501–£5,000",Repeat,2,5,4,5,14,2879.7000000000003
14256.0,969.0600000000001,2,414,2010-12-10 11:44:00,2011-03-24 13:17:00,484.53000000000003,104,0.019230769230769232,"£501–£1,000",Repeat,260,1,3,4,8,969.0600000000002
14257.0,3099.7200000000003,5,1682,2011-01-25 10:49:00,2011-10-06 16:54:00,619.9440000000001,254,0.01968503937007874,"£2,501–£5,000",Repeat,64,3,4,5,12,3099.7200000000003
14258.0,12669.98,9,7100,2011-01-06 12:18:00,2011-11-30 15:27:00,1407.7755555555555,328,0.027439024390243903,"Above £10,000",Repeat,9,5,5,5,15,12669.98
14259.0,120.0,1,68,2011-07-21 10:44:00,2011-07-21 10:44:00,120.0,1,1.0,£0–£500,One-Time,142,2,1,1,4,120.0
14261.0,1163.45,2,406,2011-09-22 10:47:00,2011-10-20 10:04:00,581.725,27,0.07407407407407407,"£1,001–£2,500",Repeat,51,3,3,4,10,1163.45
14262.0,2618.23,8,1645,2011-04-13 12:23:00,2011-12-01 14:17:00,327.27875,232,0.034482758620689655,"£2,501–£5,000",Repeat,8,5,5,5,15,2618.23
14264.0,333.97,2,70,2011-04-08 12:20:00,2011-07-08 10:20:00,166.985,90,0.022222222222222223,£0–£500,Repeat,155,2,3,2,7,333.97
14265.0,530.18,2,330,2011-07-14 09:10:00,2011-08-22 13:32:00,265.09,39,0.05128205128205128,"£501–£1,000",Repeat,109,2,3,3,8,530.18
14267.0,1516.24,3,530,2011-03-24 11:38:00,2011-06-30 10:09:00,505.41333333333336,97,0.030927835051546393,"£1,001–£2,500",Repeat,163,2,3,4,9,1516.24
14270.0,492.65000000000003,1,197,2011-01-12 09:33:00,2011-01-12 09:33:00,492.65000000000003,1,1.0,£0–£500,One-Time,332,1,1,3,5,492.65000000000003
14271.0,112.32,1,88,2011-04-28 12:47:00,2011-04-28 12:47:00,112.32,1,1.0,£0–£500,One-Time,226,1,1,1,3,112.32
14272.0,437.96,2,599,2011-03-30 13:57:00,2011-09-27 10:08:00,218.98,180,0.011111111111111112,£0–£500,Repeat,74,2,3,2,7,437.96000000000004
14273.0,559.97,4,264,2011-04-11 13:24:00,2011-10-19 13:20:00,139.9925,190,0.021052631578947368,"£501–£1,000",Repeat,51,3,4,3,10,559.97
14276.0,1119.74,3,744,2011-02-23 09:38:00,2011-09-02 09:45:00,373.24666666666667,191,0.015706806282722512,"£1,001–£2,500",Repeat,99,2,3,4,9,1119.7399999999998
14277.0,4188.0,3,1976,2011-05-11 13:20:00,2011-11-24 15:01:00,1396.0,197,0.015228426395939087,"£2,501–£5,000",Repeat,15,4,3,5,12,4188.0
14280.0,134.04,1,52,2011-05-27 10:37:00,2011-05-27 10:37:00,134.04,1,1.0,£0–£500,One-Time,197,1,1,1,3,134.04
14282.0,3701.44,15,2656,2010-12-07 12:21:00,2011-12-06 17:04:00,246.76266666666666,364,0.04120879120879121,"£2,501–£5,000",Repeat,3,5,5,5,15,3701.44
14284.0,595.25,2,161,2011-09-14 13:04:00,2011-11-09 08:11:00,297.625,55,0.03636363636363636,"£501–£1,000",Repeat,31,4,3,3,10,595.25
14285.0,1910.01,4,541,2011-06-16 12:36:00,2011-11-18 14:50:00,477.5025,155,0.025806451612903226,"£1,001–£2,500",Repeat,21,4,4,4,12,1910.01
14286.0,4628.75,3,4338,2011-04-11 08:16:00,2011-11-16 10:34:00,1542.9166666666667,219,0.0136986301369863,"£2,501–£5,000",Repeat,24,4,3,5,12,4628.75
14287.0,176.63,3,261,2011-05-25 11:41:00,2011-12-01 13:25:00,58.876666666666665,190,0.015789473684210527,£0–£500,Repeat,8,5,3,1,9,176.63000000000002
14288.0,426.6,1,188,2011-05-10 13:22:00,2011-05-10 13:22:00,426.6,1,1.0,£0–£500,One-Time,213,1,1,2,4,426.6
14289.0,911.26,6,292,2011-02-23 12:33:00,2011-12-01 11:44:00,151.87666666666667,280,0.02142857142857143,"£501–£1,000",Repeat,9,5,5,3,13,911.26
14290.0,2314.65,5,915,2010-12-13 10:24:00,2011-11-28 14:02:00,462.93,350,0.014285714285714285,"£1,001–£2,500",Repeat,11,5,4,5,14,2314.65
14291.0,3883.25,11,2749,2011-03-09 15:20:00,2011-12-08 10:26:00,353.02272727272725,273,0.040293040293040296,"£2,501–£5,000",Repeat,2,5,5,5,15,3883.25
14292.0,4871.93,9,1663,2011-03-02 08:26:00,2011-12-02 11:50:00,541.3255555555556,275,0.03272727272727273,"£2,501–£5,000",Repeat,8,5,5,5,15,4871.930000000001
14293.0,1046.56,4,709,2010-12-06 10:18:00,2011-12-06 15:17:00,261.64,365,0.010958904109589041,"£1,001–£2,500",Repeat,3,5,4,4,13,1046.56
14295.0,166.20000000000002,1,84,2011-10-30 15:50:00,2011-10-30 15:50:00,166.20000000000002,1,1.0,£0–£500,One-Time,40,3,1,1,5,166.20000000000002
14297.0,1305.33,4,865,2011-03-10 08:31:00,2011-11-22 09:06:00,326.3325,257,0.01556420233463035,"£1,001–£2,500",Repeat,18,4,4,4,12,1305.33
14298.0,51527.3,44,58343,2010-12-14 12:59:00,2011-12-01 13:12:00,1171.075,352,0.125,"Above £10,000",Repeat,8,5,5,5,15,51527.3
14299.0,3965.62,9,2149,2010-12-09 10:30:00,2011-12-01 16:05:00,440.6244444444444,357,0.025210084033613446,"£2,501–£5,000",Repeat,8,5,5,5,15,3965.6199999999994
14300.0,43.2,1,32,2011-11-21 08:57:00,2011-11-21 08:57:00,43.2,1,1.0,£0–£500,One-Time,19,4,1,1,6,43.2
14301.0,640.14,1,606,2011-08-14 15:33:00,2011-08-14 15:33:00,640.14,1,1.0,"£501–£1,000",One-Time,117,2,1,3,6,640.14
14304.0,383.45,1,139,2011-05-01 11:50:00,2011-05-01 11:50:00,383.45,1,1.0,£0–£500,One-Time,223,1,1,2,4,383.45
14305.0,1858.96,3,1089,2011-07-27 14:14:00,2011-09-29 15:29:00,619.6533333333333,64,0.046875,"£1,001–£2,500",Repeat,71,3,3,4,10,1858.96
14306.0,2093.32,2,1075,2011-09-15 10:31:00,2011-10-19 13:23:00,1046.66,34,0.058823529411764705,"£1,001–£2,500",Repeat,51,3,3,5,11,2093.32
14307.0,2995.72,6,2058,2010-12-01 11:41:00,2011-09-12 09:38:00,499.28666666666663,284,0.02112676056338028,"£2,501–£5,000",Repeat,89,2,5,5,12,2995.72
14309.0,2352.53,9,1633,2010-12-16 13:05:00,2011-12-01 13:33:00,261.39222222222224,350,0.025714285714285714,"£1,001–£2,500",Repeat,8,5,5,5,15,2352.53
14311.0,310.26,1,146,2011-04-11 10:14:00,2011-04-11 10:14:00,310.26,1,1.0,£0–£500,One-Time,243,1,1,2,4,310.26
14312.0,1611.59,6,1012,2011-01-06 16:35:00,2011-10-24 09:46:00,268.5983333333333,290,0.020689655172413793,"£1,001–£2,500",Repeat,47,3,5,4,12,1611.5899999999997
14314.0,120.0,1,296,2011-08-25 10:39:00,2011-08-25 10:39:00,120.0,1,1.0,£0–£500,One-Time,107,2,1,1,4,120.0
14315.0,2481.13,6,1021,2011-03-18 12:59:00,2011-10-26 12:06:00,413.5216666666667,221,0.027149321266968326,"£1,001–£2,500",Repeat,45,3,5,5,13,2481.13
14317.0,508.58000000000004,1,255,2011-10-06 10:44:00,2011-10-06 10:44:00,508.58000000000004,1,1.0,"£501–£1,000",One-Time,65,3,1,3,7,508.58000000000004
14320.0,477.79,2,325,2011-01-11 09:12:00,2011-05-17 09:24:00,238.895,126,0.015873015873015872,£0–£500,Repeat,207,1,3,2,6,477.79
14321.0,1530.75,5,2406,2011-01-10 11:35:00,2011-11-29 09:47:00,306.15,322,0.015527950310559006,"£1,001–£2,500",Repeat,11,5,4,4,13,1530.7499999999998
14323.0,605.0600000000001,2,350,2011-04-15 11:44:00,2011-08-17 11:37:00,302.53000000000003,123,0.016260162601626018,"£501–£1,000",Repeat,115,2,3,3,8,605.0600000000001
14326.0,183.85,1,103,2011-04-11 15:04:00,2011-04-11 15:04:00,183.85,1,1.0,£0–£500,One-Time,242,1,1,1,3,183.85
14327.0,311.65,1,139,2011-06-29 13:58:00,2011-06-29 13:58:00,311.65,1,1.0,£0–£500,One-Time,163,2,1,2,5,311.65
14329.0,4975.24,7,3087,2011-01-14 13:42:00,2011-11-22 15:50:00,710.7485714285714,312,0.022435897435897436,"£2,501–£5,000",Repeat,17,4,5,5,14,4975.24
14331.0,462.65999999999997,2,252,2011-07-27 15:14:00,2011-08-07 13:17:00,231.32999999999998,10,0.2,£0–£500,Repeat,124,2,3,2,7,462.65999999999997
14332.0,840.21,3,463,2011-07-15 10:33:00,2011-11-17 11:54:00,280.07,125,0.024,"£501–£1,000",Repeat,23,4,3,3,10,840.21
14333.0,415.2,1,58,2011-10-03 10:38:00,2011-10-03 10:38:00,415.2,1,1.0,£0–£500,One-Time,68,3,1,2,6,415.2
14334.0,2552.21,8,1731,2010-12-16 17:37:00,2011-11-23 10:01:00,319.02625,341,0.02346041055718475,"£2,501–£5,000",Repeat,17,4,5,5,14,2552.21
14335.0,454.86,2,375,2011-09-04 13:07:00,2011-11-23 13:41:00,227.43,80,0.025,£0–£500,Repeat,16,4,3,2,9,454.86
14336.0,1614.91,4,1759,2011-03-08 16:48:00,2011-11-23 11:40:00,403.7275,259,0.015444015444015444,"£1,001–£2,500",Repeat,17,4,4,4,12,1614.91
14338.0,588.22,2,335,2011-05-27 13:30:00,2011-07-01 14:08:00,294.11,35,0.05714285714285714,"£501–£1,000",Repeat,161,2,3,3,8,588.22
14339.0,309.52,1,168,2011-04-11 11:06:00,2011-04-11 11:06:00,309.52,1,1.0,£0–£500,One-Time,243,1,1,2,4,309.52
14340.0,134.7,1,58,2011-05-05 09:44:00,2011-05-05 09:44:00,134.7,1,1.0,£0–£500,One-Time,219,1,1,1,3,134.7
14341.0,2166.98,8,1397,2011-01-25 13:55:00,2011-10-25 15:48:00,270.8725,273,0.029304029304029304,"£1,001–£2,500",Repeat,45,3,5,5,13,2166.98
14342.0,668.5600000000001,4,347,2011-05-13 13:50:00,2011-11-18 13:21:00,167.14000000000001,188,0.02127659574468085,"£501–£1,000",Repeat,21,4,4,3,11,668.5600000000001
14344.0,889.9300000000001,8,477,2010-12-06 11:58:00,2011-08-04 13:51:00,111.24125000000001,241,0.03319502074688797,"£501–£1,000",Repeat,127,2,5,3,10,889.9300000000001
14345.0,108.97999999999999,1,50,2011-11-01 09:51:00,2011-11-01 09:51:00,108.97999999999999,1,1.0,£0–£500,One-Time,39,3,1,1,5,108.97999999999999
14346.0,1021.58,2,605,2011-02-15 13:52:00,2011-08-11 09:47:00,510.79,176,0.011363636363636364,"£1,001–£2,500",Repeat,121,2,3,4,9,1021.58
14348.0,409.57,1,183,2011-03-24 16:23:00,2011-03-24 16:23:00,409.57,1,1.0,£0–£500,One-Time,260,1,1,2,4,409.57
14349.0,133.5,1,86,2011-11-29 15:39:00,2011-11-29 15:39:00,133.5,1,1.0,£0–£500,One-Time,10,5,1,1,7,133.5
14350.0,282.93,1,183,2011-03-10 14:14:00,2011-03-10 14:14:00,282.93,1,1.0,£0–£500,One-Time,274,1,1,2,4,282.93
14351.0,51.0,1,12,2011-06-28 11:56:00,2011-06-28 11:56:00,51.0,1,1.0,£0–£500,One-Time,165,2,1,1,4,51.0
14352.0,1078.96,4,538,2011-03-11 14:58:00,2011-07-05 15:41:00,269.74,116,0.034482758620689655,"£1,001–£2,500",Repeat,157,2,4,4,10,1078.96
14353.0,90.6,1,64,2011-05-08 16:06:00,2011-05-08 16:06:00,90.6,1,1.0,£0–£500,One-Time,215,1,1,1,3,90.6
14354.0,163.62,2,210,2011-11-09 15:36:00,2011-12-04 11:32:00,81.81,24,0.08333333333333333,£0–£500,Repeat,6,5,3,1,9,163.62
14355.0,174.4,1,92,2010-12-09 12:16:00,2010-12-09 12:16:00,174.4,1,1.0,£0–£500,One-Time,366,1,1,1,3,174.4
14356.0,701.23,2,277,2011-09-19 14:43:00,2011-09-21 09:18:00,350.615,1,2.0,"£501–£1,000",Repeat,80,2,3,3,8,701.23
14357.0,225.12,1,147,2011-10-27 16:23:00,2011-10-27 16:23:00,225.12,1,1.0,£0–£500,One-Time,43,3,1,1,5,225.12
14359.0,912.18,3,371,2011-09-13 09:03:00,2011-11-20 13:17:00,304.06,68,0.04411764705882353,"£501–£1,000",Repeat,19,4,3,3,10,912.1800000000001
14360.0,2118.03,4,1139,2011-09-06 11:58:00,2011-11-08 09:12:00,529.5075,62,0.06451612903225806,"£1,001–£2,500",Repeat,32,4,4,5,13,2118.03
14362.0,151.5,1,96,2011-11-17 15:08:00,2011-11-17 15:08:00,151.5,1,1.0,£0–£500,One-Time,22,4,1,1,6,151.5
14364.0,3717.35,8,1967,2011-05-12 12:56:00,2011-08-23 11:01:00,464.66875,102,0.0784313725490196,"£2,501–£5,000",Repeat,109,2,5,5,12,3717.35
14367.0,9227.82,16,4426,2011-03-08 14:12:00,2011-12-01 13:19:00,576.73875,267,0.0599250936329588,"£5,001–£10,000",Repeat,8,5,5,5,15,9227.82
14368.0,155.0,1,36,2011-01-24 09:52:00,2011-01-24 09:52:00,155.0,1,1.0,£0–£500,One-Time,320,1,1,1,3,155.0
14371.0,100.5,1,34,2011-02-17 16:35:00,2011-02-17 16:35:00,100.5,1,1.0,£0–£500,One-Time,295,1,1,1,3,100.5
14373.0,76.55,1,17,2010-12-16 15:40:00,2010-12-16 15:40:00,76.55,1,1.0,£0–£500,One-Time,358,1,1,1,3,76.55
14375.0,235.56,1,184,2011-06-07 13:44:00,2011-06-07 13:44:00,235.56,1,1.0,£0–£500,One-Time,185,1,1,1,3,235.56
14377.0,617.05,2,219,2011-03-22 13:38:00,2011-06-01 13:32:00,308.525,70,0.02857142857142857,"£501–£1,000",Repeat,191,1,3,3,7,617.05
14379.0,348.1,2,292,2011-02-17 15:03:00,2011-10-26 16:43:00,174.05,251,0.00796812749003984,£0–£500,Repeat,44,3,3,2,8,348.1
14381.0,202.68,1,146,2011-10-18 17:10:00,2011-10-18 17:10:00,202.68,1,1.0,£0–£500,One-Time,52,3,1,1,5,202.68
14382.0,615.49,1,1231,2011-11-13 16:18:00,2011-11-13 16:18:00,615.49,1,1.0,"£501–£1,000",One-Time,26,4,1,3,8,615.49
14383.0,1247.69,3,817,2011-06-29 10:18:00,2011-11-01 15:53:00,415.8966666666667,125,0.024,"£1,001–£2,500",Repeat,38,3,3,4,10,1247.6900000000003
14385.0,202.11,3,159,2011-11-16 11:55:00,2011-11-30 15:36:00,67.37,14,0.21428571428571427,£0–£500,Repeat,9,5,3,1,9,202.11
14386.0,142.4,1,54,2011-02-16 09:45:00,2011-02-16 09:45:00,142.4,1,1.0,£0–£500,One-Time,297,1,1,1,3,142.4
14387.0,1727.6,3,795,2011-08-22 14:13:00,2011-11-07 12:29:00,575.8666666666667,76,0.039473684210526314,"£1,001–£2,500",Repeat,33,4,3,4,11,1727.6
14388.0,3212.84,8,1941,2010-12-02 11:02:00,2011-11-29 13:32:00,401.605,362,0.022099447513812154,"£2,501–£5,000",Repeat,10,5,5,5,15,3212.84
14389.0,1043.46,2,729,2011-06-02 12:04:00,2011-10-05 15:17:00,521.73,125,0.016,"£1,001–£2,500",Repeat,65,3,3,4,10,1043.46
14390.0,4642.57,9,2133,2010-12-02 11:57:00,2011-11-29 13:49:00,515.8411111111111,362,0.024861878453038673,"£2,501–£5,000",Repeat,10,5,5,5,15,4642.57
14393.0,67.95,1,13,2011-05-05 18:16:00,2011-05-05 18:16:00,67.95,1,1.0,£0–£500,One-Time,218,1,1,1,3,67.95
14395.0,3479.91,9,1689,2010-12-02 18:15:00,2011-12-07 14:34:00,386.65666666666664,369,0.024390243902439025,"£2,501–£5,000",Repeat,2,5,5,5,15,3479.91
14396.0,487.99,2,225,2010-12-03 15:19:00,2011-10-05 16:09:00,243.995,306,0.006535947712418301,£0–£500,Repeat,65,3,3,3,9,487.99
14397.0,2612.96,19,1890,2011-05-10 12:25:00,2011-12-07 09:22:00,137.52421052631578,210,0.09047619047619047,"£2,501–£5,000",Repeat,3,5,5,5,15,2612.96
14400.0,574.7,1,454,2011-07-13 15:50:00,2011-07-13 15:50:00,574.7,1,1.0,"£501–£1,000",One-Time,149,2,1,3,6,574.7
14401.0,4051.48,13,4507,2010-12-15 09:07:00,2011-12-05 13:30:00,311.6523076923077,355,0.036619718309859155,"£2,501–£5,000",Repeat,4,5,5,5,15,4051.4800000000005
14403.0,1475.81,4,519,2011-04-06 14:23:00,2011-08-01 12:57:00,368.9525,116,0.034482758620689655,"£1,001–£2,500",Repeat,130,2,4,4,10,1475.81
14404.0,1449.32,6,827,2010-12-05 16:00:00,2011-11-06 12:30:00,241.5533333333333,335,0.01791044776119403,"£1,001–£2,500",Repeat,34,3,5,4,12,1449.32
14406.0,156.75,1,77,2011-08-12 16:54:00,2011-08-12 16:54:00,156.75,1,1.0,£0–£500,One-Time,119,2,1,1,4,156.75
14407.0,2157.73,6,1415,2011-03-08 11:59:00,2011-08-24 14:02:00,359.62166666666667,169,0.03550295857988166,"£1,001–£2,500",Repeat,107,2,5,5,12,2157.73
14408.0,2599.03,7,1610,2011-03-20 14:41:00,2011-11-29 11:41:00,371.29,253,0.02766798418972332,"£2,501–£5,000",Repeat,11,5,5,5,15,2599.03
14409.0,2059.4500000000003,6,1230,2010-12-06 15:03:00,2011-09-29 18:18:00,343.24166666666673,297,0.020202020202020204,"£1,001–£2,500",Repeat,71,3,5,5,13,2059.4500000000007
14410.0,1100.27,9,567,2011-02-07 09:36:00,2011-09-08 15:08:00,122.25222222222222,213,0.04225352112676056,"£1,001–£2,500",Repeat,92,2,5,4,11,1100.2699999999998
14411.0,1063.0,1,196,2011-02-02 10:56:00,2011-02-02 10:56:00,1063.0,1,1.0,"£1,001–£2,500",One-Time,311,1,1,4,6,1063.0
14412.0,770.03,2,786,2011-09-28 08:48:00,2011-10-28 10:45:00,385.015,30,0.06666666666666667,"£501–£1,000",Repeat,43,3,3,3,9,770.03
14413.0,121.05,1,67,2010-12-12 13:37:00,2010-12-12 13:37:00,121.05,1,1.0,£0–£500,One-Time,362,1,1,1,3,121.05
14414.0,1496.98,7,2512,2010-12-16 11:11:00,2011-09-09 12:09:00,213.8542857142857,267,0.026217228464419477,"£1,001–£2,500",Repeat,92,2,5,4,11,1496.98
14415.0,5855.57,13,2996,2010-12-14 13:31:00,2011-12-08 14:38:00,450.42846153846153,359,0.036211699164345405,"£5,001–£10,000",Repeat,1,5,5,5,15,5855.570000000001
14416.0,490.22,2,326,2011-10-28 15:10:00,2011-11-17 15:22:00,245.11,20,0.1,£0–£500,Repeat,22,4,3,3,10,490.22
14418.0,1937.25,3,1711,2011-08-23 17:18:00,2011-12-06 11:39:00,645.75,104,0.028846153846153848,"£1,001–£2,500",Repeat,4,5,3,4,12,1937.25
14419.0,1051.79,6,483,2010-12-10 10:56:00,2011-11-29 11:22:00,175.29833333333332,354,0.01694915254237288,"£1,001–£2,500",Repeat,11,5,5,4,14,1051.79
14420.0,387.52,1,334,2011-09-01 18:07:00,2011-09-01 18:07:00,387.52,1,1.0,£0–£500,One-Time,99,2,1,2,5,387.52
14421.0,813.11,2,365,2011-05-12 10:49:00,2011-10-13 13:24:00,406.555,154,0.012987012987012988,"£501–£1,000",Repeat,57,3,3,3,9,813.11
14422.0,4263.64,6,2906,2011-03-17 17:26:00,2011-12-09 11:26:00,710.6066666666667,266,0.022556390977443608,"£2,501–£5,000",Repeat,1,5,5,5,15,4263.64
14423.0,265.2,1,120,2011-05-05 15:12:00,2011-05-05 15:12:00,265.2,1,1.0,£0–£500,One-Time,218,1,1,2,4,265.2
14424.0,322.08,1,48,2011-11-22 11:48:00,2011-11-22 11:48:00,322.08,1,1.0,£0–£500,One-Time,18,4,1,2,7,322.08
14426.0,4481.67,10,2699,2011-01-31 09:51:00,2011-11-16 12:25:00,448.16700000000003,289,0.03460207612456748,"£2,501–£5,000",Repeat,24,4,5,5,14,4481.670000000001
14427.0,363.34000000000003,2,228,2011-10-07 09:10:00,2011-10-20 14:23:00,181.67000000000002,13,0.15384615384615385,£0–£500,Repeat,50,3,3,2,8,363.34000000000003
14428.0,1224.06,5,428,2011-01-18 16:39:00,2011-12-02 13:17:00,244.81199999999998,317,0.015772870662460567,"£1,001–£2,500",Repeat,7,5,4,4,13,1224.06
14431.0,470.36,1,130,2011-02-10 10:40:00,2011-02-10 10:40:00,470.36,1,1.0,£0–£500,One-Time,303,1,1,2,4,470.36
14432.0,2248.5,6,2013,2011-09-11 14:09:00,2011-11-30 08:04:00,374.75,79,0.0759493670886076,"£1,001–£2,500",Repeat,10,5,5,5,15,2248.5
14434.0,1372.8,6,368,2011-09-28 15:31:00,2011-11-18 08:56:00,228.79999999999998,50,0.12,"£1,001–£2,500",Repeat,22,4,5,4,13,1372.7999999999997
14436.0,89.06,1,129,2011-09-02 10:13:00,2011-09-02 10:13:00,89.06,1,1.0,£0–£500,One-Time,99,2,1,1,4,89.06
14437.0,63.0,1,60,2010-12-09 09:27:00,2010-12-09 09:27:00,63.0,1,1.0,£0–£500,One-Time,366,1,1,1,3,63.0
14438.0,131.9,1,82,2011-02-06 14:56:00,2011-02-06 14:56:00,131.9,1,1.0,£0–£500,One-Time,306,1,1,1,3,131.9
14439.0,2661.24,1,526,2011-01-24 11:39:00,2011-01-24 11:39:00,2661.24,1,1.0,"£2,501–£5,000",One-Time,320,1,1,5,7,2661.24
14440.0,2357.6800000000003,5,588,2010-12-09 12:49:00,2011-12-01 15:42:00,471.53600000000006,357,0.014005602240896359,"£1,001–£2,500",Repeat,8,5,4,5,14,2357.6800000000003
14441.0,1712.89,4,446,2011-03-29 12:01:00,2011-12-09 09:07:00,428.2225,254,0.015748031496062992,"£1,001–£2,500",Repeat,1,5,4,4,13,1712.89
14442.0,1589.82,2,482,2011-01-27 09:33:00,2011-05-19 11:36:00,794.91,112,0.017857142857142856,"£1,001–£2,500",Repeat,205,1,3,4,8,1589.8199999999997
14443.0,1420.2,4,938,2010-12-06 11:03:00,2011-10-17 10:10:00,355.05,314,0.012738853503184714,"£1,001–£2,500",Repeat,54,3,4,4,11,1420.2
14446.0,1010.35,4,916,2011-04-07 12:10:00,2011-12-09 11:34:00,252.5875,245,0.0163265306122449,"£1,001–£2,500",Repeat,1,5,4,4,13,1010.35
14447.0,1163.23,5,571,2011-03-04 10:49:00,2011-11-21 08:28:00,232.64600000000002,261,0.019157088122605363,"£1,001–£2,500",Repeat,19,4,4,4,12,1163.23
14448.0,375.35,2,104,2010-12-10 17:26:00,2011-11-30 13:50:00,187.675,354,0.005649717514124294,£0–£500,Repeat,9,5,3,2,10,375.35
14449.0,885.8,4,741,2010-12-02 14:09:00,2011-11-21 12:06:00,221.45,353,0.0113314447592068,"£501–£1,000",Repeat,19,4,4,3,11,885.8
14450.0,483.25,3,241,2011-01-23 11:53:00,2011-06-12 10:46:00,161.08333333333334,139,0.02158273381294964,£0–£500,Repeat,181,1,3,2,6,483.25000000000006
14451.0,643.9,2,378,2011-05-29 12:35:00,2011-10-10 13:38:00,321.95,134,0.014925373134328358,"£501–£1,000",Repeat,60,3,3,3,9,643.9
14452.0,259.05,2,116,2011-09-07 11:32:00,2011-11-29 12:06:00,129.525,83,0.024096385542168676,£0–£500,Repeat,11,5,3,2,10,259.05
14453.0,119.93,1,49,2011-06-02 14:15:00,2011-06-02 14:15:00,119.93,1,1.0,£0–£500,One-Time,190,1,1,1,3,119.93
14456.0,3017.28,9,2885,2011-07-20 13:06:00,2011-12-04 13:59:00,335.25333333333333,137,0.06569343065693431,"£2,501–£5,000",Repeat,5,5,5,5,15,3017.28
14457.0,113.64,1,88,2011-02-02 09:39:00,2011-02-02 09:39:00,113.64,1,1.0,£0–£500,One-Time,311,1,1,1,3,113.64
14459.0,1837.92,1,760,2011-07-07 13:35:00,2011-07-07 13:35:00,1837.92,1,1.0,"£1,001–£2,500",One-Time,155,2,1,4,7,1837.92
14460.0,434.34,3,881,2011-02-02 11:55:00,2011-08-21 14:19:00,144.78,200,0.015,£0–£500,Repeat,110,2,3,2,7,434.34
14461.0,2103.06,3,766,2011-03-23 12:15:00,2011-07-14 17:11:00,701.02,113,0.02654867256637168,"£1,001–£2,500",Repeat,148,2,3,5,10,2103.06
14462.0,1980.57,11,956,2011-01-04 12:45:00,2011-10-04 15:55:00,180.05181818181816,273,0.040293040293040296,"£1,001–£2,500",Repeat,66,3,5,4,12,1980.5699999999997
14463.0,529.62,3,179,2011-05-18 14:42:00,2011-09-02 15:20:00,176.54,107,0.028037383177570093,"£501–£1,000",Repeat,98,2,3,3,8,529.62
14465.0,1038.44,3,398,2011-02-10 12:13:00,2011-04-07 12:38:00,346.1466666666667,56,0.05357142857142857,"£1,001–£2,500",Repeat,247,1,3,4,8,1038.44
14466.0,2272.4,7,1006,2010-12-02 13:36:00,2011-11-10 14:07:00,324.62857142857143,343,0.02040816326530612,"£1,001–£2,500",Repeat,29,4,5,5,14,2272.3999999999996
14467.0,596.26,4,276,2011-01-31 12:35:00,2011-11-22 12:48:00,149.065,295,0.013559322033898305,"£501–£1,000",Repeat,18,4,4,3,11,596.26
14470.0,461.19,2,193,2011-02-25 11:56:00,2011-11-28 10:31:00,230.595,275,0.007272727272727273,£0–£500,Repeat,12,5,3,2,10,461.19
14472.0,1852.67,8,1135,2010-12-19 14:03:00,2011-08-28 11:01:00,231.58375,251,0.03187250996015936,"£1,001–£2,500",Repeat,104,2,5,4,11,1852.6699999999998
14473.0,234.34000000000003,2,88,2011-03-02 13:56:00,2011-09-26 15:10:00,117.17000000000002,208,0.009615384615384616,£0–£500,Repeat,74,2,3,1,6,234.34000000000006
14474.0,547.66,1,140,2011-10-24 13:26:00,2011-10-24 13:26:00,547.66,1,1.0,"£501–£1,000",One-Time,46,3,1,3,7,547.66
14475.0,925.85,3,447,2011-02-08 10:12:00,2011-09-29 10:46:00,308.6166666666667,233,0.012875536480686695,"£501–£1,000",Repeat,72,3,3,3,9,925.85
14476.0,193.0,1,110,2011-03-27 15:39:00,2011-03-27 15:39:00,193.0,1,1.0,£0–£500,One-Time,257,1,1,1,3,193.0
14477.0,1309.6,4,720,2011-02-15 15:44:00,2011-11-20 11:11:00,327.4,277,0.01444043321299639,"£1,001–£2,500",Repeat,20,4,4,4,12,1309.6
14479.0,316.25,2,117,2010-12-09 12:59:00,2011-03-31 09:07:00,158.125,111,0.018018018018018018,£0–£500,Repeat,254,1,3,2,6,316.25
14480.0,279.05,1,143,2011-11-28 16:35:00,2011-11-28 16:35:00,279.05,1,1.0,£0–£500,One-Time,11,5,1,2,8,279.05
14481.0,636.51,2,489,2011-02-25 13:53:00,2011-06-28 10:38:00,318.255,122,0.01639344262295082,"£501–£1,000",Repeat,165,2,3,3,8,636.51
14482.0,2022.81,6,1627,2011-04-14 16:41:00,2011-11-21 13:14:00,337.135,220,0.02727272727272727,"£1,001–£2,500",Repeat,18,4,5,4,13,2022.81
14483.0,137.1,1,97,2011-03-03 10:26:00,2011-03-03 10:26:00,137.1,1,1.0,£0–£500,One-Time,282,1,1,1,3,137.1
14484.0,321.92,1,210,2011-10-20 14:11:00,2011-10-20 14:11:00,321.92,1,1.0,£0–£500,One-Time,50,3,1,2,6,321.92
14485.0,162.8,1,70,2011-11-01 12:25:00,2011-11-01 12:25:00,162.8,1,1.0,£0–£500,One-Time,39,3,1,1,5,162.8
14487.0,1165.48,6,712,2010-12-06 13:22:00,2011-11-13 12:17:00,194.24666666666667,341,0.017595307917888565,"£1,001–£2,500",Repeat,27,4,5,4,13,1165.4800000000002
14488.0,1064.28,1,799,2011-10-03 09:30:00,2011-10-03 09:30:00,1064.28,1,1.0,"£1,001–£2,500",One-Time,68,3,1,4,8,1064.28
14489.0,463.38,1,299,2011-05-16 14:51:00,2011-05-16 14:51:00,463.38,1,1.0,£0–£500,One-Time,207,1,1,2,4,463.38
14491.0,340.93,2,139,2010-12-02 12:10:00,2011-06-17 15:22:00,170.465,197,0.01015228426395939,£0–£500,Repeat,175,2,3,2,7,340.92999999999995
14493.0,2383.2400000000002,5,1285,2011-07-07 16:59:00,2011-12-02 16:14:00,476.648,147,0.034013605442176874,"£1,001–£2,500",Repeat,7,5,4,5,14,2383.2400000000002
14494.0,139.56,1,92,2011-11-14 09:21:00,2011-11-14 09:21:00,139.56,1,1.0,£0–£500,One-Time,26,4,1,1,6,139.56
14495.0,123.8,2,62,2011-08-10 14:13:00,2011-10-20 12:28:00,61.9,70,0.02857142857142857,£0–£500,Repeat,51,3,3,1,7,123.8
14496.0,538.8100000000001,2,159,2010-12-01 15:35:00,2011-02-01 09:01:00,269.40500000000003,61,0.03278688524590164,"£501–£1,000",Repeat,312,1,3,3,7,538.8100000000002
14497.0,475.37,1,235,2011-02-03 17:01:00,2011-02-03 17:01:00,475.37,1,1.0,£0–£500,One-Time,309,1,1,2,4,475.37
14498.0,1957.32,5,1098,2010-12-13 11:29:00,2011-10-28 12:09:00,391.464,319,0.01567398119122257,"£1,001–£2,500",Repeat,43,3,4,4,11,1957.3199999999997
14499.0,808.44,3,496,2011-03-06 11:55:00,2011-11-13 13:01:00,269.48,252,0.011904761904761904,"£501–£1,000",Repeat,26,4,3,3,10,808.44
14500.0,356.85,3,117,2011-06-03 10:08:00,2011-09-12 16:45:00,118.95,101,0.0297029702970297,£0–£500,Repeat,88,2,3,2,7,356.84999999999997
14501.0,251.21,2,161,2011-01-24 10:43:00,2011-06-09 12:02:00,125.605,136,0.014705882352941176,£0–£500,Repeat,184,1,3,2,6,251.21
14502.0,2429.83,11,1480,2011-01-30 15:52:00,2011-11-20 11:50:00,220.89363636363635,293,0.03754266211604096,"£1,001–£2,500",Repeat,20,4,5,5,14,2429.8300000000004
14503.0,3543.26,6,2004,2011-06-14 10:00:00,2011-12-06 13:30:00,590.5433333333334,175,0.03428571428571429,"£2,501–£5,000",Repeat,3,5,5,5,15,3543.2600000000007
14504.0,673.26,4,308,2011-03-06 14:38:00,2011-10-23 16:00:00,168.315,231,0.017316017316017316,"£501–£1,000",Repeat,47,3,4,3,10,673.26
14505.0,5859.43,8,2739,2010-12-12 16:14:00,2011-11-22 15:45:00,732.42875,344,0.023255813953488372,"£5,001–£10,000",Repeat,17,4,5,5,14,5859.430000000001
14506.0,1960.65,5,704,2010-12-05 14:25:00,2011-11-22 13:02:00,392.13,351,0.014245014245014245,"£1,001–£2,500",Repeat,17,4,4,4,12,1960.6499999999999
14507.0,1367.88,6,594,2011-03-08 17:23:00,2011-11-16 12:21:00,227.98000000000002,252,0.023809523809523808,"£1,001–£2,500",Repeat,24,4,5,4,13,1367.88
14508.0,268.05,2,129,2011-09-11 11:29:00,2011-11-17 19:48:00,134.025,67,0.029850746268656716,£0–£500,Repeat,22,4,3,2,9,268.05
14511.0,1314.81,5,784,2011-07-29 12:13:00,2011-11-28 17:05:00,262.962,122,0.040983606557377046,"£1,001–£2,500",Repeat,11,5,4,4,13,1314.81
14512.0,275.28,2,122,2011-04-21 19:05:00,2011-06-05 12:39:00,137.64,44,0.045454545454545456,£0–£500,Repeat,188,1,3,2,6,275.28
14513.0,455.59000000000003,3,361,2011-02-24 09:36:00,2011-08-31 11:25:00,151.86333333333334,188,0.015957446808510637,£0–£500,Repeat,101,2,3,2,7,455.59
14514.0,990.2,3,564,2011-01-12 15:22:00,2011-10-09 16:05:00,330.06666666666666,270,0.011111111111111112,"£501–£1,000",Repeat,61,3,3,4,10,990.2
14515.0,2076.89,6,1110,2011-05-05 12:13:00,2011-11-22 11:37:00,346.1483333333333,200,0.03,"£1,001–£2,500",Repeat,18,4,5,5,14,2076.89
14517.0,330.45,2,91,2011-07-21 11:42:00,2011-11-06 14:20:00,165.225,108,0.018518518518518517,£0–£500,Repeat,33,4,3,2,9,330.44999999999993
14518.0,174.37,1,278,2011-10-06 14:43:00,2011-10-06 14:43:00,174.37,1,1.0,£0–£500,One-Time,64,3,1,1,5,174.37
14520.0,270.6,2,146,2011-02-22 09:15:00,2011-12-08 09:46:00,135.3,289,0.006920415224913495,£0–£500,Repeat,2,5,3,2,10,270.6
14522.0,974.54,4,525,2011-05-25 16:01:00,2011-11-15 13:24:00,243.635,173,0.023121387283236993,"£501–£1,000",Repeat,24,4,4,4,12,974.54
14523.0,241.09,1,251,2011-08-23 13:13:00,2011-08-23 13:13:00,241.09,1,1.0,£0–£500,One-Time,108,2,1,1,4,241.09
14524.0,1843.83,9,669,2010-12-14 11:01:00,2011-11-08 12:29:00,204.87,329,0.02735562310030395,"£1,001–£2,500",Repeat,32,4,5,4,13,1843.83
14525.0,4215.9,9,2637,2010-12-13 17:40:00,2011-11-20 11:37:00,468.4333333333333,341,0.026392961876832845,"£2,501–£5,000",Repeat,20,4,5,5,14,4215.9
14527.0,8507.13,55,2088,2010-12-05 13:17:00,2011-12-07 12:19:00,154.6750909090909,366,0.15027322404371585,"£5,001–£10,000",Repeat,3,5,5,5,15,8507.13
14528.0,364.21999999999997,1,278,2011-11-02 17:09:00,2011-11-02 17:09:00,364.21999999999997,1,1.0,£0–£500,One-Time,37,3,1,2,6,364.21999999999997
14529.0,578.61,3,325,2011-08-21 14:10:00,2011-10-10 15:27:00,192.87,50,0.06,"£501–£1,000",Repeat,60,3,3,3,9,578.61
14530.0,2862.11,6,1395,2011-02-16 10:47:00,2011-11-14 10:38:00,477.0183333333334,270,0.022222222222222223,"£2,501–£5,000",Repeat,26,4,5,5,14,2862.11
14532.0,932.85,4,284,2010-12-22 13:48:00,2011-04-17 13:05:00,233.2125,115,0.034782608695652174,"£501–£1,000",Repeat,236,1,4,3,8,932.85
14533.0,1949.72,7,4019,2010-12-22 11:07:00,2011-11-15 12:05:00,278.5314285714286,328,0.021341463414634148,"£1,001–£2,500",Repeat,25,4,5,4,13,1949.7200000000003
14534.0,4397.3,18,2027,2011-01-25 12:33:00,2011-12-07 12:19:00,244.29444444444445,315,0.05714285714285714,"£2,501–£5,000",Repeat,3,5,5,5,15,4397.3
14535.0,2854.84,3,1824,2011-04-05 12:50:00,2011-10-10 15:39:00,951.6133333333333,188,0.015957446808510637,"£2,501–£5,000",Repeat,60,3,3,5,11,2854.84
14536.0,170.95,1,39,2011-03-25 12:21:00,2011-03-25 12:21:00,170.95,1,1.0,£0–£500,One-Time,260,1,1,1,3,170.95
14537.0,355.56,1,120,2011-10-13 10:54:00,2011-10-13 10:54:00,355.56,1,1.0,£0–£500,One-Time,58,3,1,2,6,355.56
14538.0,388.25,2,155,2011-03-28 14:57:00,2011-10-06 10:31:00,194.125,191,0.010471204188481676,£0–£500,Repeat,65,3,3,2,8,388.25
14539.0,537.48,2,428,2011-10-26 12:03:00,2011-11-24 09:50:00,268.74,28,0.07142857142857142,"£501–£1,000",Repeat,16,4,3,3,10,537.48
14540.0,952.66,3,411,2011-02-03 15:02:00,2011-11-30 10:15:00,317.55333333333334,299,0.010033444816053512,"£501–£1,000",Repeat,10,5,3,4,12,952.66
14541.0,1453.35,8,641,2011-01-24 14:16:00,2011-10-12 10:08:00,181.66875,260,0.03076923076923077,"£1,001–£2,500",Repeat,59,3,5,4,12,1453.3500000000001
14542.0,103.25,1,19,2011-06-07 08:19:00,2011-06-07 08:19:00,103.25,1,1.0,£0–£500,One-Time,186,1,1,1,3,103.25
14543.0,3599.73,16,675,2010-12-10 11:51:00,2011-11-11 12:45:00,224.983125,336,0.047619047619047616,"£2,501–£5,000",Repeat,29,4,5,5,14,3599.7299999999996
14544.0,2004.3,2,1536,2010-12-13 12:50:00,2011-11-15 15:06:00,1002.15,337,0.005934718100890208,"£1,001–£2,500",Repeat,24,4,3,4,11,2004.3000000000002
14546.0,2573.93,5,1313,2011-04-05 12:37:00,2011-12-04 13:00:00,514.786,243,0.0205761316872428,"£2,501–£5,000",Repeat,5,5,4,5,14,2573.93
14547.0,3974.75,8,2639,2011-10-16 14:35:00,2011-12-06 11:06:00,496.84375,50,0.16,"£2,501–£5,000",Repeat,4,5,5,5,15,3974.75
14548.0,652.8,2,256,2011-01-26 08:38:00,2011-07-12 12:19:00,326.4,167,0.011976047904191617,"£501–£1,000",Repeat,151,2,3,3,8,652.8
14549.0,289.24,1,136,2011-02-01 13:47:00,2011-02-01 13:47:00,289.24,1,1.0,£0–£500,One-Time,311,1,1,2,4,289.24
14550.0,757.37,2,389,2011-10-26 12:14:00,2011-11-29 12:12:00,378.685,33,0.06060606060606061,"£501–£1,000",Repeat,11,5,3,3,11,757.3700000000001
14551.0,186.23,2,106,2011-05-19 18:21:00,2011-11-21 13:36:00,93.115,185,0.010810810810810811,£0–£500,Repeat,18,4,3,1,8,186.23
14552.0,164.22,1,90,2011-07-11 12:49:00,2011-07-11 12:49:00,164.22,1,1.0,£0–£500,One-Time,152,2,1,1,4,164.22
14553.0,859.27,5,493,2011-01-04 15:40:00,2011-11-20 13:20:00,171.85399999999998,319,0.01567398119122257,"£501–£1,000",Repeat,19,4,4,3,11,859.2699999999998
14554.0,2279.4900000000002,4,1443,2011-10-18 13:04:00,2011-11-29 16:44:00,569.8725000000001,42,0.09523809523809523,"£1,001–£2,500",Repeat,10,5,4,5,14,2279.4900000000002
14555.0,312.54,2,122,2011-02-10 17:19:00,2011-10-13 16:24:00,156.27,244,0.00819672131147541,£0–£500,Repeat,57,3,3,2,8,312.54
14557.0,788.38,1,510,2011-09-15 15:48:00,2011-09-15 15:48:00,788.38,1,1.0,"£501–£1,000",One-Time,85,2,1,3,6,788.38
14560.0,2237.77,22,1260,2010-12-17 09:22:00,2011-12-02 15:22:00,101.71681818181818,350,0.06285714285714286,"£1,001–£2,500",Repeat,7,5,5,5,15,2237.77
14561.0,1080.76,3,1014,2011-06-08 13:26:00,2011-09-25 12:39:00,360.25333333333333,108,0.027777777777777776,"£1,001–£2,500",Repeat,76,2,3,4,9,1080.76
14562.0,5006.77,18,1815,2011-02-08 14:45:00,2011-12-06 11:05:00,278.1538888888889,300,0.06,"£5,001–£10,000",Repeat,4,5,5,5,15,5006.77
14565.0,3099.12,4,1540,2010-12-13 13:25:00,2011-09-05 09:07:00,774.78,265,0.01509433962264151,"£2,501–£5,000",Repeat,96,2,4,5,11,3099.12
14566.0,1432.0,1,800,2011-08-21 11:05:00,2011-08-21 11:05:00,1432.0,1,1.0,"£1,001–£2,500",One-Time,111,2,1,4,7,1432.0
14567.0,1530.3600000000001,2,412,2011-08-01 13:48:00,2011-10-14 10:21:00,765.1800000000001,73,0.0273972602739726,"£1,001–£2,500",Repeat,57,3,3,4,10,1530.36
14569.0,227.39,1,79,2011-12-08 14:58:00,2011-12-08 14:58:00,227.39,1,1.0,£0–£500,One-Time,1,5,1,1,7,227.39
14570.0,218.06,2,95,2011-03-04 10:39:00,2011-03-04 10:58:00,109.03,1,2.0,£0–£500,Repeat,281,1,3,1,5,218.06
14572.0,2804.54,7,1420,2011-01-19 17:23:00,2011-12-06 14:40:00,400.6485714285714,320,0.021875,"£2,501–£5,000",Repeat,3,5,5,5,15,2804.5399999999995
14573.0,1639.82,9,534,2010-12-02 19:59:00,2011-06-13 11:15:00,182.20222222222222,192,0.046875,"£1,001–£2,500",Repeat,180,1,5,4,10,1639.8200000000002
14576.0,35.400000000000006,1,12,2010-12-02 17:51:00,2010-12-02 17:51:00,35.400000000000006,1,1.0,£0–£500,One-Time,372,1,1,1,3,35.400000000000006
14577.0,859.71,4,353,2010-12-12 11:26:00,2011-11-27 12:47:00,214.9275,350,0.011428571428571429,"£501–£1,000",Repeat,13,5,4,3,12,859.71
14578.0,168.63,1,240,2011-12-06 17:18:00,2011-12-06 17:18:00,168.63,1,1.0,£0–£500,One-Time,3,5,1,1,7,168.63
14581.0,138.6,1,217,2011-11-23 12:39:00,2011-11-23 12:39:00,138.6,1,1.0,£0–£500,One-Time,17,4,1,1,6,138.6
14582.0,114.11,1,73,2011-10-30 11:56:00,2011-10-30 11:56:00,114.11,1,1.0,£0–£500,One-Time,41,3,1,1,5,114.11
14583.0,986.96,5,751,2011-05-18 11:28:00,2011-12-04 12:32:00,197.392,200,0.025,"£501–£1,000",Repeat,6,5,4,4,13,986.96
14584.0,1033.06,4,381,2011-05-25 17:31:00,2011-06-23 18:33:00,258.265,29,0.13793103448275862,"£1,001–£2,500",Repeat,169,2,4,4,10,1033.06
14585.0,157.05,1,91,2011-10-20 14:33:00,2011-10-20 14:33:00,157.05,1,1.0,£0–£500,One-Time,50,3,1,1,5,157.05
14586.0,237.36,1,444,2011-03-08 10:04:00,2011-03-08 10:04:00,237.36,1,1.0,£0–£500,One-Time,277,1,1,1,3,237.36
14587.0,1580.29,9,749,2011-01-12 13:16:00,2011-11-21 11:34:00,175.58777777777777,312,0.028846153846153848,"£1,001–£2,500",Repeat,19,4,5,4,13,1580.29
14589.0,39.75,1,5,2010-12-03 11:42:00,2010-12-03 11:42:00,39.75,1,1.0,£0–£500,One-Time,372,1,1,1,3,39.75
14591.0,1320.21,4,1228,2011-05-10 14:09:00,2011-11-24 13:57:00,330.0525,197,0.02030456852791878,"£1,001–£2,500",Repeat,15,4,4,4,12,1320.2099999999998
14592.0,557.94,3,407,2011-10-06 18:08:00,2011-11-04 16:35:00,185.98000000000002,28,0.10714285714285714,"£501–£1,000",Repeat,35,3,3,3,9,557.94
14593.0,617.15,3,330,2011-05-25 11:14:00,2011-11-18 12:48:00,205.71666666666667,177,0.01694915254237288,"£501–£1,000",Repeat,22,4,3,3,10,617.1500000000001
14594.0,363.33,2,183,2010-12-01 13:54:00,2011-12-02 13:28:00,181.665,365,0.005479452054794521,£0–£500,Repeat,7,5,3,2,10,363.33
14595.0,1740.6,6,978,2011-01-30 13:36:00,2011-11-20 12:12:00,290.09999999999997,293,0.020477815699658702,"£1,001–£2,500",Repeat,20,4,5,4,13,1740.5999999999997
14597.0,866.24,2,566,2011-06-01 12:33:00,2011-11-28 13:13:00,433.12,180,0.011111111111111112,"£501–£1,000",Repeat,11,5,3,3,11,866.2400000000001
14598.0,221.97,1,189,2011-10-26 13:19:00,2011-10-26 13:19:00,221.97,1,1.0,£0–£500,One-Time,44,3,1,1,5,221.97
14600.0,393.33000000000004,1,125,2011-02-07 09:48:00,2011-02-07 09:48:00,393.33000000000004,1,1.0,£0–£500,One-Time,306,1,1,2,4,393.33000000000004
14601.0,213.96,1,168,2011-11-29 09:48:00,2011-11-29 09:48:00,213.96,1,1.0,£0–£500,One-Time,11,5,1,1,7,213.96
14603.0,660.0,1,400,2011-03-10 10:27:00,2011-03-10 10:27:00,660.0,1,1.0,"£501–£1,000",One-Time,275,1,1,3,5,660.0
14606.0,12076.15,93,6187,2010-12-01 16:57:00,2011-12-08 19:28:00,129.8510752688172,372,0.25,"Above £10,000",Repeat,1,5,5,5,15,12076.15
14607.0,16209.5,14,11526,2011-03-23 15:22:00,2011-11-24 10:35:00,1157.8214285714287,245,0.05714285714285714,"Above £10,000",Repeat,16,4,5,5,14,16209.500000000002
14608.0,1785.15,4,437,2010-12-12 14:49:00,2011-12-05 16:52:00,446.2875,358,0.0111731843575419,"£1,001–£2,500",Repeat,4,5,4,4,13,1785.15
14609.0,601.56,4,7026,2011-02-16 12:10:00,2011-09-28 12:54:00,150.39,224,0.017857142857142856,"£501–£1,000",Repeat,72,3,4,3,10,601.56
14616.0,406.08000000000004,3,104,2011-01-26 12:42:00,2011-04-11 09:54:00,135.36,74,0.04054054054054054,£0–£500,Repeat,243,1,3,2,6,406.08000000000004
14618.0,553.44,3,264,2011-01-06 11:59:00,2011-11-30 13:45:00,184.48000000000002,328,0.009146341463414634,"£501–£1,000",Repeat,9,5,3,3,11,553.44
14619.0,394.44,1,152,2011-04-08 07:37:00,2011-04-08 07:37:00,394.44,1,1.0,£0–£500,One-Time,246,1,1,2,4,394.44
14620.0,412.78000000000003,2,214,2011-03-01 08:30:00,2011-05-18 11:58:00,206.39000000000001,78,0.02564102564102564,£0–£500,Repeat,206,1,3,2,6,412.78000000000003
14621.0,1788.3600000000001,5,993,2010-12-16 13:00:00,2011-12-08 16:22:00,357.672,357,0.014005602240896359,"£1,001–£2,500",Repeat,1,5,4,4,13,1788.3600000000001
14622.0,320.58000000000004,1,146,2011-06-08 12:42:00,2011-06-08 12:42:00,320.58000000000004,1,1.0,£0–£500,One-Time,185,1,1,2,4,320.58000000000004
14623.0,886.7,5,418,2011-04-18 13:54:00,2011-11-07 13:56:00,177.34,203,0.024630541871921183,"£501–£1,000",Repeat,32,4,4,3,11,886.7000000000002
14624.0,225.85,2,162,2011-10-11 14:39:00,2011-10-13 13:44:00,112.925,1,2.0,£0–£500,Repeat,57,3,3,1,7,225.85
14625.0,899.63,2,335,2010-12-13 15:36:00,2011-05-27 15:32:00,449.815,164,0.012195121951219513,"£501–£1,000",Repeat,196,1,3,3,7,899.63
14626.0,2791.27,4,1403,2011-04-20 13:18:00,2011-11-16 10:37:00,697.8175,209,0.019138755980861243,"£2,501–£5,000",Repeat,24,4,4,5,13,2791.27
14628.0,671.96,2,272,2011-04-11 14:43:00,2011-09-09 14:58:00,335.98,151,0.013245033112582781,"£501–£1,000",Repeat,91,2,3,3,8,671.96
14629.0,955.26,2,378,2011-10-23 16:13:00,2011-12-05 16:55:00,477.63,43,0.046511627906976744,"£501–£1,000",Repeat,4,5,3,4,12,955.26
14631.0,1006.98,3,622,2011-02-14 09:31:00,2011-10-20 11:17:00,335.66,248,0.012096774193548387,"£1,001–£2,500",Repeat,51,3,3,4,10,1006.98
14632.0,114.56,1,96,2011-03-22 08:49:00,2011-03-22 08:49:00,114.56,1,1.0,£0–£500,One-Time,263,1,1,1,3,114.56
14633.0,344.90000000000003,1,96,2011-03-18 17:07:00,2011-03-18 17:07:00,344.90000000000003,1,1.0,£0–£500,One-Time,266,1,1,2,4,344.90000000000003
14636.0,609.85,2,241,2011-03-16 09:52:00,2011-11-03 16:12:00,304.925,232,0.008620689655172414,"£501–£1,000",Repeat,36,3,3,3,9,609.85
14638.0,443.6,1,166,2011-10-20 10:10:00,2011-10-20 10:10:00,443.6,1,1.0,£0–£500,One-Time,51,3,1,2,6,443.6
14639.0,2984.49,6,1431,2010-12-13 13:50:00,2011-10-18 15:06:00,497.41499999999996,309,0.019417475728155338,"£2,501–£5,000",Repeat,52,3,5,5,13,2984.49
14640.0,2107.38,6,880,2011-04-26 12:31:00,2011-11-15 13:07:00,351.23,203,0.029556650246305417,"£1,001–£2,500",Repeat,24,4,5,5,14,2107.3799999999997
14641.0,110.46,1,90,2011-11-18 10:42:00,2011-11-18 10:42:00,110.46,1,1.0,£0–£500,One-Time,22,4,1,1,6,110.46
14642.0,96.12,1,76,2011-10-12 11:08:00,2011-10-12 11:08:00,96.12,1,1.0,£0–£500,One-Time,59,3,1,1,5,96.12
14643.0,693.8100000000001,2,815,2010-12-16 17:53:00,2011-06-22 14:41:00,346.90500000000003,187,0.0106951871657754,"£501–£1,000",Repeat,170,2,3,3,8,693.8100000000001
14644.0,830.76,2,258,2011-02-14 14:14:00,2011-10-03 08:30:00,415.38,230,0.008695652173913044,"£501–£1,000",Repeat,68,3,3,3,9,830.76
14645.0,597.09,2,381,2011-03-09 09:52:00,2011-07-06 09:15:00,298.545,118,0.01694915254237288,"£501–£1,000",Repeat,157,2,3,3,8,597.09
14646.0,280206.02,73,196915,2010-12-20 10:09:00,2011-12-08 12:12:00,3838.4386301369864,353,0.20679886685552407,"Above £10,000",Repeat,2,5,5,5,15,280206.02
14647.0,236.04000000000002,1,91,2011-05-22 13:40:00,2011-05-22 13:40:00,236.04000000000002,1,1.0,£0–£500,One-Time,201,1,1,1,3,236.04000000000002
14649.0,1402.59,4,1004,2011-05-11 14:37:00,2011-12-05 12:30:00,350.6475,207,0.01932367149758454,"£1,001–£2,500",Repeat,5,5,4,4,13,1402.59
14651.0,653.75,2,343,2011-05-12 16:29:00,2011-10-03 15:52:00,326.875,143,0.013986013986013986,"£501–£1,000",Repeat,67,3,3,3,9,653.75
14652.0,114.18,1,53,2011-09-23 14:21:00,2011-09-23 14:21:00,114.18,1,1.0,£0–£500,One-Time,77,2,1,1,4,114.18
14653.0,1926.65,7,945,2011-01-05 13:40:00,2011-12-08 13:45:00,275.2357142857143,337,0.020771513353115726,"£1,001–£2,500",Repeat,1,5,5,4,14,1926.6500000000003
14655.0,1932.23,4,1089,2011-05-01 14:59:00,2011-12-01 16:28:00,483.0575,214,0.018691588785046728,"£1,001–£2,500",Repeat,8,5,4,4,13,1932.2299999999998
14656.0,291.05,2,120,2011-03-01 13:19:00,2011-06-23 13:51:00,145.525,114,0.017543859649122806,£0–£500,Repeat,169,2,3,2,7,291.05
14657.0,848.22,4,466,2011-01-17 15:19:00,2011-11-22 12:47:00,212.055,308,0.012987012987012988,"£501–£1,000",Repeat,18,4,4,3,11,848.22
14658.0,247.15,2,47,2011-08-14 15:42:00,2011-12-04 15:35:00,123.575,111,0.018018018018018018,£0–£500,Repeat,5,5,3,1,9,247.15000000000003
14659.0,2529.93,9,1195,2011-01-28 12:43:00,2011-12-01 12:17:00,281.1033333333333,306,0.029411764705882353,"£2,501–£5,000",Repeat,9,5,5,5,15,2529.9299999999994
14660.0,285.74,2,228,2011-08-31 10:40:00,2011-09-14 11:34:00,142.87,14,0.14285714285714285,£0–£500,Repeat,87,2,3,2,7,285.74
14661.0,107.95,1,35,2011-11-13 11:51:00,2011-11-13 11:51:00,107.95,1,1.0,£0–£500,One-Time,27,4,1,1,6,107.95
14662.0,741.37,4,578,2011-01-27 17:41:00,2011-11-11 12:13:00,185.3425,287,0.013937282229965157,"£501–£1,000",Repeat,29,4,4,3,11,741.37
14664.0,636.24,2,465,2011-11-06 14:56:00,2011-11-20 10:59:00,318.12,13,0.15384615384615385,"£501–£1,000",Repeat,20,4,3,3,10,636.24
14665.0,1835.7,5,740,2011-02-02 09:08:00,2011-10-10 09:14:00,367.14,250,0.02,"£1,001–£2,500",Repeat,61,3,4,4,11,1835.6999999999998
14666.0,195.25,1,161,2011-11-15 12:57:00,2011-11-15 12:57:00,195.25,1,1.0,£0–£500,One-Time,24,4,1,1,6,195.25
14667.0,9175.04,25,5319,2010-12-06 13:13:00,2011-11-29 11:30:00,367.00160000000005,357,0.0700280112044818,"£5,001–£10,000",Repeat,11,5,5,5,15,9175.04
14669.0,1259.24,3,770,2011-01-11 12:30:00,2011-04-12 11:43:00,419.74666666666667,90,0.03333333333333333,"£1,001–£2,500",Repeat,242,1,3,4,8,1259.24
14670.0,392.86,2,326,2011-03-04 13:58:00,2011-03-04 14:13:00,196.43,1,2.0,£0–£500,Repeat,280,1,3,2,6,392.86
14672.0,765.55,2,454,2011-01-07 15:48:00,2011-04-19 10:19:00,382.775,101,0.019801980198019802,"£501–£1,000",Repeat,235,1,3,3,7,765.55
14673.0,1736.4,5,1004,2010-12-07 12:49:00,2011-12-06 14:31:00,347.28000000000003,364,0.013736263736263736,"£1,001–£2,500",Repeat,3,5,4,4,13,1736.3999999999999
14675.0,596.36,1,336,2011-11-23 12:58:00,2011-11-23 12:58:00,596.36,1,1.0,"£501–£1,000",One-Time,16,4,1,3,8,596.36
14676.0,2548.2400000000002,6,2500,2011-03-01 14:26:00,2011-11-08 13:29:00,424.7066666666667,251,0.02390438247011952,"£2,501–£5,000",Repeat,31,4,5,5,14,2548.2400000000002
14680.0,28754.11,16,13476,2010-12-03 12:05:00,2011-11-14 16:59:00,1797.131875,346,0.046242774566473986,"Above £10,000",Repeat,25,4,5,5,14,28754.109999999997
14681.0,498.95,3,76,2011-05-12 10:45:00,2011-09-29 15:52:00,166.31666666666666,140,0.02142857142857143,£0–£500,Repeat,71,3,3,3,9,498.95
14682.0,52.0,2,80,2011-05-22 12:51:00,2011-06-05 12:12:00,26.0,13,0.15384615384615385,£0–£500,Repeat,188,1,3,1,5,52.0
14684.0,1201.51,5,821,2010-12-12 12:44:00,2011-11-14 11:33:00,240.302,336,0.01488095238095238,"£1,001–£2,500",Repeat,26,4,4,4,12,1201.51
14687.0,628.38,1,470,2011-08-25 11:59:00,2011-08-25 11:59:00,628.38,1,1.0,"£501–£1,000",One-Time,107,2,1,3,6,628.38
14688.0,5579.1,21,3584,2010-12-01 09:37:00,2011-12-02 12:26:00,265.6714285714286,366,0.05737704918032787,"£5,001–£10,000",Repeat,8,5,5,5,15,5579.1
14689.0,112.8,1,76,2011-05-15 11:22:00,2011-05-15 11:22:00,112.8,1,1.0,£0–£500,One-Time,209,1,1,1,3,112.8
14690.0,355.05,2,167,2011-07-11 11:58:00,2011-10-26 15:39:00,177.525,107,0.018691588785046728,£0–£500,Repeat,44,3,3,2,8,355.04999999999995
14691.0,2114.33,5,707,2011-05-11 09:55:00,2011-11-09 12:30:00,422.866,182,0.027472527472527472,"£1,001–£2,500",Repeat,31,4,4,5,13,2114.33
14692.0,591.55,4,265,2011-01-21 13:47:00,2011-07-25 15:08:00,147.8875,185,0.021621621621621623,"£501–£1,000",Repeat,137,2,4,3,9,591.55
14693.0,172.9,1,34,2011-03-20 12:50:00,2011-03-20 12:50:00,172.9,1,1.0,£0–£500,One-Time,265,1,1,1,3,172.9
14696.0,2078.95,7,1630,2010-12-01 15:37:00,2011-12-05 13:43:00,296.99285714285713,368,0.019021739130434784,"£1,001–£2,500",Repeat,4,5,5,5,15,2078.9500000000003
14697.0,188.60999999999999,2,181,2011-05-05 15:29:00,2011-05-05 15:39:00,94.30499999999999,1,2.0,£0–£500,Repeat,218,1,3,1,5,188.60999999999999
14698.0,1217.27,5,602,2011-10-19 12:54:00,2011-12-08 12:26:00,243.454,49,0.10204081632653061,"£1,001–£2,500",Repeat,2,5,4,4,13,1217.27
14699.0,109.13000000000001,1,77,2011-05-09 14:54:00,2011-05-09 14:54:00,109.13000000000001,1,1.0,£0–£500,One-Time,214,1,1,1,3,109.13000000000001
14700.0,2195.1,3,1314,2011-04-15 13:16:00,2011-11-07 14:40:00,731.6999999999999,206,0.014563106796116505,"£1,001–£2,500",Repeat,32,4,3,5,12,2195.1
14701.0,2526.09,9,921,2011-01-27 12:40:00,2011-11-29 12:38:00,280.6766666666667,305,0.029508196721311476,"£2,501–£5,000",Repeat,11,5,5,5,15,2526.09
14702.0,3251.79,17,1439,2010-12-09 19:23:00,2011-12-08 19:29:00,191.28176470588235,364,0.046703296703296704,"£2,501–£5,000",Repeat,1,5,5,5,15,3251.79
14703.0,318.17,1,183,2011-11-25 09:23:00,2011-11-25 09:23:00,318.17,1,1.0,£0–£500,One-Time,15,4,1,2,7,318.17
14704.0,1493.96,9,1043,2011-06-12 13:59:00,2011-11-28 12:51:00,165.99555555555557,168,0.05357142857142857,"£1,001–£2,500",Repeat,11,5,5,4,14,1493.96
14705.0,179.0,1,100,2011-05-25 12:39:00,2011-05-25 12:39:00,179.0,1,1.0,£0–£500,One-Time,199,1,1,1,3,179.0
14708.0,1126.37,3,621,2010-12-06 12:23:00,2011-12-07 08:21:00,375.45666666666665,365,0.00821917808219178,"£1,001–£2,500",Repeat,3,5,3,4,12,1126.3699999999997
14709.0,4921.04,13,2484,2010-12-16 13:43:00,2011-11-24 15:41:00,378.54153846153844,343,0.037900874635568516,"£2,501–£5,000",Repeat,15,4,5,5,14,4921.04
14710.0,599.48,4,375,2011-10-11 13:49:00,2011-11-25 14:53:00,149.87,45,0.08888888888888889,"£501–£1,000",Repeat,14,4,4,3,11,599.48
14711.0,2839.62,11,966,2011-03-22 13:32:00,2011-11-29 14:58:00,258.1472727272727,252,0.04365079365079365,"£2,501–£5,000",Repeat,10,5,5,5,15,2839.62
14712.0,917.07,3,315,2011-08-19 13:33:00,2011-11-10 12:59:00,305.69,82,0.036585365853658534,"£501–£1,000",Repeat,29,4,3,3,10,917.0699999999999
14713.0,2662.2,11,1613,2010-12-09 18:58:00,2011-11-30 16:26:00,242.0181818181818,355,0.030985915492957747,"£2,501–£5,000",Repeat,9,5,5,5,15,2662.2
14714.0,160.19,1,229,2011-11-15 13:07:00,2011-11-15 13:07:00,160.19,1,1.0,£0–£500,One-Time,24,4,1,1,6,160.19
14715.0,867.38,4,521,2011-01-12 13:27:00,2011-11-15 12:10:00,216.845,306,0.013071895424836602,"£501–£1,000",Repeat,25,4,4,3,11,867.38
14716.0,307.51,2,495,2011-07-14 12:42:00,2011-10-27 17:29:00,153.755,105,0.01904761904761905,£0–£500,Repeat,43,3,3,2,8,307.51000000000005
14719.0,1581.84,5,1025,2011-04-04 14:17:00,2011-12-08 12:43:00,316.368,247,0.020242914979757085,"£1,001–£2,500",Repeat,2,5,4,4,13,1581.84
14720.0,663.81,3,219,2011-08-05 12:06:00,2011-12-04 12:02:00,221.26999999999998,120,0.025,"£501–£1,000",Repeat,6,5,3,3,11,663.81
14722.0,180.42000000000002,1,118,2011-07-15 14:58:00,2011-07-15 14:58:00,180.42000000000002,1,1.0,£0–£500,One-Time,147,2,1,1,4,180.42000000000002
14723.0,1122.3600000000001,6,673,2010-12-03 14:18:00,2011-11-29 15:23:00,187.06000000000003,361,0.01662049861495845,"£1,001–£2,500",Repeat,10,5,5,4,14,1122.3600000000004
14725.0,655.58,1,588,2011-11-15 12:42:00,2011-11-15 12:42:00,655.58,1,1.0,"£501–£1,000",One-Time,25,4,1,3,8,655.58
14727.0,268.58,1,62,2011-03-10 14:45:00,2011-03-10 14:45:00,268.58,1,1.0,£0–£500,One-Time,274,1,1,2,4,268.58
14729.0,313.49,1,197,2010-12-01 12:43:00,2010-12-01 12:43:00,313.49,1,1.0,£0–£500,One-Time,374,1,1,2,4,313.49
14730.0,1897.57,8,1078,2011-03-08 12:49:00,2011-12-08 14:39:00,237.19625,275,0.02909090909090909,"£1,001–£2,500",Repeat,1,5,5,4,14,1897.57
14731.0,380.02,3,256,2011-05-11 13:06:00,2011-10-23 15:54:00,126.67333333333333,165,0.01818181818181818,£0–£500,Repeat,47,3,3,2,8,380.02
14732.0,2702.4900000000002,8,1405,2011-01-04 14:40:00,2011-12-01 14:34:00,337.81125000000003,330,0.024242424242424242,"£2,501–£5,000",Repeat,8,5,5,5,15,2702.4900000000002
14733.0,9585.91,12,3764,2010-12-07 11:30:00,2011-11-23 15:39:00,798.8258333333333,351,0.03418803418803419,"£5,001–£10,000",Repeat,16,4,5,5,14,9585.91
14735.0,6065.69,32,2264,2010-12-16 16:05:00,2011-12-06 12:09:00,189.5528125,354,0.0903954802259887,"£5,001–£10,000",Repeat,4,5,5,5,15,6065.69
14737.0,1164.55,3,345,2010-12-21 13:49:00,2011-12-06 10:16:00,388.18333333333334,349,0.008595988538681949,"£1,001–£2,500",Repeat,4,5,3,4,12,1164.55
14738.0,1314.45,7,601,2011-01-27 14:10:00,2011-10-28 08:56:00,187.77857142857144,273,0.02564102564102564,"£1,001–£2,500",Repeat,43,3,5,4,12,1314.45
14739.0,3902.28,7,3820,2010-12-07 14:58:00,2011-12-05 16:54:00,557.4685714285714,363,0.01928374655647383,"£2,501–£5,000",Repeat,4,5,5,5,15,3902.28
14740.0,1448.21,3,735,2011-03-01 08:35:00,2011-05-26 18:17:00,482.7366666666667,86,0.03488372093023256,"£1,001–£2,500",Repeat,197,1,3,4,8,1448.21
14741.0,1400.34,6,841,2010-12-02 08:43:00,2011-11-28 08:48:00,233.39,361,0.01662049861495845,"£1,001–£2,500",Repeat,12,5,5,4,14,1400.34
14744.0,1099.98,7,627,2010-12-08 10:21:00,2011-11-23 12:51:00,157.14000000000001,350,0.02,"£1,001–£2,500",Repeat,16,4,5,4,13,1099.98
14745.0,1220.26,5,1038,2011-02-27 15:25:00,2011-08-19 10:05:00,244.052,172,0.029069767441860465,"£1,001–£2,500",Repeat,113,2,4,4,10,1220.26
14747.0,328.2,1,84,2011-04-04 14:09:00,2011-04-04 14:09:00,328.2,1,1.0,£0–£500,One-Time,249,1,1,2,4,328.2
14748.0,1415.75,5,1223,2010-12-06 10:19:00,2011-11-10 18:33:00,283.15,339,0.014749262536873156,"£1,001–£2,500",Repeat,29,4,4,4,12,1415.7499999999998
14752.0,389.64,1,260,2011-10-27 11:55:00,2011-10-27 11:55:00,389.64,1,1.0,£0–£500,One-Time,44,3,1,2,6,389.64
14753.0,563.15,1,211,2011-09-13 14:50:00,2011-09-13 14:50:00,563.15,1,1.0,"£501–£1,000",One-Time,87,2,1,3,6,563.15
14754.0,638.05,2,486,2011-02-17 12:21:00,2011-10-26 12:01:00,319.025,250,0.008,"£501–£1,000",Repeat,45,3,3,3,9,638.05
14755.0,5010.28,11,2219,2011-01-09 14:02:00,2011-11-30 11:24:00,455.47999999999996,324,0.033950617283950615,"£5,001–£10,000",Repeat,10,5,5,5,15,5010.279999999999
14756.0,738.96,1,416,2011-11-24 18:13:00,2011-11-24 18:13:00,738.96,1,1.0,"£501–£1,000",One-Time,15,4,1,3,8,738.96
14757.0,420.5,1,160,2011-09-25 14:36:00,2011-09-25 14:36:00,420.5,1,1.0,£0–£500,One-Time,75,2,1,2,5,420.5
14758.0,1484.06,4,419,2011-03-25 12:10:00,2011-07-18 08:21:00,371.015,114,0.03508771929824561,"£1,001–£2,500",Repeat,145,2,4,4,10,1484.06
14759.0,1625.97,3,569,2011-04-21 10:55:00,2011-12-05 12:03:00,541.99,228,0.013157894736842105,"£1,001–£2,500",Repeat,5,5,3,4,12,1625.97
14760.0,89.2,1,40,2011-02-15 16:27:00,2011-02-15 16:27:00,89.2,1,1.0,£0–£500,One-Time,297,1,1,1,3,89.2
14761.0,255.9,2,118,2011-01-09 12:03:00,2011-10-12 12:10:00,127.95,276,0.007246376811594203,£0–£500,Repeat,59,3,3,2,8,255.9
14762.0,300.52,1,341,2011-03-21 08:20:00,2011-03-21 08:20:00,300.52,1,1.0,£0–£500,One-Time,264,1,1,2,4,300.52
14764.0,278.3,1,190,2011-10-24 11:54:00,2011-10-24 11:54:00,278.3,1,1.0,£0–£500,One-Time,47,3,1,2,6,278.3
14765.0,254.11,3,135,2011-06-16 19:49:00,2011-11-10 19:53:00,84.70333333333333,147,0.02040816326530612,£0–£500,Repeat,29,4,3,2,9,254.10999999999999
14766.0,2473.37,6,1349,2010-12-08 15:33:00,2011-12-01 16:05:00,412.2283333333333,358,0.01675977653631285,"£1,001–£2,500",Repeat,8,5,5,5,15,2473.37
14768.0,192.60000000000002,2,52,2011-08-04 13:25:00,2011-11-22 12:54:00,96.30000000000001,109,0.01834862385321101,£0–£500,Repeat,17,4,3,1,8,192.60000000000005
14769.0,10416.98,8,7239,2010-12-17 11:40:00,2011-12-07 10:24:00,1302.1225,354,0.022598870056497175,"Above £10,000",Repeat,3,5,5,5,15,10416.98
14770.0,876.42,2,490,2011-01-20 15:00:00,2011-04-21 14:21:00,438.21,90,0.022222222222222223,"£501–£1,000",Repeat,232,1,3,3,7,876.42
14772.0,139.26,1,82,2011-08-19 15:04:00,2011-08-19 15:04:00,139.26,1,1.0,£0–£500,One-Time,112,2,1,1,4,139.26
14775.0,1011.9,3,1174,2010-12-02 16:38:00,2011-10-12 15:27:00,337.3,313,0.009584664536741214,"£1,001–£2,500",Repeat,58,3,3,4,10,1011.9
14776.0,2538.3,11,3134,2011-01-31 13:17:00,2011-10-19 15:34:00,230.75454545454548,261,0.0421455938697318,"£2,501–£5,000",Repeat,51,3,5,5,13,2538.3000000000006
14778.0,730.86,2,306,2011-02-04 11:43:00,2011-08-04 15:23:00,365.43,181,0.011049723756906077,"£501–£1,000",Repeat,127,2,3,3,8,730.86
14779.0,386.15,3,84,2011-01-20 12:04:00,2011-03-04 12:42:00,128.71666666666667,43,0.06976744186046512,£0–£500,Repeat,281,1,3,2,6,386.15000000000003
14780.0,447.68,2,310,2011-09-21 15:15:00,2011-10-16 12:46:00,223.84,24,0.08333333333333333,£0–£500,Repeat,55,3,3,2,8,447.67999999999995
14782.0,200.10000000000002,1,114,2011-01-24 11:12:00,2011-01-24 11:12:00,200.10000000000002,1,1.0,£0–£500,One-Time,320,1,1,1,3,200.10000000000002
14784.0,289.99,2,237,2011-01-20 09:25:00,2011-11-13 13:30:00,144.995,297,0.006734006734006734,£0–£500,Repeat,26,4,3,2,9,289.99
14785.0,77.4,2,84,2011-11-24 13:40:00,2011-11-29 13:21:00,38.7,4,0.5,£0–£500,Repeat,10,5,3,1,9,77.4
14788.0,679.4399999999999,2,421,2011-11-13 15:52:00,2011-12-02 17:06:00,339.71999999999997,19,0.10526315789473684,"£501–£1,000",Repeat,7,5,3,3,11,679.4399999999999
14789.0,197.64,1,116,2011-11-11 08:59:00,2011-11-11 08:59:00,197.64,1,1.0,£0–£500,One-Time,29,4,1,1,6,197.64
14790.0,745.06,4,699,2011-03-31 11:49:00,2011-11-23 09:28:00,186.265,236,0.01694915254237288,"£501–£1,000",Repeat,17,4,4,3,11,745.06
14792.0,6.2,1,2,2011-10-07 09:19:00,2011-10-07 09:19:00,6.2,1,1.0,£0–£500,One-Time,64,3,1,1,5,6.2
14793.0,228.99,1,91,2011-11-18 14:50:00,2011-11-18 14:50:00,228.99,1,1.0,£0–£500,One-Time,21,4,1,1,6,228.99
14794.0,1319.91,7,673,2011-01-09 16:11:00,2011-12-07 10:11:00,188.55857142857144,331,0.021148036253776436,"£1,001–£2,500",Repeat,3,5,5,4,14,1319.91
14795.0,131.45000000000002,1,17,2011-06-26 13:04:00,2011-06-26 13:04:00,131.45000000000002,1,1.0,£0–£500,One-Time,166,2,1,1,4,131.45000000000002
14796.0,7975.49,17,5995,2010-12-08 10:40:00,2011-12-08 15:31:00,469.1464705882353,365,0.04657534246575343,"£5,001–£10,000",Repeat,1,5,5,5,15,7975.49
14798.0,173.74,3,150,2011-02-02 15:26:00,2011-10-18 10:58:00,57.913333333333334,257,0.011673151750972763,£0–£500,Repeat,53,3,3,1,7,173.74
14799.0,157.7,1,146,2011-10-19 16:16:00,2011-10-19 16:16:00,157.7,1,1.0,£0–£500,One-Time,51,3,1,1,5,157.7
14800.0,4331.79,12,3644,2010-12-05 11:10:00,2011-10-23 12:46:00,360.9825,322,0.037267080745341616,"£2,501–£5,000",Repeat,48,3,5,5,13,4331.79
14801.0,189.34,1,173,2011-10-09 15:24:00,2011-10-09 15:24:00,189.34,1,1.0,£0–£500,One-Time,61,3,1,1,5,189.34
14803.0,845.55,3,370,2011-02-20 13:21:00,2011-06-30 13:58:00,281.84999999999997,130,0.023076923076923078,"£501–£1,000",Repeat,162,2,3,3,8,845.55
14804.0,353.27,1,121,2011-12-01 11:20:00,2011-12-01 11:20:00,353.27,1,1.0,£0–£500,One-Time,9,5,1,2,8,353.27
14805.0,546.4,4,114,2011-01-30 10:43:00,2011-11-24 16:20:00,136.6,298,0.013422818791946308,"£501–£1,000",Repeat,15,4,4,3,11,546.4
14806.0,193.39000000000001,1,330,2011-09-25 15:32:00,2011-09-25 15:32:00,193.39000000000001,1,1.0,£0–£500,One-Time,75,2,1,1,4,193.39000000000001
14808.0,2718.6,8,2120,2011-06-20 12:53:00,2011-10-31 12:21:00,339.825,132,0.06060606060606061,"£2,501–£5,000",Repeat,40,3,5,5,13,2718.6
14810.0,2085.33,11,1015,2010-12-05 12:08:00,2011-10-30 11:19:00,189.57545454545453,328,0.03353658536585366,"£1,001–£2,500",Repeat,41,3,5,5,13,2085.33
14813.0,152.88,2,66,2010-12-05 11:54:00,2010-12-05 11:57:00,76.44,1,2.0,£0–£500,Repeat,370,1,3,1,5,152.88
14815.0,778.5,2,744,2011-10-03 11:36:00,2011-11-03 11:36:00,389.25,31,0.06451612903225806,"£501–£1,000",Repeat,37,3,3,3,9,778.5
14816.0,271.85,1,5,2011-05-26 13:16:00,2011-05-26 13:16:00,271.85,1,1.0,£0–£500,One-Time,197,1,1,2,4,271.85
14817.0,1110.34,2,655,2011-03-07 13:51:00,2011-05-23 13:35:00,555.17,76,0.02631578947368421,"£1,001–£2,500",Repeat,200,1,3,4,8,1110.34
14818.0,657.8,3,324,2011-03-31 12:28:00,2011-09-27 11:01:00,219.26666666666665,179,0.01675977653631285,"£501–£1,000",Repeat,74,2,3,3,8,657.8
14819.0,272.07,2,109,2011-05-31 13:50:00,2011-10-06 13:41:00,136.035,127,0.015748031496062992,£0–£500,Repeat,64,3,3,2,8,272.07
14820.0,507.29,4,253,2011-06-19 14:56:00,2011-11-18 15:41:00,126.8225,152,0.02631578947368421,"£501–£1,000",Repeat,21,4,4,3,11,507.29
14821.0,48.800000000000004,1,20,2010-12-08 08:43:00,2010-12-08 08:43:00,48.800000000000004,1,1.0,£0–£500,One-Time,367,1,1,1,3,48.800000000000004
14823.0,321.43,3,88,2011-05-29 12:48:00,2011-06-12 13:12:00,107.14333333333333,14,0.21428571428571427,£0–£500,Repeat,180,1,3,2,6,321.42999999999995
14824.0,1127.71,4,525,2011-09-09 14:12:00,2011-11-29 14:20:00,281.9275,81,0.04938271604938271,"£1,001–£2,500",Repeat,10,5,4,4,13,1127.71
14825.0,2221.01,12,989,2010-12-06 12:30:00,2011-12-06 11:38:00,185.08416666666668,364,0.03296703296703297,"£1,001–£2,500",Repeat,4,5,5,5,15,2221.01
14828.0,2139.76,3,2172,2011-01-07 09:50:00,2011-05-27 10:16:00,713.2533333333334,140,0.02142857142857143,"£1,001–£2,500",Repeat,197,1,3,5,9,2139.76
14829.0,697.55,4,452,2010-12-02 16:12:00,2011-11-10 16:16:00,174.3875,343,0.011661807580174927,"£501–£1,000",Repeat,29,4,4,3,11,697.5499999999998
14830.0,188.88,1,164,2011-10-17 14:29:00,2011-10-17 14:29:00,188.88,1,1.0,£0–£500,One-Time,53,3,1,1,5,188.88
14834.0,1720.3,6,734,2011-04-13 15:00:00,2011-11-22 10:30:00,286.71666666666664,222,0.02702702702702703,"£1,001–£2,500",Repeat,18,4,5,4,13,1720.3
14836.0,102.44999999999999,3,45,2011-11-09 13:26:00,2011-11-29 16:45:00,34.15,20,0.15,£0–£500,Repeat,10,5,3,1,9,102.44999999999999
14837.0,1649.5,4,1436,2011-05-22 12:49:00,2011-09-11 10:58:00,412.375,111,0.036036036036036036,"£1,001–£2,500",Repeat,90,2,4,4,10,1649.5
14840.0,62.85,1,31,2011-03-17 12:00:00,2011-03-17 12:00:00,62.85,1,1.0,£0–£500,One-Time,268,1,1,1,3,62.85
14841.0,3295.76,6,1778,2010-12-16 10:28:00,2011-10-17 15:03:00,549.2933333333334,305,0.019672131147540985,"£2,501–£5,000",Repeat,53,3,5,5,13,3295.7600000000007
14842.0,2824.69,4,1166,2011-02-04 15:32:00,2011-10-27 12:37:00,706.1725,264,0.015151515151515152,"£2,501–£5,000",Repeat,44,3,4,5,12,2824.69
14844.0,3189.81,4,1833,2011-04-12 13:10:00,2011-10-07 10:41:00,797.4525,177,0.022598870056497175,"£2,501–£5,000",Repeat,64,3,4,5,12,3189.81
14847.0,309.4,1,120,2011-07-14 10:52:00,2011-07-14 10:52:00,309.4,1,1.0,£0–£500,One-Time,149,2,1,2,5,309.4
14849.0,7930.54,25,5694,2010-12-01 12:22:00,2011-11-18 10:58:00,317.2216,351,0.07122507122507123,"£5,001–£10,000",Repeat,22,4,5,5,14,7930.540000000001
14850.0,325.75,1,293,2011-02-01 11:21:00,2011-02-01 11:21:00,325.75,1,1.0,£0–£500,One-Time,312,1,1,2,4,325.75
14851.0,511.35,2,325,2011-03-28 14:59:00,2011-11-16 14:20:00,255.675,232,0.008620689655172414,"£501–£1,000",Repeat,23,4,3,3,10,511.35
14852.0,2836.69,6,1747,2011-04-01 13:22:00,2011-10-12 13:20:00,472.7816666666667,193,0.031088082901554404,"£2,501–£5,000",Repeat,58,3,5,5,13,2836.69
14853.0,475.8,2,82,2011-05-12 15:17:00,2011-11-15 16:56:00,237.9,187,0.0106951871657754,£0–£500,Repeat,24,4,3,2,9,475.8
14854.0,2740.03,7,1820,2011-03-10 12:22:00,2011-09-22 17:00:00,391.4328571428572,196,0.03571428571428571,"£2,501–£5,000",Repeat,78,2,5,5,12,2740.03
14855.0,645.65,2,267,2011-07-28 12:06:00,2011-08-12 14:02:00,322.825,15,0.13333333333333333,"£501–£1,000",Repeat,119,2,3,3,8,645.65
14856.0,1290.53,3,711,2011-10-14 09:35:00,2011-11-03 14:53:00,430.1766666666667,20,0.15,"£1,001–£2,500",Repeat,36,3,3,4,10,1290.53
14857.0,1173.12,2,464,2011-07-14 15:03:00,2011-10-11 09:23:00,586.56,88,0.022727272727272728,"£1,001–£2,500",Repeat,60,3,3,4,10,1173.12
14859.0,1353.74,4,671,2011-05-19 14:42:00,2011-11-27 11:18:00,338.435,191,0.020942408376963352,"£1,001–£2,500",Repeat,13,5,4,4,13,1353.74
14860.0,170.32,1,232,2011-11-20 14:17:00,2011-11-20 14:17:00,170.32,1,1.0,£0–£500,One-Time,19,4,1,1,6,170.32
14861.0,125.79,1,117,2011-10-18 12:54:00,2011-10-18 12:54:00,125.79,1,1.0,£0–£500,One-Time,52,3,1,1,5,125.79
14862.0,841.1999999999999,2,772,2011-07-14 11:20:00,2011-11-14 10:01:00,420.59999999999997,122,0.01639344262295082,"£501–£1,000",Repeat,26,4,3,3,10,841.1999999999999
14863.0,266.76,1,132,2011-11-10 15:04:00,2011-11-10 15:04:00,266.76,1,1.0,£0–£500,One-Time,29,4,1,2,7,266.76
14865.0,52.2,2,108,2010-12-02 18:23:00,2011-12-02 16:25:00,26.1,364,0.005494505494505495,£0–£500,Repeat,7,5,3,1,9,52.20000000000001
14866.0,14389.9,12,6752,2010-12-08 14:58:00,2011-11-29 11:45:00,1199.1583333333333,355,0.03380281690140845,"Above £10,000",Repeat,11,5,5,5,15,14389.9
14867.0,710.28,3,328,2011-01-07 16:34:00,2011-06-07 11:39:00,236.76,150,0.02,"£501–£1,000",Repeat,186,1,3,3,7,710.28
14868.0,2953.59,8,1405,2011-04-20 13:36:00,2011-12-06 14:49:00,369.19875,230,0.034782608695652174,"£2,501–£5,000",Repeat,3,5,5,5,15,2953.59
14869.0,721.45,2,549,2011-08-28 16:09:00,2011-12-01 12:36:00,360.725,94,0.02127659574468085,"£501–£1,000",Repeat,9,5,3,3,11,721.45
14870.0,327.25,1,119,2011-03-23 10:51:00,2011-03-23 10:51:00,327.25,1,1.0,£0–£500,One-Time,262,1,1,2,4,327.25
14871.0,501.28000000000003,4,179,2010-12-14 12:18:00,2011-12-06 13:42:00,125.32000000000001,357,0.011204481792717087,"£501–£1,000",Repeat,3,5,4,3,12,501.28000000000003
14873.0,519.68,1,168,2011-05-13 13:52:00,2011-05-13 13:52:00,519.68,1,1.0,"£501–£1,000",One-Time,210,1,1,3,5,519.68
14875.0,1465.3200000000002,2,558,2011-03-22 11:53:00,2011-08-24 12:20:00,732.6600000000001,155,0.012903225806451613,"£1,001–£2,500",Repeat,108,2,3,4,9,1465.3200000000002
14878.0,1476.09,9,799,2010-12-16 12:11:00,2011-11-27 11:15:00,164.01,345,0.02608695652173913,"£1,001–£2,500",Repeat,13,5,5,4,14,1476.09
14880.0,690.59,3,365,2011-02-24 12:27:00,2011-09-23 13:42:00,230.1966666666667,211,0.014218009478672985,"£501–£1,000",Repeat,77,2,3,3,8,690.59
14881.0,255.4,1,316,2011-11-20 11:06:00,2011-11-20 11:06:00,255.4,1,1.0,£0–£500,One-Time,20,4,1,2,7,255.4
14882.0,589.7,2,158,2011-11-06 10:15:00,2011-11-13 12:47:00,294.85,7,0.2857142857142857,"£501–£1,000",Repeat,27,4,3,3,10,589.7
14883.0,761.59,6,790,2011-05-12 09:49:00,2011-11-21 10:23:00,126.93166666666667,193,0.031088082901554404,"£501–£1,000",Repeat,19,4,5,3,12,761.59
14885.0,765.3199999999999,1,724,2011-07-31 12:05:00,2011-07-31 12:05:00,765.3199999999999,1,1.0,"£501–£1,000",One-Time,132,2,1,3,6,765.3199999999999
14886.0,364.8,1,160,2011-04-01 08:56:00,2011-04-01 08:56:00,364.8,1,1.0,£0–£500,One-Time,253,1,1,2,4,364.8
14887.0,1862.0,1,1100,2011-09-21 15:32:00,2011-09-21 15:32:00,1862.0,1,1.0,"£1,001–£2,500",One-Time,79,2,1,4,7,1862.0
14888.0,369.2,1,184,2011-05-16 14:58:00,2011-05-16 14:58:00,369.2,1,1.0,£0–£500,One-Time,207,1,1,2,4,369.2
14889.0,135.9,1,90,2011-01-07 15:19:00,2011-01-07 15:19:00,135.9,1,1.0,£0–£500,One-Time,336,1,1,1,3,135.9
14890.0,125.65,1,51,2011-03-31 11:57:00,2011-03-31 11:57:00,125.65,1,1.0,£0–£500,One-Time,254,1,1,1,3,125.65
14891.0,554.38,2,505,2011-06-05 10:58:00,2011-07-14 18:08:00,277.19,39,0.05128205128205128,"£501–£1,000",Repeat,148,2,3,3,8,554.38
14893.0,1237.8500000000001,2,799,2011-11-28 10:49:00,2011-11-30 12:31:00,618.9250000000001,2,1.0,"£1,001–£2,500",Repeat,10,5,3,4,12,1237.8500000000001
14894.0,655.75,1,265,2011-09-15 13:51:00,2011-09-15 13:51:00,655.75,1,1.0,"£501–£1,000",One-Time,85,2,1,3,6,655.75
14895.0,11138.710000000001,20,4851,2011-02-22 13:08:00,2011-12-02 09:23:00,556.9355,282,0.07092198581560284,"Above £10,000",Repeat,8,5,5,5,15,11138.710000000001
14896.0,468.77000000000004,2,279,2010-12-09 12:24:00,2011-05-19 10:20:00,234.38500000000002,160,0.0125,£0–£500,Repeat,205,1,3,2,6,468.7700000000001
14897.0,1366.38,4,468,2011-02-16 08:37:00,2011-12-02 10:32:00,341.595,289,0.01384083044982699,"£1,001–£2,500",Repeat,8,5,4,4,13,1366.3800000000003
14898.0,1269.31,6,1001,2010-12-03 15:25:00,2011-11-16 14:54:00,211.55166666666665,347,0.01729106628242075,"£1,001–£2,500",Repeat,23,4,5,4,13,1269.31
14901.0,1421.29,9,661,2010-12-02 11:20:00,2011-11-28 17:09:00,157.92111111111112,361,0.024930747922437674,"£1,001–£2,500",Repeat,11,5,5,4,14,1421.2900000000002
14902.0,332.66,1,218,2011-11-14 10:34:00,2011-11-14 10:34:00,332.66,1,1.0,£0–£500,One-Time,26,4,1,2,7,332.66
14903.0,2795.33,5,1531,2011-03-06 11:50:00,2011-11-18 16:07:00,559.066,257,0.019455252918287938,"£2,501–£5,000",Repeat,21,4,4,5,13,2795.3300000000004
14904.0,1025.44,2,1985,2011-11-14 09:13:00,2011-12-07 12:55:00,512.72,23,0.08695652173913043,"£1,001–£2,500",Repeat,2,5,3,4,12,1025.44
14905.0,616.15,2,287,2011-04-20 10:48:00,2011-07-05 12:41:00,308.075,76,0.02631578947368421,"£501–£1,000",Repeat,158,2,3,3,8,616.15
14907.0,3501.1,7,1691,2010-12-07 10:14:00,2011-12-06 14:14:00,500.15714285714284,364,0.019230769230769232,"£2,501–£5,000",Repeat,3,5,5,5,15,3501.1
14908.0,277.8,1,132,2011-09-26 12:56:00,2011-09-26 12:56:00,277.8,1,1.0,£0–£500,One-Time,74,2,1,2,5,277.8
14910.0,434.35,4,238,2011-10-16 11:06:00,2011-12-07 10:06:00,108.5875,51,0.0784313725490196,£0–£500,Repeat,3,5,4,2,11,434.35
14911.0,143711.17,201,80240,2010-12-01 14:05:00,2011-12-08 15:54:00,714.980945273632,372,0.5403225806451613,"Above £10,000",Repeat,1,5,5,5,15,143711.17
14912.0,867.85,2,971,2011-04-07 11:06:00,2011-11-23 09:20:00,433.925,229,0.008733624454148471,"£501–£1,000",Repeat,17,4,3,3,10,867.8499999999999
14913.0,1227.43,4,1743,2010-12-15 14:35:00,2011-11-04 08:29:00,306.8575,323,0.01238390092879257,"£1,001–£2,500",Repeat,36,3,4,4,11,1227.43
14915.0,307.48,2,112,2011-03-07 09:39:00,2011-09-09 13:34:00,153.74,186,0.010752688172043012,£0–£500,Repeat,91,2,3,2,7,307.48
14916.0,1268.98,4,1136,2011-01-19 15:30:00,2011-09-30 09:20:00,317.245,253,0.015810276679841896,"£1,001–£2,500",Repeat,71,3,4,4,11,1268.98
14918.0,1610.15,2,675,2011-07-08 12:50:00,2011-08-16 11:50:00,805.075,38,0.05263157894736842,"£1,001–£2,500",Repeat,116,2,3,4,9,1610.15
14920.0,977.77,2,509,2011-05-11 10:31:00,2011-05-11 10:32:00,488.885,1,2.0,"£501–£1,000",Repeat,213,1,3,4,8,977.77
14921.0,1316.07,2,953,2011-05-22 12:51:00,2011-11-09 13:17:00,658.035,171,0.011695906432748537,"£1,001–£2,500",Repeat,30,4,3,4,11,1316.0699999999997
14923.0,749.1,1,418,2011-10-20 11:51:00,2011-10-20 11:51:00,749.1,1,1.0,"£501–£1,000",One-Time,51,3,1,3,7,749.1
14924.0,310.05,1,64,2011-04-08 09:25:00,2011-04-08 09:25:00,310.05,1,1.0,£0–£500,One-Time,246,1,1,2,4,310.05
14929.0,223.88,1,136,2011-11-07 17:21:00,2011-11-07 17:21:00,223.88,1,1.0,£0–£500,One-Time,32,4,1,1,6,223.88
14930.0,2362.96,3,1160,2011-03-10 14:42:00,2011-08-23 10:31:00,787.6533333333333,165,0.01818181818181818,"£1,001–£2,500",Repeat,109,2,3,5,10,2362.96
14931.0,1257.68,5,417,2011-04-13 09:32:00,2011-12-05 10:19:00,251.536,236,0.0211864406779661,"£1,001–£2,500",Repeat,5,5,4,4,13,1257.68
14932.0,363.53,1,80,2010-12-09 11:48:00,2010-12-09 11:48:00,363.53,1,1.0,£0–£500,One-Time,366,1,1,2,4,363.53
14934.0,1890.94,2,1042,2011-03-02 11:48:00,2011-09-19 10:10:00,945.47,200,0.01,"£1,001–£2,500",Repeat,82,2,3,4,9,1890.94
14935.0,1784.71,1,935,2011-02-15 14:44:00,2011-02-15 14:44:00,1784.71,1,1.0,"£1,001–£2,500",One-Time,297,1,1,4,6,1784.71
14936.0,8137.02,8,4085,2011-03-09 11:53:00,2011-11-06 10:30:00,1017.1275,241,0.03319502074688797,"£5,001–£10,000",Repeat,34,3,5,5,13,8137.02
14937.0,1621.88,3,484,2011-08-01 14:16:00,2011-10-14 12:29:00,540.6266666666667,73,0.0410958904109589,"£1,001–£2,500",Repeat,57,3,3,4,10,1621.8799999999999
14944.0,5900.25,12,2815,2011-02-16 12:47:00,2011-11-10 09:10:00,491.6875,266,0.045112781954887216,"£5,001–£10,000",Repeat,30,4,5,5,14,5900.25
14946.0,100.9,1,22,2011-11-25 13:33:00,2011-11-25 13:33:00,100.9,1,1.0,£0–£500,One-Time,14,4,1,1,6,100.9
14947.0,290.82,2,179,2011-08-01 09:31:00,2011-09-28 15:48:00,145.41,58,0.034482758620689655,£0–£500,Repeat,72,3,3,2,8,290.82
14948.0,1101.97,6,673,2011-05-04 14:52:00,2011-11-16 17:16:00,183.66166666666666,196,0.030612244897959183,"£1,001–£2,500",Repeat,23,4,5,4,13,1101.97
14950.0,371.2,1,136,2011-11-20 13:48:00,2011-11-20 13:48:00,371.2,1,1.0,£0–£500,One-Time,19,4,1,2,7,371.2
14951.0,311.69,1,311,2011-09-21 15:15:00,2011-09-21 15:15:00,311.69,1,1.0,£0–£500,One-Time,79,2,1,2,5,311.69
14952.0,8099.49,11,3355,2010-12-10 12:48:00,2011-10-11 10:33:00,736.3172727272727,304,0.03618421052631579,"£5,001–£10,000",Repeat,60,3,5,5,13,8099.49
14953.0,285.67,1,224,2011-11-14 14:59:00,2011-11-14 14:59:00,285.67,1,1.0,£0–£500,One-Time,25,4,1,2,7,285.67
14954.0,294.85,1,117,2011-11-27 14:30:00,2011-11-27 14:30:00,294.85,1,1.0,£0–£500,One-Time,12,5,1,2,8,294.85
14957.0,58.49,1,34,2011-03-31 17:59:00,2011-03-31 17:59:00,58.49,1,1.0,£0–£500,One-Time,253,1,1,1,3,58.49
14958.0,483.72999999999996,3,128,2011-04-08 11:28:00,2011-07-15 14:20:00,161.2433333333333,98,0.030612244897959183,£0–£500,Repeat,147,2,3,2,7,483.7299999999999
14959.0,695.42,4,494,2011-02-16 13:00:00,2011-10-06 18:23:00,173.855,232,0.017241379310344827,"£501–£1,000",Repeat,64,3,4,3,10,695.42
14960.0,221.27,2,221,2011-06-21 13:38:00,2011-12-01 12:54:00,110.635,162,0.012345679012345678,£0–£500,Repeat,8,5,3,1,9,221.26999999999998
14961.0,7044.68,9,3708,2010-12-14 11:38:00,2011-11-29 09:42:00,782.7422222222223,349,0.025787965616045846,"£5,001–£10,000",Repeat,11,5,5,5,15,7044.68
14962.0,126.7,1,44,2011-03-14 09:42:00,2011-03-14 09:42:00,126.7,1,1.0,£0–£500,One-Time,271,1,1,1,3,126.7
14963.0,1472.34,5,1159,2011-06-09 12:30:00,2011-11-30 12:16:00,294.46799999999996,173,0.028901734104046242,"£1,001–£2,500",Repeat,10,5,4,4,13,1472.3399999999997
14964.0,206.21,1,143,2011-04-06 14:13:00,2011-04-06 14:13:00,206.21,1,1.0,£0–£500,One-Time,247,1,1,1,3,206.21
14965.0,596.09,2,363,2011-09-04 13:15:00,2011-09-04 13:20:00,298.045,1,2.0,"£501–£1,000",Repeat,96,2,3,3,8,596.09
14966.0,183.02,1,179,2011-11-25 12:20:00,2011-11-25 12:20:00,183.02,1,1.0,£0–£500,One-Time,15,4,1,1,6,183.02
14967.0,463.8,1,140,2011-10-21 11:06:00,2011-10-21 11:06:00,463.8,1,1.0,£0–£500,One-Time,50,3,1,2,6,463.8
14968.0,147.59,1,127,2011-11-09 13:58:00,2011-11-09 13:58:00,147.59,1,1.0,£0–£500,One-Time,30,4,1,1,6,147.59
14970.0,1592.06,4,250,2011-01-27 12:23:00,2011-10-02 13:44:00,398.015,248,0.016129032258064516,"£1,001–£2,500",Repeat,68,3,4,4,11,1592.06
14971.0,1097.98,3,639,2011-10-27 13:33:00,2011-11-04 17:07:00,365.99333333333334,8,0.375,"£1,001–£2,500",Repeat,35,3,3,4,10,1097.98
14972.0,114.77,1,28,2011-08-03 14:54:00,2011-08-03 14:54:00,114.77,1,1.0,£0–£500,One-Time,128,2,1,1,4,114.77
14973.0,1314.45,3,369,2011-04-28 12:22:00,2011-08-24 15:51:00,438.15000000000003,118,0.025423728813559324,"£1,001–£2,500",Repeat,107,2,3,4,9,1314.45
14974.0,89.94,1,37,2011-11-02 13:01:00,2011-11-02 13:01:00,89.94,1,1.0,£0–£500,One-Time,37,3,1,1,5,89.94
14975.0,279.94,1,380,2011-10-13 14:08:00,2011-10-13 14:08:00,279.94,1,1.0,£0–£500,One-Time,57,3,1,2,6,279.94
14976.0,790.86,7,234,2011-01-17 11:09:00,2011-10-13 16:37:00,112.98,269,0.026022304832713755,"£501–£1,000",Repeat,57,3,5,3,11,790.86
14978.0,1921.3700000000001,5,523,2011-01-13 12:03:00,2011-09-28 13:07:00,384.274,258,0.01937984496124031,"£1,001–£2,500",Repeat,72,3,4,4,11,1921.37
14981.0,102.12,1,97,2011-04-07 13:45:00,2011-04-07 13:45:00,102.12,1,1.0,£0–£500,One-Time,246,1,1,1,3,102.12
14984.0,202.37,2,58,2011-06-12 11:04:00,2011-11-20 14:28:00,101.185,161,0.012422360248447204,£0–£500,Repeat,19,4,3,1,8,202.36999999999998
14985.0,292.01,2,256,2010-12-16 19:51:00,2011-05-25 14:29:00,146.005,159,0.012578616352201259,£0–£500,Repeat,198,1,3,2,6,292.01
14987.0,326.4,2,128,2010-12-09 12:13:00,2011-11-24 09:59:00,163.2,349,0.0057306590257879654,£0–£500,Repeat,16,4,3,2,9,326.4
14988.0,334.54,1,141,2011-05-12 12:05:00,2011-05-12 12:05:00,334.54,1,1.0,£0–£500,One-Time,212,1,1,2,4,334.54
14995.0,231.98000000000002,2,102,2011-03-04 13:14:00,2011-11-01 11:39:00,115.99000000000001,241,0.008298755186721992,£0–£500,Repeat,39,3,3,1,7,231.98000000000002
14997.0,546.1999999999999,3,1120,2011-06-14 16:52:00,2011-10-24 13:28:00,182.06666666666663,131,0.022900763358778626,"£501–£1,000",Repeat,46,3,3,3,9,546.1999999999999
14998.0,414.87,2,258,2011-04-12 16:28:00,2011-06-22 17:30:00,207.435,71,0.028169014084507043,£0–£500,Repeat,170,2,3,2,7,414.87
15000.0,490.52,1,218,2011-10-23 11:42:00,2011-10-23 11:42:00,490.52,1,1.0,£0–£500,One-Time,48,3,1,3,7,490.52
15002.0,1641.76,4,862,2010-12-07 13:16:00,2011-08-16 10:44:00,410.44,251,0.01593625498007968,"£1,001–£2,500",Repeat,116,2,4,4,10,1641.76
15004.0,1220.77,1,623,2011-07-15 14:05:00,2011-07-15 14:05:00,1220.77,1,1.0,"£1,001–£2,500",One-Time,147,2,1,4,7,1220.77
15005.0,6295.37,28,4230,2010-12-08 14:36:00,2011-11-24 12:25:00,224.83464285714285,350,0.08,"£5,001–£10,000",Repeat,16,4,5,5,14,6295.370000000001
15006.0,480.38,1,286,2011-10-19 15:08:00,2011-10-19 15:08:00,480.38,1,1.0,£0–£500,One-Time,51,3,1,2,6,480.38
15007.0,156.91,1,69,2011-07-03 16:00:00,2011-07-03 16:00:00,156.91,1,1.0,£0–£500,One-Time,159,2,1,1,4,156.91
15009.0,1259.43,3,639,2011-11-14 17:40:00,2011-11-27 13:35:00,419.81,12,0.25,"£1,001–£2,500",Repeat,12,5,3,4,12,1259.43
15010.0,308.94,1,184,2011-11-04 12:42:00,2011-11-04 12:42:00,308.94,1,1.0,£0–£500,One-Time,36,3,1,2,6,308.94
15012.0,405.04,2,225,2010-12-01 12:49:00,2011-10-17 12:22:00,202.52,319,0.006269592476489028,£0–£500,Repeat,54,3,3,2,8,405.03999999999996
15014.0,257.67,2,149,2011-06-16 19:40:00,2011-10-27 20:07:00,128.835,133,0.015037593984962405,£0–£500,Repeat,43,3,3,2,8,257.67
15016.0,170.04,1,76,2011-06-20 12:06:00,2011-06-20 12:06:00,170.04,1,1.0,£0–£500,One-Time,173,2,1,1,4,170.04
15017.0,125.58,1,63,2011-11-06 10:33:00,2011-11-06 10:33:00,125.58,1,1.0,£0–£500,One-Time,34,3,1,1,5,125.58
15018.0,496.21000000000004,3,189,2010-12-07 10:47:00,2011-11-01 12:47:00,165.40333333333334,329,0.00911854103343465,£0–£500,Repeat,39,3,3,3,9,496.21000000000004
15019.0,252.81,1,150,2011-03-18 12:35:00,2011-03-18 12:35:00,252.81,1,1.0,£0–£500,One-Time,267,1,1,2,4,252.81
15021.0,1871.77,9,819,2010-12-08 12:17:00,2011-12-01 11:53:00,207.97444444444443,357,0.025210084033613446,"£1,001–£2,500",Repeat,9,5,5,4,14,1871.77
15022.0,852.39,4,527,2011-10-23 15:47:00,2011-11-28 12:35:00,213.0975,35,0.11428571428571428,"£501–£1,000",Repeat,12,5,4,3,12,852.39
15023.0,6720.41,11,2827,2010-12-05 13:49:00,2011-12-06 17:23:00,610.9463636363636,366,0.030054644808743168,"£5,001–£10,000",Repeat,3,5,5,5,15,6720.409999999998
15024.0,1636.43,10,902,2010-12-07 13:20:00,2011-11-30 12:06:00,163.643,357,0.028011204481792718,"£1,001–£2,500",Repeat,10,5,5,4,14,1636.43
15025.0,361.96,1,184,2011-11-06 15:20:00,2011-11-06 15:20:00,361.96,1,1.0,£0–£500,One-Time,33,4,1,2,7,361.96
15026.0,469.0,3,285,2011-03-07 13:45:00,2011-09-20 13:52:00,156.33333333333334,197,0.015228426395939087,£0–£500,Repeat,80,2,3,2,7,469.0
15027.0,1066.1499999999999,4,565,2011-04-15 14:14:00,2011-11-09 10:16:00,266.53749999999997,207,0.01932367149758454,"£1,001–£2,500",Repeat,31,4,4,4,12,1066.1499999999999
15028.0,627.13,4,459,2010-12-06 12:47:00,2011-12-01 14:06:00,156.7825,360,0.011111111111111112,"£501–£1,000",Repeat,8,5,4,3,12,627.13
15030.0,518.28,2,372,2011-03-16 15:34:00,2011-09-29 10:50:00,259.14,196,0.01020408163265306,"£501–£1,000",Repeat,72,3,3,3,9,518.28
15031.0,653.19,4,400,2011-03-02 14:46:00,2011-12-05 14:19:00,163.2975,277,0.01444043321299639,"£501–£1,000",Repeat,4,5,4,3,12,653.19
15032.0,4959.1,3,2968,2010-12-08 12:57:00,2011-03-28 15:03:00,1653.0333333333335,110,0.02727272727272727,"£2,501–£5,000",Repeat,256,1,3,5,9,4959.1
15033.0,2557.18,10,1672,2011-01-14 13:28:00,2011-12-05 12:40:00,255.718,324,0.030864197530864196,"£2,501–£5,000",Repeat,5,5,5,5,15,2557.18
15034.0,4274.16,8,2413,2010-12-21 09:47:00,2011-11-24 12:11:00,534.27,338,0.023668639053254437,"£2,501–£5,000",Repeat,16,4,5,5,14,4274.16
15035.0,252.73000000000002,1,245,2011-09-11 11:08:00,2011-09-11 11:08:00,252.73000000000002,1,1.0,£0–£500,One-Time,90,2,1,2,5,252.73000000000002
15036.0,429.56,3,316,2011-06-13 12:19:00,2011-09-28 15:42:00,143.18666666666667,107,0.028037383177570093,£0–£500,Repeat,72,3,3,2,8,429.55999999999995
15038.0,685.74,6,212,2010-12-05 10:54:00,2011-10-12 11:33:00,114.29,311,0.01929260450160772,"£501–£1,000",Repeat,59,3,5,3,11,685.7400000000001
15039.0,19766.59,47,9131,2010-12-06 11:26:00,2011-11-30 11:31:00,420.5657446808511,359,0.1309192200557103,"Above £10,000",Repeat,10,5,5,5,15,19766.59
15041.0,179.93,1,103,2011-06-22 16:16:00,2011-06-22 16:16:00,179.93,1,1.0,£0–£500,One-Time,170,2,1,1,4,179.93
15042.0,135.93,1,30,2011-05-24 16:25:00,2011-05-24 16:25:00,135.93,1,1.0,£0–£500,One-Time,199,1,1,1,3,135.93
15043.0,537.0,1,300,2011-11-08 14:26:00,2011-11-08 14:26:00,537.0,1,1.0,"£501–£1,000",One-Time,31,4,1,3,8,537.0
15044.0,7634.7300000000005,17,2785,2010-12-12 14:27:00,2011-11-20 13:20:00,449.1017647058824,342,0.049707602339181284,"£5,001–£10,000",Repeat,19,4,5,5,14,7634.7300000000005
15045.0,735.66,2,114,2011-03-27 11:44:00,2011-07-11 11:33:00,367.83,105,0.01904761904761905,"£501–£1,000",Repeat,152,2,3,3,8,735.66
15046.0,5090.42,15,3372,2011-01-05 15:30:00,2011-11-30 15:50:00,339.36133333333333,329,0.04559270516717325,"£5,001–£10,000",Repeat,9,5,5,5,15,5090.42
15047.0,343.62,1,222,2011-03-15 10:49:00,2011-03-15 10:49:00,343.62,1,1.0,£0–£500,One-Time,270,1,1,2,4,343.62
15048.0,381.0,4,192,2010-12-06 12:15:00,2011-10-05 14:55:00,95.25,303,0.013201320132013201,£0–£500,Repeat,65,3,4,2,9,381.0
15049.0,121.17000000000002,1,63,2011-03-11 12:13:00,2011-03-11 12:13:00,121.17000000000002,1,1.0,£0–£500,One-Time,274,1,1,1,3,121.17000000000002
15050.0,1737.69,3,1216,2011-09-29 13:22:00,2011-11-14 16:17:00,579.23,46,0.06521739130434782,"£1,001–£2,500",Repeat,25,4,3,4,11,1737.69
15051.0,1383.3600000000001,3,1010,2011-07-12 15:29:00,2011-11-16 15:38:00,461.12000000000006,127,0.023622047244094488,"£1,001–£2,500",Repeat,23,4,3,4,11,1383.3600000000001
15052.0,207.73000000000002,1,79,2011-01-24 15:52:00,2011-01-24 15:52:00,207.73000000000002,1,1.0,£0–£500,One-Time,319,1,1,1,3,207.73000000000002
15053.0,693.95,3,984,2011-03-03 12:06:00,2011-12-05 12:08:00,231.3166666666667,277,0.010830324909747292,"£501–£1,000",Repeat,5,5,3,3,11,693.95
15054.0,302.1,2,198,2011-10-30 14:33:00,2011-11-27 15:02:00,151.05,28,0.07142857142857142,£0–£500,Repeat,12,5,3,2,10,302.1
15057.0,1489.5,2,668,2011-01-28 09:09:00,2011-03-09 15:17:00,744.75,40,0.05,"£1,001–£2,500",Repeat,275,1,3,4,8,1489.5000000000002
15058.0,2102.54,11,1054,2011-01-31 15:35:00,2011-11-14 14:57:00,191.14,286,0.038461538461538464,"£1,001–£2,500",Repeat,25,4,5,5,14,2102.54
15059.0,1337.72,9,604,2011-01-09 11:54:00,2011-10-30 11:35:00,148.63555555555556,293,0.030716723549488054,"£1,001–£2,500",Repeat,41,3,5,4,12,1337.7199999999998
15060.0,294.25,4,257,2011-11-30 14:03:00,2011-12-01 13:47:00,73.5625,1,4.0,£0–£500,Repeat,8,5,4,2,11,294.25
15061.0,54534.14,48,28920,2010-12-02 15:19:00,2011-12-06 12:06:00,1136.1279166666666,368,0.13043478260869565,"Above £10,000",Repeat,4,5,5,5,15,54534.13999999999
15062.0,987.86,4,763,2010-12-15 15:37:00,2011-09-29 16:51:00,246.965,288,0.013888888888888888,"£501–£1,000",Repeat,71,3,4,4,11,987.86
15063.0,370.79999999999995,1,56,2011-05-10 13:25:00,2011-05-10 13:25:00,370.79999999999995,1,1.0,£0–£500,One-Time,213,1,1,2,4,370.79999999999995
15065.0,3158.13,4,1383,2011-02-21 12:54:00,2011-11-02 09:45:00,789.5325,253,0.015810276679841896,"£2,501–£5,000",Repeat,38,3,4,5,12,3158.13
15066.0,893.59,1,317,2011-10-17 13:25:00,2011-10-17 13:25:00,893.59,1,1.0,"£501–£1,000",One-Time,53,3,1,3,7,893.59
15067.0,1744.76,3,954,2011-03-02 12:10:00,2011-09-22 13:20:00,581.5866666666667,204,0.014705882352941176,"£1,001–£2,500",Repeat,78,2,3,4,9,1744.76
15068.0,553.36,2,364,2011-03-28 14:27:00,2011-10-24 14:47:00,276.68,210,0.009523809523809525,"£501–£1,000",Repeat,46,3,3,3,9,553.3600000000001
15069.0,1109.53,1,520,2011-06-13 14:16:00,2011-06-13 14:16:00,1109.53,1,1.0,"£1,001–£2,500",One-Time,179,2,1,4,7,1109.53
15070.0,106.2,1,36,2010-12-02 11:23:00,2010-12-02 11:23:00,106.2,1,1.0,£0–£500,One-Time,373,1,1,1,3,106.2
15071.0,982.07,2,269,2011-03-09 10:19:00,2011-09-07 11:43:00,491.035,182,0.01098901098901099,"£501–£1,000",Repeat,94,2,3,4,9,982.0700000000002
15073.0,1043.41,3,491,2011-06-06 09:59:00,2011-11-30 10:44:00,347.80333333333334,177,0.01694915254237288,"£1,001–£2,500",Repeat,10,5,3,4,12,1043.4099999999999
15074.0,735.67,1,431,2011-08-26 14:45:00,2011-08-26 14:45:00,735.67,1,1.0,"£501–£1,000",One-Time,105,2,1,3,6,735.67
15075.0,773.03,1,447,2011-09-23 12:27:00,2011-09-23 12:27:00,773.03,1,1.0,"£501–£1,000",One-Time,78,2,1,3,6,773.03
15076.0,880.85,1,571,2011-06-20 08:23:00,2011-06-20 08:23:00,880.85,1,1.0,"£501–£1,000",One-Time,173,2,1,3,6,880.85
15078.0,9743.11,32,5105,2010-12-06 12:38:00,2011-12-02 15:41:00,304.4721875,361,0.0886426592797784,"£5,001–£10,000",Repeat,7,5,5,5,15,9743.11
15079.0,895.61,4,389,2010-12-09 09:25:00,2011-05-11 12:45:00,223.9025,153,0.026143790849673203,"£501–£1,000",Repeat,213,1,4,3,8,895.61
15081.0,504.8,5,190,2010-12-07 16:20:00,2011-11-17 17:08:00,100.96000000000001,345,0.014492753623188406,"£501–£1,000",Repeat,22,4,4,3,11,504.80000000000007
15083.0,88.2,1,38,2011-03-28 12:18:00,2011-03-28 12:18:00,88.2,1,1.0,£0–£500,One-Time,257,1,1,1,3,88.2
15087.0,306.94,1,470,2011-03-03 10:34:00,2011-03-03 10:34:00,306.94,1,1.0,£0–£500,One-Time,282,1,1,2,4,306.94
15088.0,1160.07,2,460,2011-10-03 14:05:00,2011-11-18 13:14:00,580.035,45,0.044444444444444446,"£1,001–£2,500",Repeat,21,4,3,4,11,1160.07
15089.0,2420.84,6,1359,2011-08-03 14:14:00,2011-11-29 16:31:00,403.47333333333336,118,0.05084745762711865,"£1,001–£2,500",Repeat,10,5,5,5,15,2420.84
15090.0,381.32,1,208,2011-02-04 14:03:00,2011-02-04 14:03:00,381.32,1,1.0,£0–£500,One-Time,308,1,1,2,4,381.32
15091.0,480.71,1,346,2011-10-03 12:47:00,2011-10-03 12:47:00,480.71,1,1.0,£0–£500,One-Time,68,3,1,2,6,480.71
15092.0,457.81,2,135,2011-03-01 12:24:00,2011-05-08 14:10:00,228.905,68,0.029411764705882353,£0–£500,Repeat,215,1,3,2,6,457.81
15093.0,4597.02,6,3760,2010-12-02 18:25:00,2011-11-21 13:09:00,766.1700000000001,353,0.0169971671388102,"£2,501–£5,000",Repeat,18,4,5,5,14,4597.020000000001
15095.0,1370.6,4,1079,2011-05-20 14:27:00,2011-08-28 12:01:00,342.65,99,0.04040404040404041,"£1,001–£2,500",Repeat,104,2,4,4,10,1370.6000000000001
15096.0,219.39000000000001,1,120,2011-10-28 10:27:00,2011-10-28 10:27:00,219.39000000000001,1,1.0,£0–£500,One-Time,43,3,1,1,5,219.39000000000001
15097.0,248.08,1,170,2011-12-05 14:03:00,2011-12-05 14:03:00,248.08,1,1.0,£0–£500,One-Time,4,5,1,1,7,248.08
15098.0,39916.5,3,121,2011-06-10 15:22:00,2011-06-10 15:33:00,13305.5,1,3.0,"Above £10,000",Repeat,182,1,3,5,9,39916.5
15099.0,410.48,1,343,2011-09-16 13:13:00,2011-09-16 13:13:00,410.48,1,1.0,£0–£500,One-Time,84,2,1,2,5,410.48
15100.0,876.0,3,80,2010-12-01 09:09:00,2011-01-10 10:35:00,292.0,40,0.075,"£501–£1,000",Repeat,334,1,3,3,7,876.0
15101.0,317.53,2,241,2010-12-15 12:54:00,2011-12-01 10:18:00,158.765,350,0.005714285714285714,£0–£500,Repeat,9,5,3,2,10,317.53
15103.0,703.36,2,329,2011-09-14 13:54:00,2011-11-08 14:53:00,351.68,55,0.03636363636363636,"£501–£1,000",Repeat,31,4,3,3,10,703.36
15104.0,993.54,2,635,2011-03-02 14:16:00,2011-05-27 12:29:00,496.77,85,0.023529411764705882,"£501–£1,000",Repeat,197,1,3,4,8,993.5399999999998
15105.0,2298.93,7,1211,2011-07-28 10:09:00,2011-11-21 16:54:00,328.4185714285714,116,0.0603448275862069,"£1,001–£2,500",Repeat,18,4,5,5,14,2298.93
15106.0,1422.52,5,1181,2011-03-15 12:52:00,2011-11-22 09:16:00,284.504,251,0.0199203187250996,"£1,001–£2,500",Repeat,18,4,4,4,12,1422.52
15107.0,319.5,6,169,2010-12-02 13:45:00,2011-02-01 14:46:00,53.25,61,0.09836065573770492,£0–£500,Repeat,311,1,5,2,8,319.5
15108.0,1300.25,4,499,2011-04-26 10:54:00,2011-07-21 10:24:00,325.0625,85,0.047058823529411764,"£1,001–£2,500",Repeat,142,2,4,4,10,1300.25
15109.0,484.95,1,131,2011-04-08 09:58:00,2011-04-08 09:58:00,484.95,1,1.0,£0–£500,One-Time,246,1,1,2,4,484.95
15110.0,996.1,4,246,2011-01-25 11:41:00,2011-11-16 11:16:00,249.025,294,0.013605442176870748,"£501–£1,000",Repeat,24,4,4,4,12,996.1
15111.0,1567.48,3,710,2010-12-02 11:45:00,2011-11-10 16:58:00,522.4933333333333,343,0.008746355685131196,"£1,001–£2,500",Repeat,29,4,3,4,11,1567.48
15113.0,3509.43,3,2344,2011-10-16 15:27:00,2011-11-30 08:23:00,1169.81,44,0.06818181818181818,"£2,501–£5,000",Repeat,10,5,3,5,13,3509.4299999999994
15114.0,2760.56,10,3096,2011-02-11 08:45:00,2011-11-09 15:05:00,276.056,271,0.03690036900369004,"£2,501–£5,000",Repeat,30,4,5,5,14,2760.5599999999995
15115.0,340.11,1,157,2011-11-21 14:59:00,2011-11-21 14:59:00,340.11,1,1.0,£0–£500,One-Time,18,4,1,2,7,340.11
15116.0,1352.75,4,648,2011-05-19 08:50:00,2011-11-22 12:25:00,338.1875,187,0.0213903743315508,"£1,001–£2,500",Repeat,18,4,4,4,12,1352.75
15117.0,1551.78,5,1948,2011-05-08 12:38:00,2011-11-25 08:12:00,310.356,200,0.025,"£1,001–£2,500",Repeat,15,4,4,4,12,1551.7800000000002
15118.0,244.8,1,1440,2011-07-28 14:54:00,2011-07-28 14:54:00,244.8,1,1.0,£0–£500,One-Time,134,2,1,1,4,244.8
15119.0,266.4,1,88,2011-04-08 09:08:00,2011-04-08 09:08:00,266.4,1,1.0,£0–£500,One-Time,246,1,1,2,4,266.4
15120.0,358.82,1,296,2011-07-29 09:48:00,2011-07-29 09:48:00,358.82,1,1.0,£0–£500,One-Time,134,2,1,2,5,358.82
15121.0,457.72,2,199,2011-02-24 12:41:00,2011-10-20 14:51:00,228.86,238,0.008403361344537815,£0–£500,Repeat,50,3,3,2,8,457.72
15122.0,1633.78,3,800,2011-02-15 09:59:00,2011-08-17 16:48:00,544.5933333333334,183,0.01639344262295082,"£1,001–£2,500",Repeat,114,2,3,4,9,1633.7800000000002
15123.0,2199.31,2,1195,2011-05-17 14:57:00,2011-12-02 13:12:00,1099.655,198,0.010101010101010102,"£1,001–£2,500",Repeat,7,5,3,5,13,2199.3100000000004
15124.0,184.19,2,233,2011-06-01 09:06:00,2011-11-17 10:09:00,92.095,169,0.011834319526627219,£0–£500,Repeat,23,4,3,1,8,184.18999999999997
15125.0,11528.48,15,6193,2011-03-14 09:59:00,2011-11-14 13:57:00,768.5653333333333,245,0.061224489795918366,"Above £10,000",Repeat,25,4,5,5,14,11528.48
15127.0,406.53,1,251,2011-10-05 10:30:00,2011-10-05 10:30:00,406.53,1,1.0,£0–£500,One-Time,66,3,1,2,6,406.53
15128.0,1471.0,4,1343,2011-05-04 12:32:00,2011-10-10 13:54:00,367.75,159,0.025157232704402517,"£1,001–£2,500",Repeat,60,3,4,4,11,1471.0
15129.0,3447.4,11,1794,2011-02-21 09:09:00,2011-10-20 14:40:00,313.40000000000003,241,0.04564315352697095,"£2,501–£5,000",Repeat,50,3,5,5,13,3447.4
15130.0,330.11,1,197,2011-06-23 10:15:00,2011-06-23 10:15:00,330.11,1,1.0,£0–£500,One-Time,170,2,1,2,5,330.11
15132.0,977.9300000000001,5,679,2011-03-22 12:02:00,2011-11-21 17:10:00,195.586,244,0.020491803278688523,"£501–£1,000",Repeat,18,4,4,4,12,977.9300000000001
15133.0,982.42,3,680,2011-02-11 10:38:00,2011-08-04 10:44:00,327.4733333333333,174,0.017241379310344827,"£501–£1,000",Repeat,128,2,3,4,9,982.4199999999998
15134.0,1387.99,8,887,2011-04-13 11:05:00,2011-11-25 08:55:00,173.49875,225,0.035555555555555556,"£1,001–£2,500",Repeat,15,4,5,4,13,1387.99
15135.0,139.05,1,43,2011-04-14 19:16:00,2011-04-14 19:16:00,139.05,1,1.0,£0–£500,One-Time,239,1,1,1,3,139.05
15136.0,1286.7,4,776,2011-09-04 16:05:00,2011-12-07 12:26:00,321.675,93,0.043010752688172046,"£1,001–£2,500",Repeat,3,5,4,4,13,1286.7000000000003
15139.0,178.96,2,208,2011-01-07 12:44:00,2011-04-14 11:39:00,89.48,96,0.020833333333333332,£0–£500,Repeat,240,1,3,1,5,178.96
15140.0,2354.25,7,1572,2011-03-20 14:37:00,2011-10-18 14:07:00,336.32142857142856,211,0.03317535545023697,"£1,001–£2,500",Repeat,52,3,5,5,13,2354.25
15142.0,498.74,1,365,2011-10-24 12:51:00,2011-10-24 12:51:00,498.74,1,1.0,£0–£500,One-Time,46,3,1,3,7,498.74
15143.0,259.45,1,150,2011-04-28 12:03:00,2011-04-28 12:03:00,259.45,1,1.0,£0–£500,One-Time,226,1,1,2,4,259.45
15144.0,6580.44,17,3050,2011-01-31 13:17:00,2011-12-01 15:12:00,387.0847058823529,304,0.05592105263157895,"£5,001–£10,000",Repeat,8,5,5,5,15,6580.44
15145.0,1194.73,4,756,2011-04-05 15:20:00,2011-12-05 17:21:00,298.6825,244,0.01639344262295082,"£1,001–£2,500",Repeat,4,5,4,4,13,1194.7300000000002
15146.0,1327.16,2,1473,2011-02-21 13:07:00,2011-06-28 12:09:00,663.58,126,0.015873015873015872,"£1,001–£2,500",Repeat,165,2,3,4,9,1327.16
15147.0,623.5,1,366,2011-04-13 15:57:00,2011-04-13 15:57:00,623.5,1,1.0,"£501–£1,000",One-Time,240,1,1,3,5,623.5
15148.0,301.29,1,187,2011-11-29 08:21:00,2011-11-29 08:21:00,301.29,1,1.0,£0–£500,One-Time,11,5,1,2,8,301.29
15149.0,520.8000000000001,1,128,2011-07-29 10:58:00,2011-07-29 10:58:00,520.8000000000001,1,1.0,"£501–£1,000",One-Time,134,2,1,3,6,520.8000000000001
15150.0,5291.33,10,3642,2011-03-15 14:21:00,2011-11-22 12:52:00,529.133,251,0.0398406374501992,"£5,001–£10,000",Repeat,17,4,5,5,14,5291.330000000001
15152.0,4745.69,13,2704,2011-06-05 15:36:00,2011-11-30 12:32:00,365.0530769230769,177,0.07344632768361582,"£2,501–£5,000",Repeat,10,5,5,5,15,4745.69
15153.0,329.25,1,198,2011-11-08 17:09:00,2011-11-08 17:09:00,329.25,1,1.0,£0–£500,One-Time,31,4,1,2,7,329.25
15154.0,254.28,1,89,2011-09-25 16:05:00,2011-09-25 16:05:00,254.28,1,1.0,£0–£500,One-Time,75,2,1,2,5,254.28
15156.0,961.49,3,597,2011-11-06 12:41:00,2011-12-08 18:22:00,320.49666666666667,32,0.09375,"£501–£1,000",Repeat,1,5,3,4,12,961.49
15157.0,1936.07,3,2392,2010-12-16 13:44:00,2011-12-06 11:28:00,645.3566666666667,354,0.00847457627118644,"£1,001–£2,500",Repeat,4,5,3,4,12,1936.07
15158.0,401.40000000000003,1,198,2011-10-25 13:53:00,2011-10-25 13:53:00,401.40000000000003,1,1.0,£0–£500,One-Time,45,3,1,2,6,401.40000000000003
15159.0,18641.010000000002,30,11441,2010-12-13 15:44:00,2011-12-08 12:05:00,621.3670000000001,359,0.08356545961002786,"Above £10,000",Repeat,2,5,5,5,15,18641.010000000002
15160.0,158.16,1,84,2010-12-17 14:15:00,2010-12-17 14:15:00,158.16,1,1.0,£0–£500,One-Time,357,1,1,1,3,158.16
15163.0,304.47,2,186,2011-05-31 15:22:00,2011-11-21 13:10:00,152.235,173,0.011560693641618497,£0–£500,Repeat,18,4,3,2,9,304.47
15164.0,824.58,3,351,2011-01-04 14:21:00,2011-10-02 12:05:00,274.86,270,0.011111111111111112,"£501–£1,000",Repeat,69,3,3,3,9,824.58
15165.0,487.75,1,160,2010-12-01 14:03:00,2010-12-01 14:03:00,487.75,1,1.0,£0–£500,One-Time,373,1,1,3,5,487.75
15167.0,158.8,1,65,2011-01-23 12:41:00,2011-01-23 12:41:00,158.8,1,1.0,£0–£500,One-Time,321,1,1,1,3,158.8
15168.0,106.56,1,52,2011-11-14 11:26:00,2011-11-14 11:26:00,106.56,1,1.0,£0–£500,One-Time,26,4,1,1,6,106.56
15171.0,1289.5,1,290,2011-01-12 15:36:00,2011-01-12 15:36:00,1289.5,1,1.0,"£1,001–£2,500",One-Time,331,1,1,4,6,1289.5
15172.0,1624.05,5,1611,2011-04-17 11:56:00,2011-12-01 11:51:00,324.81,227,0.022026431718061675,"£1,001–£2,500",Repeat,9,5,4,4,13,1624.05
15174.0,135.75,1,145,2011-01-21 09:06:00,2011-01-21 09:06:00,135.75,1,1.0,£0–£500,One-Time,323,1,1,1,3,135.75
15175.0,224.14,1,454,2011-09-29 11:31:00,2011-09-29 11:31:00,224.14,1,1.0,£0–£500,One-Time,72,3,1,1,5,224.14
15178.0,40.5,1,30,2011-03-24 15:12:00,2011-03-24 15:12:00,40.5,1,1.0,£0–£500,One-Time,260,1,1,1,3,40.5
15179.0,2206.95,5,1938,2011-01-24 13:48:00,2011-11-21 12:53:00,441.39,300,0.016666666666666666,"£1,001–£2,500",Repeat,18,4,4,5,13,2206.95
15180.0,87.5,1,36,2010-12-07 14:57:00,2010-12-07 14:57:00,87.5,1,1.0,£0–£500,One-Time,367,1,1,1,3,87.5
15181.0,689.4799999999999,3,544,2011-03-15 12:03:00,2011-10-04 13:58:00,229.82666666666663,203,0.014778325123152709,"£501–£1,000",Repeat,66,3,3,3,9,689.4799999999999
15182.0,622.85,2,253,2011-03-16 12:42:00,2011-07-08 13:37:00,311.425,114,0.017543859649122806,"£501–£1,000",Repeat,154,2,3,3,8,622.8499999999999
15184.0,402.2,2,199,2011-06-02 12:06:00,2011-11-10 13:41:00,201.1,161,0.012422360248447204,£0–£500,Repeat,29,4,3,2,9,402.2
15185.0,310.62,1,666,2011-09-30 14:06:00,2011-09-30 14:06:00,310.62,1,1.0,£0–£500,One-Time,70,3,1,2,6,310.62
15186.0,411.41,2,215,2011-06-24 14:54:00,2011-11-25 14:58:00,205.705,154,0.012987012987012988,£0–£500,Repeat,14,4,3,2,9,411.4100000000001
15187.0,4777.18,16,1887,2011-05-11 13:49:00,2011-12-08 11:56:00,298.57375,210,0.0761904761904762,"£2,501–£5,000",Repeat,2,5,5,5,15,4777.18
15189.0,16225.39,41,6149,2011-01-11 12:29:00,2011-12-08 13:22:00,395.74121951219513,331,0.12386706948640483,"Above £10,000",Repeat,1,5,5,5,15,16225.39
15192.0,1044.32,3,918,2010-12-09 14:56:00,2011-08-12 11:41:00,348.1066666666666,245,0.012244897959183673,"£1,001–£2,500",Repeat,120,2,3,4,9,1044.32
15193.0,499.32,1,144,2011-10-10 08:23:00,2011-10-10 08:23:00,499.32,1,1.0,£0–£500,One-Time,61,3,1,3,7,499.32
15194.0,7616.53,15,5703,2010-12-06 15:00:00,2011-12-06 15:10:00,507.76866666666666,365,0.0410958904109589,"£5,001–£10,000",Repeat,3,5,5,5,15,7616.53
15195.0,3861.0,1,1404,2011-12-07 12:20:00,2011-12-07 12:20:00,3861.0,1,1.0,"£2,501–£5,000",One-Time,3,5,1,5,11,3861.0
15197.0,1079.6100000000001,3,469,2010-12-16 18:01:00,2011-11-29 10:00:00,359.87000000000006,347,0.008645533141210375,"£1,001–£2,500",Repeat,11,5,3,4,12,1079.6100000000004
15198.0,193.64,2,120,2011-08-07 15:16:00,2011-09-08 14:42:00,96.82,31,0.06451612903225806,£0–£500,Repeat,92,2,3,1,6,193.64
15199.0,1268.7,4,396,2011-02-04 14:04:00,2011-10-11 15:12:00,317.175,249,0.01606425702811245,"£1,001–£2,500",Repeat,59,3,4,4,11,1268.7
15201.0,1236.54,5,1210,2011-04-06 14:02:00,2011-09-13 14:53:00,247.308,160,0.03125,"£1,001–£2,500",Repeat,87,2,4,4,10,1236.54
15203.0,1827.8,6,1753,2011-02-01 12:29:00,2011-11-14 08:16:00,304.6333333333333,285,0.021052631578947368,"£1,001–£2,500",Repeat,26,4,5,4,13,1827.8
15204.0,316.58,1,258,2010-12-17 13:49:00,2010-12-17 13:49:00,316.58,1,1.0,£0–£500,One-Time,357,1,1,2,4,316.58
15205.0,653.24,2,378,2011-08-04 16:07:00,2011-09-15 19:36:00,326.62,42,0.047619047619047616,"£501–£1,000",Repeat,85,2,3,3,8,653.24
15206.0,420.29999999999995,4,162,2011-03-09 08:59:00,2011-11-29 13:41:00,105.07499999999999,265,0.01509433962264151,£0–£500,Repeat,10,5,4,2,11,420.29999999999995
15208.0,870.12,5,316,2010-12-21 13:03:00,2011-12-08 17:24:00,174.024,352,0.014204545454545454,"£501–£1,000",Repeat,1,5,4,3,12,870.1199999999999
15210.0,331.18,1,228,2011-04-28 16:11:00,2011-04-28 16:11:00,331.18,1,1.0,£0–£500,One-Time,225,1,1,2,4,331.18
15211.0,894.4100000000001,2,240,2010-12-09 16:08:00,2011-10-10 13:31:00,447.20500000000004,304,0.006578947368421052,"£501–£1,000",Repeat,60,3,3,3,9,894.41
15212.0,101.8,1,36,2011-04-12 13:45:00,2011-04-12 13:45:00,101.8,1,1.0,£0–£500,One-Time,241,1,1,1,3,101.8
15213.0,328.35,2,272,2011-01-14 11:05:00,2011-01-25 12:21:00,164.175,11,0.18181818181818182,£0–£500,Repeat,319,1,3,2,6,328.35
15214.0,1661.44,8,1254,2011-04-11 09:46:00,2011-12-08 12:07:00,207.68,241,0.03319502074688797,"£1,001–£2,500",Repeat,2,5,5,4,14,1661.44
15215.0,734.94,3,225,2011-09-04 12:24:00,2011-10-24 11:41:00,244.98000000000002,49,0.061224489795918366,"£501–£1,000",Repeat,47,3,3,3,9,734.94
15216.0,96.6,1,28,2011-09-13 11:41:00,2011-09-13 11:41:00,96.6,1,1.0,£0–£500,One-Time,88,2,1,1,4,96.6
15218.0,5756.89,11,3329,2011-01-25 11:20:00,2011-11-29 11:48:00,523.3536363636364,308,0.03571428571428571,"£5,001–£10,000",Repeat,11,5,5,5,15,5756.889999999999
15219.0,305.75,1,45,2011-06-16 16:57:00,2011-06-16 16:57:00,305.75,1,1.0,£0–£500,One-Time,176,2,1,2,5,305.75
15220.0,1778.96,6,1393,2011-03-04 10:24:00,2011-10-19 12:39:00,296.49333333333334,229,0.026200873362445413,"£1,001–£2,500",Repeat,52,3,5,4,12,1778.9599999999998
15221.0,403.25,1,43,2010-12-08 13:08:00,2010-12-08 13:08:00,403.25,1,1.0,£0–£500,One-Time,366,1,1,2,4,403.25
15222.0,585.0,1,440,2011-01-25 08:03:00,2011-01-25 08:03:00,585.0,1,1.0,"£501–£1,000",One-Time,319,1,1,3,5,585.0
15223.0,755.75,2,213,2011-04-04 12:17:00,2011-04-28 11:31:00,377.875,23,0.08695652173913043,"£501–£1,000",Repeat,226,1,3,3,7,755.75
15224.0,322.08,2,152,2010-12-12 12:34:00,2010-12-16 15:02:00,161.04,4,0.5,£0–£500,Repeat,358,1,3,2,6,322.08
15225.0,409.40000000000003,1,226,2011-04-19 14:51:00,2011-04-19 14:51:00,409.40000000000003,1,1.0,£0–£500,One-Time,234,1,1,2,4,409.40000000000003
15226.0,154.41,1,71,2011-02-02 11:41:00,2011-02-02 11:41:00,154.41,1,1.0,£0–£500,One-Time,311,1,1,1,3,154.41
15227.0,1219.4,5,750,2011-01-26 15:31:00,2011-11-03 11:59:00,243.88000000000002,280,0.017857142857142856,"£1,001–£2,500",Repeat,37,3,4,4,11,1219.4
15228.0,3386.71,4,2255,2011-02-18 09:04:00,2011-10-04 13:56:00,846.6775,228,0.017543859649122806,"£2,501–£5,000",Repeat,66,3,4,5,12,3386.71
15230.0,429.6,2,351,2011-04-13 11:04:00,2011-04-14 14:39:00,214.8,1,2.0,£0–£500,Repeat,239,1,3,2,6,429.6
15232.0,612.06,2,686,2011-07-22 12:21:00,2011-08-18 16:27:00,306.03,27,0.07407407407407407,"£501–£1,000",Repeat,113,2,3,3,8,612.06
15234.0,197.0,1,196,2011-03-08 08:53:00,2011-03-08 08:53:00,197.0,1,1.0,£0–£500,One-Time,277,1,1,1,3,197.0
15235.0,2247.51,12,1324,2010-12-01 17:22:00,2011-05-06 09:44:00,187.29250000000002,155,0.07741935483870968,"£1,001–£2,500",Repeat,218,1,5,5,11,2247.51
15236.0,321.05,1,269,2011-02-14 10:52:00,2011-02-14 10:52:00,321.05,1,1.0,£0–£500,One-Time,299,1,1,2,4,321.05
15237.0,1412.32,4,1071,2011-04-26 15:04:00,2011-12-08 09:46:00,353.08,225,0.017777777777777778,"£1,001–£2,500",Repeat,2,5,4,4,13,1412.32
15238.0,1071.99,3,692,2011-06-08 16:00:00,2011-11-10 14:28:00,357.33,154,0.01948051948051948,"£1,001–£2,500",Repeat,29,4,3,4,11,1071.99
15239.0,780.59,2,594,2011-09-22 09:53:00,2011-11-29 14:14:00,390.295,68,0.029411764705882353,"£501–£1,000",Repeat,10,5,3,3,11,780.59
15240.0,1706.57,5,1369,2011-02-01 08:23:00,2011-10-26 09:50:00,341.31399999999996,267,0.018726591760299626,"£1,001–£2,500",Repeat,45,3,4,4,11,1706.57
15241.0,1756.44,8,1818,2011-03-01 11:02:00,2011-10-04 09:05:00,219.555,216,0.037037037037037035,"£1,001–£2,500",Repeat,67,3,5,4,12,1756.4399999999998
15243.0,316.68,1,185,2011-09-26 14:12:00,2011-09-26 14:12:00,316.68,1,1.0,£0–£500,One-Time,74,2,1,2,5,316.68
15244.0,631.57,2,405,2011-04-05 15:12:00,2011-10-05 13:19:00,315.785,182,0.01098901098901099,"£501–£1,000",Repeat,65,3,3,3,9,631.57
15245.0,2515.84,3,1784,2011-03-23 13:42:00,2011-07-28 18:56:00,838.6133333333333,127,0.023622047244094488,"£2,501–£5,000",Repeat,134,2,3,5,10,2515.8399999999997
15246.0,514.15,2,247,2010-12-16 09:46:00,2011-04-15 14:45:00,257.075,120,0.016666666666666666,"£501–£1,000",Repeat,238,1,3,3,7,514.15
15247.0,356.0,1,160,2011-08-09 12:52:00,2011-08-09 12:52:00,356.0,1,1.0,£0–£500,One-Time,122,2,1,2,5,356.0
15249.0,6688.46,13,3577,2011-03-28 12:49:00,2011-11-08 11:45:00,514.496923076923,224,0.05803571428571429,"£5,001–£10,000",Repeat,32,4,5,5,14,6688.46
15251.0,10484.99,11,6171,2011-04-12 10:38:00,2011-11-30 15:02:00,953.180909090909,232,0.04741379310344827,"Above £10,000",Repeat,9,5,5,5,15,10484.989999999998
15252.0,740.78,2,522,2011-06-09 14:15:00,2011-11-03 13:30:00,370.39,146,0.0136986301369863,"£501–£1,000",Repeat,36,3,3,3,9,740.7799999999999
15253.0,918.1999999999999,5,866,2011-06-23 12:19:00,2011-11-23 16:22:00,183.64,153,0.032679738562091505,"£501–£1,000",Repeat,16,4,4,3,11,918.2
15254.0,300.36,1,275,2011-08-04 15:04:00,2011-08-04 15:04:00,300.36,1,1.0,£0–£500,One-Time,127,2,1,2,5,300.36
15255.0,890.85,1,489,2011-10-04 12:43:00,2011-10-04 12:43:00,890.85,1,1.0,"£501–£1,000",One-Time,67,3,1,3,7,890.85
15256.0,98.45,1,55,2011-07-14 11:47:00,2011-07-14 11:47:00,98.45,1,1.0,£0–£500,One-Time,149,2,1,1,4,98.45
15257.0,317.15,1,46,2011-03-01 12:58:00,2011-03-01 12:58:00,317.15,1,1.0,£0–£500,One-Time,283,1,1,2,4,317.15
15258.0,623.16,2,142,2011-05-06 14:16:00,2011-06-24 12:30:00,311.58,48,0.041666666666666664,"£501–£1,000",Repeat,169,2,3,3,8,623.1599999999999
15260.0,1810.77,7,885,2010-12-02 12:09:00,2011-08-31 13:55:00,258.68142857142857,272,0.025735294117647058,"£1,001–£2,500",Repeat,100,2,5,4,11,1810.77
15261.0,254.82,1,270,2011-07-27 15:20:00,2011-07-27 15:20:00,254.82,1,1.0,£0–£500,One-Time,135,2,1,2,5,254.82
15262.0,178.95000000000002,1,73,2011-01-20 12:16:00,2011-01-20 12:16:00,178.95000000000002,1,1.0,£0–£500,One-Time,324,1,1,1,3,178.95000000000002
15263.0,156.51,1,89,2011-08-25 10:26:00,2011-08-25 10:26:00,156.51,1,1.0,£0–£500,One-Time,107,2,1,1,4,156.51
15264.0,393.74,1,265,2011-10-06 13:49:00,2011-10-06 13:49:00,393.74,1,1.0,£0–£500,One-Time,64,3,1,2,6,393.74
15265.0,1506.1200000000001,2,612,2011-04-18 12:16:00,2011-07-11 14:46:00,753.0600000000001,84,0.023809523809523808,"£1,001–£2,500",Repeat,151,2,3,4,9,1506.12
15266.0,119.3,1,18,2011-01-05 13:40:00,2011-01-05 13:40:00,119.3,1,1.0,£0–£500,One-Time,338,1,1,1,3,119.3
15267.0,1717.36,5,944,2011-06-10 10:24:00,2011-11-17 15:59:00,343.472,160,0.03125,"£1,001–£2,500",Repeat,22,4,4,4,12,1717.36
15269.0,408.8,1,26,2011-11-16 09:32:00,2011-11-16 09:32:00,408.8,1,1.0,£0–£500,One-Time,24,4,1,2,7,408.8
15270.0,2379.49,7,1521,2011-02-02 13:25:00,2011-11-24 09:24:00,339.9271428571428,294,0.023809523809523808,"£1,001–£2,500",Repeat,16,4,5,5,14,2379.49
15271.0,2493.34,15,1251,2010-12-09 13:47:00,2011-12-02 14:11:00,166.22266666666667,358,0.04189944134078212,"£1,001–£2,500",Repeat,7,5,5,5,15,2493.34
15272.0,721.94,2,310,2011-09-14 16:36:00,2011-10-13 12:59:00,360.97,28,0.07142857142857142,"£501–£1,000",Repeat,57,3,3,3,9,721.9399999999999
15274.0,716.57,2,619,2011-11-21 14:17:00,2011-12-05 16:57:00,358.285,14,0.14285714285714285,"£501–£1,000",Repeat,4,5,3,3,11,716.5699999999999
15275.0,615.14,1,498,2011-11-02 11:20:00,2011-11-02 11:20:00,615.14,1,1.0,"£501–£1,000",One-Time,38,3,1,3,7,615.14
15276.0,128.63,1,61,2011-10-04 16:39:00,2011-10-04 16:39:00,128.63,1,1.0,£0–£500,One-Time,66,3,1,1,5,128.63
15277.0,255.89999999999998,1,205,2011-10-24 10:08:00,2011-10-24 10:08:00,255.89999999999998,1,1.0,£0–£500,One-Time,47,3,1,2,6,255.89999999999998
15279.0,290.51,1,189,2010-12-20 10:48:00,2010-12-20 10:48:00,290.51,1,1.0,£0–£500,One-Time,355,1,1,2,4,290.51
15280.0,113.12,1,154,2011-06-20 17:14:00,2011-06-20 17:14:00,113.12,1,1.0,£0–£500,One-Time,172,2,1,1,4,113.12
15281.0,2332.15,9,1211,2011-01-10 15:51:00,2011-10-12 09:10:00,259.1277777777778,274,0.032846715328467155,"£1,001–£2,500",Repeat,59,3,5,5,13,2332.1500000000005
15286.0,240.55,1,55,2011-10-21 11:08:00,2011-10-21 11:08:00,240.55,1,1.0,£0–£500,One-Time,50,3,1,1,5,240.55
15287.0,486.69,2,433,2011-09-30 12:30:00,2011-11-17 15:34:00,243.345,48,0.041666666666666664,£0–£500,Repeat,22,4,3,2,9,486.68999999999994
15288.0,2306.52,5,775,2010-12-09 13:59:00,2011-10-27 16:58:00,461.304,322,0.015527950310559006,"£1,001–£2,500",Repeat,43,3,4,5,12,2306.5199999999995
15289.0,939.78,3,1008,2011-04-04 12:44:00,2011-11-10 13:49:00,313.26,220,0.013636363636363636,"£501–£1,000",Repeat,29,4,3,4,11,939.7799999999999
15290.0,7943.22,18,4501,2010-12-15 16:03:00,2011-12-05 11:39:00,441.29,354,0.05084745762711865,"£5,001–£10,000",Repeat,5,5,5,5,15,7943.220000000001
15291.0,4668.3,15,2103,2010-12-01 09:32:00,2011-11-14 11:02:00,311.22,348,0.04310344827586207,"£2,501–£5,000",Repeat,26,4,5,5,14,4668.300000000001
15292.0,178.39,1,55,2011-05-22 15:00:00,2011-05-22 15:00:00,178.39,1,1.0,£0–£500,One-Time,201,1,1,1,3,178.39
15296.0,3672.86,6,1766,2011-01-17 11:57:00,2011-10-20 11:47:00,612.1433333333333,275,0.02181818181818182,"£2,501–£5,000",Repeat,51,3,5,5,13,3672.86
15297.0,641.94,3,292,2011-10-07 09:42:00,2011-11-29 16:32:00,213.98000000000002,53,0.05660377358490566,"£501–£1,000",Repeat,10,5,3,3,11,641.94
15298.0,4799.9,12,3116,2010-12-08 13:55:00,2011-12-07 17:17:00,399.9916666666666,364,0.03296703296703297,"£2,501–£5,000",Repeat,2,5,5,5,15,4799.9
15299.0,4507.01,7,2948,2010-12-02 16:48:00,2011-10-03 14:19:00,643.8585714285715,304,0.023026315789473683,"£2,501–£5,000",Repeat,67,3,5,5,13,4507.01
15300.0,496.44,1,292,2011-10-06 17:08:00,2011-10-06 17:08:00,496.44,1,1.0,£0–£500,One-Time,64,3,1,3,7,496.44
15301.0,5049.95,12,2751,2010-12-06 12:21:00,2011-10-20 09:57:00,420.82916666666665,317,0.03785488958990536,"£5,001–£10,000",Repeat,51,3,5,5,13,5049.95
15303.0,574.02,1,248,2011-02-22 13:59:00,2011-02-22 13:59:00,574.02,1,1.0,"£501–£1,000",One-Time,290,1,1,3,5,574.02
15304.0,694.4000000000001,8,104,2010-12-06 11:42:00,2011-10-10 10:23:00,86.80000000000001,307,0.026058631921824105,"£501–£1,000",Repeat,61,3,5,3,11,694.4000000000001
15306.0,1174.35,3,810,2011-07-14 15:22:00,2011-10-06 12:56:00,391.45,83,0.03614457831325301,"£1,001–£2,500",Repeat,64,3,3,4,10,1174.35
15307.0,205.3,1,37,2011-09-05 11:38:00,2011-09-05 11:38:00,205.3,1,1.0,£0–£500,One-Time,96,2,1,1,4,205.3
15308.0,310.47,1,175,2011-03-10 13:08:00,2011-03-10 13:08:00,310.47,1,1.0,£0–£500,One-Time,274,1,1,2,4,310.47
15311.0,60632.75,91,38147,2010-12-01 09:41:00,2011-12-09 12:00:00,666.2939560439561,373,0.24396782841823056,"Above £10,000",Repeat,1,5,5,5,15,60632.75
15312.0,924.85,4,516,2010-12-20 12:51:00,2011-09-25 13:10:00,231.2125,279,0.014336917562724014,"£501–£1,000",Repeat,75,2,4,3,9,924.85
15313.0,52.0,1,25,2011-08-21 16:02:00,2011-08-21 16:02:00,52.0,1,1.0,£0–£500,One-Time,110,2,1,1,4,52.0
15314.0,327.97,1,313,2011-05-24 14:39:00,2011-05-24 14:39:00,327.97,1,1.0,£0–£500,One-Time,199,1,1,2,4,327.97
15315.0,570.5,2,862,2011-08-15 15:17:00,2011-10-06 12:51:00,285.25,51,0.0392156862745098,"£501–£1,000",Repeat,64,3,3,3,9,570.5
15316.0,165.0,1,100,2011-01-17 11:34:00,2011-01-17 11:34:00,165.0,1,1.0,£0–£500,One-Time,327,1,1,1,3,165.0
15318.0,312.62,1,642,2011-12-06 11:30:00,2011-12-06 11:30:00,312.62,1,1.0,£0–£500,One-Time,4,5,1,2,8,312.62
15319.0,204.5,1,175,2011-03-01 12:48:00,2011-03-01 12:48:00,204.5,1,1.0,£0–£500,One-Time,284,1,1,1,3,204.5
15320.0,267.13,1,326,2011-10-26 13:27:00,2011-10-26 13:27:00,267.13,1,1.0,£0–£500,One-Time,44,3,1,2,6,267.13
15321.0,2748.31,3,1181,2011-02-21 11:10:00,2011-09-30 09:40:00,916.1033333333334,220,0.013636363636363636,"£2,501–£5,000",Repeat,71,3,3,5,11,2748.31
15322.0,679.68,1,416,2011-09-15 09:34:00,2011-09-15 09:34:00,679.68,1,1.0,"£501–£1,000",One-Time,86,2,1,3,6,679.68
15325.0,161.74,1,231,2011-08-28 11:55:00,2011-08-28 11:55:00,161.74,1,1.0,£0–£500,One-Time,104,2,1,1,4,161.74
15326.0,311.71,1,386,2011-01-10 11:38:00,2011-01-10 11:38:00,311.71,1,1.0,£0–£500,One-Time,334,1,1,2,4,311.71
15327.0,208.75,1,116,2011-10-18 11:55:00,2011-10-18 11:55:00,208.75,1,1.0,£0–£500,One-Time,53,3,1,1,5,208.75
15329.0,1049.7,3,486,2011-06-21 10:37:00,2011-10-31 15:36:00,349.90000000000003,132,0.022727272727272728,"£1,001–£2,500",Repeat,39,3,3,4,10,1049.7
15330.0,714.96,2,1312,2011-10-10 12:30:00,2011-11-07 17:50:00,357.48,28,0.07142857142857142,"£501–£1,000",Repeat,32,4,3,3,10,714.96
15332.0,1661.06,4,652,2010-12-05 12:00:00,2010-12-08 14:43:00,415.265,3,1.3333333333333333,"£1,001–£2,500",Repeat,366,1,4,4,9,1661.06
15333.0,1028.56,1,344,2011-05-15 13:27:00,2011-05-15 13:27:00,1028.56,1,1.0,"£1,001–£2,500",One-Time,208,1,1,4,6,1028.56
15334.0,350.82,3,273,2011-06-19 13:51:00,2011-07-06 11:22:00,116.94,16,0.1875,£0–£500,Repeat,157,2,3,2,7,350.82
15335.0,170.22,1,79,2011-10-17 12:50:00,2011-10-17 12:50:00,170.22,1,1.0,£0–£500,One-Time,54,3,1,1,5,170.22
15339.0,574.07,2,416,2011-01-25 13:15:00,2011-10-04 12:51:00,287.035,251,0.00796812749003984,"£501–£1,000",Repeat,66,3,3,3,9,574.07
15341.0,2020.52,1,812,2011-09-20 09:40:00,2011-09-20 09:40:00,2020.52,1,1.0,"£1,001–£2,500",One-Time,81,2,1,4,7,2020.52
15342.0,406.09,1,283,2011-08-02 10:19:00,2011-08-02 10:19:00,406.09,1,1.0,£0–£500,One-Time,130,2,1,2,5,406.09
15343.0,364.5,1,84,2011-09-13 13:55:00,2011-09-13 13:55:00,364.5,1,1.0,£0–£500,One-Time,87,2,1,2,5,364.5
15344.0,563.94,3,116,2011-09-26 14:48:00,2011-12-09 10:45:00,187.98000000000002,73,0.0410958904109589,"£501–£1,000",Repeat,1,5,3,3,11,563.94
15345.0,393.54,1,81,2011-10-25 11:28:00,2011-10-25 11:28:00,393.54,1,1.0,£0–£500,One-Time,46,3,1,2,6,393.54
15346.0,252.42000000000002,1,144,2011-01-11 11:18:00,2011-01-11 11:18:00,252.42000000000002,1,1.0,£0–£500,One-Time,333,1,1,2,4,252.42000000000002
15347.0,201.60000000000002,1,130,2010-12-08 15:25:00,2010-12-08 15:25:00,201.60000000000002,1,1.0,£0–£500,One-Time,366,1,1,1,3,201.60000000000002
15348.0,158.04,1,84,2011-09-28 13:17:00,2011-09-28 13:17:00,158.04,1,1.0,£0–£500,One-Time,72,3,1,1,5,158.04
15349.0,463.90999999999997,2,321,2011-06-05 15:46:00,2011-07-04 16:06:00,231.95499999999998,29,0.06896551724137931,£0–£500,Repeat,158,2,3,2,7,463.90999999999997
15350.0,115.65,1,51,2010-12-01 13:33:00,2010-12-01 13:33:00,115.65,1,1.0,£0–£500,One-Time,373,1,1,1,3,115.65
15351.0,1934.66,7,742,2010-12-05 11:49:00,2011-11-27 12:52:00,276.38,357,0.0196078431372549,"£1,001–£2,500",Repeat,12,5,5,4,14,1934.6599999999999
15353.0,770.12,2,341,2010-12-07 11:49:00,2011-03-30 12:15:00,385.06,113,0.017699115044247787,"£501–£1,000",Repeat,255,1,3,3,7,770.12
15355.0,277.05,2,45,2011-10-17 15:22:00,2011-11-10 13:44:00,138.525,23,0.08695652173913043,£0–£500,Repeat,29,4,3,2,9,277.05
15356.0,2718.03,10,1643,2010-12-06 14:05:00,2011-11-08 13:11:00,271.803,336,0.02976190476190476,"£2,501–£5,000",Repeat,31,4,5,5,14,2718.0299999999997
15358.0,8347.2,22,7050,2010-12-09 10:04:00,2011-12-05 09:04:00,379.41818181818184,360,0.06111111111111111,"£5,001–£10,000",Repeat,5,5,5,5,15,8347.2
15360.0,427.93,1,223,2011-10-31 09:35:00,2011-10-31 09:35:00,427.93,1,1.0,£0–£500,One-Time,40,3,1,2,6,427.93
15361.0,418.92,1,336,2010-12-13 09:52:00,2010-12-13 09:52:00,418.92,1,1.0,£0–£500,One-Time,362,1,1,2,4,418.92
15363.0,326.0,1,144,2010-12-02 12:28:00,2010-12-02 12:28:00,326.0,1,1.0,£0–£500,One-Time,373,1,1,2,4,326.0
15364.0,913.19,2,493,2011-03-30 13:39:00,2011-09-05 09:46:00,456.595,158,0.012658227848101266,"£501–£1,000",Repeat,96,2,3,3,8,913.19
15365.0,2314.32,7,1084,2011-01-28 13:08:00,2011-11-14 08:29:00,330.6171428571429,289,0.02422145328719723,"£1,001–£2,500",Repeat,26,4,5,5,14,2314.32
15366.0,602.51,2,621,2010-12-16 15:59:00,2011-09-25 15:01:00,301.255,282,0.0070921985815602835,"£501–£1,000",Repeat,75,2,3,3,8,602.51
15367.0,1877.59,4,1057,2011-03-09 13:53:00,2011-10-13 14:13:00,469.3975,218,0.01834862385321101,"£1,001–£2,500",Repeat,57,3,4,4,11,1877.5900000000001
15368.0,446.94000000000005,1,230,2011-11-18 14:42:00,2011-11-18 14:42:00,446.94000000000005,1,1.0,£0–£500,One-Time,21,4,1,2,7,446.94000000000005
15370.0,2386.05,7,830,2011-01-11 11:32:00,2011-10-30 10:58:00,340.86428571428576,291,0.024054982817869417,"£1,001–£2,500",Repeat,41,3,5,5,13,2386.0500000000006
15372.0,2007.3999999999999,1,2924,2011-07-25 16:39:00,2011-07-25 16:39:00,2007.3999999999999,1,1.0,"£1,001–£2,500",One-Time,137,2,1,4,7,2007.3999999999999
15373.0,2415.91,12,500,2010-12-03 14:40:00,2011-12-01 15:05:00,201.32583333333332,363,0.03305785123966942,"£1,001–£2,500",Repeat,8,5,5,5,15,2415.91
15374.0,168.0,1,126,2011-08-03 09:59:00,2011-08-03 09:59:00,168.0,1,1.0,£0–£500,One-Time,129,2,1,1,4,168.0
15376.0,1221.56,3,615,2011-05-01 13:45:00,2011-10-30 15:04:00,407.18666666666667,182,0.016483516483516484,"£1,001–£2,500",Repeat,40,3,3,4,10,1221.5600000000002
15379.0,3703.29,7,2305,2010-12-16 13:02:00,2011-06-23 13:13:00,529.0414285714286,189,0.037037037037037035,"£2,501–£5,000",Repeat,169,2,5,5,12,3703.29
15380.0,1690.2600000000002,5,376,2010-12-09 15:01:00,2011-12-01 12:13:00,338.052,356,0.014044943820224719,"£1,001–£2,500",Repeat,9,5,4,4,13,1690.2600000000002
15381.0,596.85,2,171,2011-03-16 13:44:00,2011-05-10 11:55:00,298.425,54,0.037037037037037035,"£501–£1,000",Repeat,214,1,3,3,7,596.8499999999999
15382.0,5955.71,6,4012,2011-02-17 12:01:00,2011-11-25 10:58:00,992.6183333333333,280,0.02142857142857143,"£5,001–£10,000",Repeat,15,4,5,5,14,5955.710000000001
15384.0,642.41,2,596,2010-12-15 11:34:00,2011-06-23 10:57:00,321.205,189,0.010582010582010581,"£501–£1,000",Repeat,170,2,3,3,8,642.41
15385.0,316.88,1,161,2011-10-30 15:11:00,2011-10-30 15:11:00,316.88,1,1.0,£0–£500,One-Time,40,3,1,2,6,316.88
15386.0,394.14,1,446,2011-06-06 13:47:00,2011-06-06 13:47:00,394.14,1,1.0,£0–£500,One-Time,186,1,1,2,4,394.14
15388.0,140.54,1,88,2011-03-14 13:53:00,2011-03-14 13:53:00,140.54,1,1.0,£0–£500,One-Time,270,1,1,1,3,140.54
15389.0,500.0,1,400,2011-06-20 16:18:00,2011-06-20 16:18:00,500.0,1,1.0,£0–£500,One-Time,172,2,1,3,6,500.0
15392.0,1535.53,4,1277,2010-12-14 15:50:00,2011-12-05 11:01:00,383.8825,355,0.011267605633802818,"£1,001–£2,500",Repeat,5,5,4,4,13,1535.5300000000002
15393.0,231.86,2,150,2011-03-03 16:58:00,2011-11-23 16:48:00,115.93,264,0.007575757575757576,£0–£500,Repeat,16,4,3,1,8,231.86
15394.0,2183.54,4,910,2010-12-16 12:46:00,2011-11-30 11:49:00,545.885,348,0.011494252873563218,"£1,001–£2,500",Repeat,10,5,4,5,14,2183.54
15395.0,107.45,1,17,2011-01-18 12:40:00,2011-01-18 12:40:00,107.45,1,1.0,£0–£500,One-Time,326,1,1,1,3,107.45
15396.0,288.18,1,122,2011-08-19 10:56:00,2011-08-19 10:56:00,288.18,1,1.0,£0–£500,One-Time,113,2,1,2,5,288.18
15397.0,94.0,1,20,2011-02-23 09:25:00,2011-02-23 09:25:00,94.0,1,1.0,£0–£500,One-Time,290,1,1,1,3,94.0
15398.0,1345.53,2,769,2011-09-22 14:56:00,2011-11-23 16:47:00,672.765,62,0.03225806451612903,"£1,001–£2,500",Repeat,16,4,3,4,11,1345.5299999999997
15399.0,815.77,3,611,2011-09-21 15:57:00,2011-12-08 13:04:00,271.92333333333335,77,0.03896103896103896,"£501–£1,000",Repeat,1,5,3,3,11,815.77
15400.0,716.2,5,390,2011-03-06 11:27:00,2011-09-08 13:57:00,143.24,186,0.026881720430107527,"£501–£1,000",Repeat,92,2,4,3,9,716.2
15402.0,626.77,2,694,2011-05-27 13:32:00,2011-07-14 12:17:00,313.385,47,0.0425531914893617,"£501–£1,000",Repeat,149,2,3,3,8,626.77
15405.0,349.1,1,193,2011-06-03 14:44:00,2011-06-03 14:44:00,349.1,1,1.0,£0–£500,One-Time,189,1,1,2,4,349.1
15406.0,510.71000000000004,2,254,2011-02-11 16:19:00,2011-11-08 13:22:00,255.35500000000002,269,0.007434944237918215,"£501–£1,000",Repeat,31,4,3,3,10,510.71000000000004
15407.0,1046.74,4,552,2011-02-07 13:18:00,2011-11-06 11:55:00,261.685,271,0.014760147601476014,"£1,001–£2,500",Repeat,34,3,4,4,11,1046.74
15408.0,267.18,1,106,2011-03-20 15:02:00,2011-03-20 15:02:00,267.18,1,1.0,£0–£500,One-Time,264,1,1,2,4,267.18
15410.0,3450.84,8,1200,2011-03-23 10:15:00,2011-09-16 14:47:00,431.355,177,0.04519774011299435,"£2,501–£5,000",Repeat,84,2,5,5,12,3450.84
15411.0,1348.93,4,529,2011-06-10 12:30:00,2011-11-13 15:19:00,337.2325,156,0.02564102564102564,"£1,001–£2,500",Repeat,26,4,4,4,12,1348.93
15412.0,190.53,1,108,2011-06-21 15:24:00,2011-06-21 15:24:00,190.53,1,1.0,£0–£500,One-Time,171,2,1,1,4,190.53
15414.0,774.9000000000001,3,443,2011-04-11 13:45:00,2011-11-30 09:50:00,258.3,232,0.01293103448275862,"£501–£1,000",Repeat,10,5,3,3,11,774.9
15415.0,559.61,1,551,2011-01-30 14:13:00,2011-01-30 14:13:00,559.61,1,1.0,"£501–£1,000",One-Time,313,1,1,3,5,559.61
15416.0,3984.32,4,2090,2011-03-02 08:41:00,2011-10-06 09:38:00,996.08,218,0.01834862385321101,"£2,501–£5,000",Repeat,65,3,4,5,12,3984.32
15417.0,508.8,1,284,2011-09-15 15:26:00,2011-09-15 15:26:00,508.8,1,1.0,"£501–£1,000",One-Time,85,2,1,3,6,508.8
15419.0,135.86,1,230,2011-11-15 09:23:00,2011-11-15 09:23:00,135.86,1,1.0,£0–£500,One-Time,25,4,1,1,6,135.86
15421.0,950.36,4,500,2011-02-02 14:36:00,2011-10-12 09:20:00,237.59,251,0.01593625498007968,"£501–£1,000",Repeat,59,3,4,4,11,950.36
15422.0,97.7,2,38,2011-01-20 14:17:00,2011-01-20 16:17:00,48.85,1,2.0,£0–£500,Repeat,323,1,3,1,5,97.7
15423.0,43.5,1,101,2011-11-01 14:01:00,2011-11-01 14:01:00,43.5,1,1.0,£0–£500,One-Time,38,3,1,1,5,43.5
15424.0,383.34,2,554,2011-03-30 13:00:00,2011-03-30 13:02:00,191.67,1,2.0,£0–£500,Repeat,254,1,3,2,6,383.34
15426.0,1404.07,5,656,2010-12-05 13:55:00,2011-11-20 15:36:00,280.81399999999996,350,0.014285714285714285,"£1,001–£2,500",Repeat,19,4,4,4,12,1404.07
15427.0,1430.54,3,967,2011-10-23 14:47:00,2011-11-06 14:29:00,476.84666666666664,13,0.23076923076923078,"£1,001–£2,500",Repeat,33,4,3,4,11,1430.54
15428.0,93.78,1,102,2011-11-24 16:54:00,2011-11-24 16:54:00,93.78,1,1.0,£0–£500,One-Time,15,4,1,1,6,93.78
15429.0,397.35,2,380,2011-09-25 13:42:00,2011-11-13 12:28:00,198.675,48,0.041666666666666664,£0–£500,Repeat,27,4,3,2,9,397.34999999999997
15432.0,171.19,1,65,2011-11-16 16:30:00,2011-11-16 16:30:00,171.19,1,1.0,£0–£500,One-Time,23,4,1,1,6,171.19
15433.0,533.3,2,534,2011-03-17 14:12:00,2011-05-10 10:45:00,266.65,53,0.03773584905660377,"£501–£1,000",Repeat,214,1,3,3,7,533.3
15434.0,1041.48,5,647,2011-05-23 14:18:00,2011-12-01 13:33:00,208.296,191,0.02617801047120419,"£1,001–£2,500",Repeat,8,5,4,4,13,1041.48
15435.0,149.29,1,54,2011-11-17 16:39:00,2011-11-17 16:39:00,149.29,1,1.0,£0–£500,One-Time,22,4,1,1,6,149.29
15436.0,1067.75,3,574,2011-04-19 16:52:00,2011-11-27 16:05:00,355.9166666666667,221,0.013574660633484163,"£1,001–£2,500",Repeat,12,5,3,4,12,1067.7500000000002
15437.0,200.16,1,79,2011-03-22 13:11:00,2011-03-22 13:11:00,200.16,1,1.0,£0–£500,One-Time,262,1,1,1,3,200.16
15438.0,156.57999999999998,1,59,2011-07-31 14:19:00,2011-07-31 14:19:00,156.57999999999998,1,1.0,£0–£500,One-Time,131,2,1,1,4,156.57999999999998
15440.0,383.68,3,197,2011-05-15 11:30:00,2011-10-16 12:16:00,127.89333333333333,154,0.01948051948051948,£0–£500,Repeat,55,3,3,2,8,383.67999999999995
15442.0,594.0,1,120,2011-04-05 12:24:00,2011-04-05 12:24:00,594.0,1,1.0,"£501–£1,000",One-Time,249,1,1,3,5,594.0
15443.0,3213.59,7,1639,2011-01-23 13:25:00,2011-12-08 10:40:00,459.0842857142857,318,0.0220125786163522,"£2,501–£5,000",Repeat,2,5,5,5,15,3213.5899999999997
15444.0,1411.21,2,759,2011-10-30 16:12:00,2011-11-30 17:37:00,705.605,31,0.06451612903225806,"£1,001–£2,500",Repeat,9,5,3,4,12,1411.21
15445.0,113.5,1,58,2011-03-20 15:06:00,2011-03-20 15:06:00,113.5,1,1.0,£0–£500,One-Time,264,1,1,1,3,113.5
15447.0,155.17,1,85,2011-01-13 11:26:00,2011-01-13 11:26:00,155.17,1,1.0,£0–£500,One-Time,331,1,1,1,3,155.17
15448.0,494.64,1,232,2011-01-31 10:42:00,2011-01-31 10:42:00,494.64,1,1.0,£0–£500,One-Time,313,1,1,3,5,494.64
15449.0,974.52,3,812,2011-03-23 10:43:00,2011-11-13 15:02:00,324.84,235,0.01276595744680851,"£501–£1,000",Repeat,26,4,3,4,11,974.5199999999999
15450.0,429.84,1,376,2011-11-09 17:11:00,2011-11-09 17:11:00,429.84,1,1.0,£0–£500,One-Time,30,4,1,2,7,429.84
15452.0,528.48,3,280,2011-03-20 15:21:00,2011-11-10 12:13:00,176.16,234,0.01282051282051282,"£501–£1,000",Repeat,30,4,3,3,10,528.48
15453.0,1371.77,7,837,2011-06-05 12:37:00,2011-12-08 10:59:00,195.96714285714285,185,0.03783783783783784,"£1,001–£2,500",Repeat,2,5,5,4,14,1371.77
15454.0,179.1,1,86,2010-12-12 14:21:00,2010-12-12 14:21:00,179.1,1,1.0,£0–£500,One-Time,362,1,1,1,3,179.1
15456.0,434.59000000000003,3,633,2010-12-15 15:34:00,2011-03-01 13:51:00,144.86333333333334,75,0.04,£0–£500,Repeat,283,1,3,2,6,434.59000000000003
15457.0,237.07,1,132,2011-03-22 15:31:00,2011-03-22 15:31:00,237.07,1,1.0,£0–£500,One-Time,262,1,1,1,3,237.07
15458.0,161.64,1,156,2011-11-14 13:08:00,2011-11-14 13:08:00,161.64,1,1.0,£0–£500,One-Time,25,4,1,1,6,161.64
15460.0,214.26,1,107,2010-12-20 16:08:00,2010-12-20 16:08:00,214.26,1,1.0,£0–£500,One-Time,354,1,1,1,3,214.26
15462.0,234.6,3,172,2011-06-05 15:36:00,2011-09-06 13:11:00,78.2,92,0.03260869565217391,£0–£500,Repeat,94,2,3,1,6,234.6
15463.0,126.14,1,106,2011-11-10 12:57:00,2011-11-10 12:57:00,126.14,1,1.0,£0–£500,One-Time,29,4,1,1,6,126.14
15464.0,1044.65,1,348,2011-01-05 15:56:00,2011-01-05 15:56:00,1044.65,1,1.0,"£1,001–£2,500",One-Time,338,1,1,4,6,1044.65
15465.0,7354.62,18,1257,2010-12-05 10:12:00,2011-11-20 10:11:00,408.59,349,0.05157593123209169,"£5,001–£10,000",Repeat,20,4,5,5,14,7354.62
15466.0,334.53,1,246,2011-09-15 14:08:00,2011-09-15 14:08:00,334.53,1,1.0,£0–£500,One-Time,85,2,1,2,5,334.53
15467.0,524.88,3,310,2011-07-10 14:42:00,2011-11-30 14:17:00,174.96,142,0.02112676056338028,"£501–£1,000",Repeat,9,5,3,3,11,524.88
15468.0,467.51,2,155,2011-10-19 13:38:00,2011-10-19 13:49:00,233.755,1,2.0,£0–£500,Repeat,51,3,3,2,8,467.51
15469.0,538.55,2,153,2011-08-11 16:54:00,2011-10-20 16:21:00,269.275,69,0.028985507246376812,"£501–£1,000",Repeat,50,3,3,3,9,538.55
15471.0,454.48,1,256,2011-12-07 14:12:00,2011-12-07 14:12:00,454.48,1,1.0,£0–£500,One-Time,2,5,1,2,8,454.48
15472.0,371.56,1,251,2011-08-18 15:17:00,2011-08-18 15:17:00,371.56,1,1.0,£0–£500,One-Time,113,2,1,2,5,371.56
15473.0,1771.2,7,672,2011-10-10 11:12:00,2011-11-25 15:15:00,253.02857142857144,46,0.15217391304347827,"£1,001–£2,500",Repeat,14,4,5,4,13,1771.2000000000003
15475.0,454.10999999999996,1,319,2011-09-23 15:20:00,2011-09-23 15:20:00,454.10999999999996,1,1.0,£0–£500,One-Time,77,2,1,2,5,454.10999999999996
15478.0,1399.92,2,575,2011-10-14 11:09:00,2011-10-30 14:19:00,699.96,16,0.125,"£1,001–£2,500",Repeat,40,3,3,4,10,1399.92
15480.0,905.5,1,303,2011-08-15 14:32:00,2011-08-15 14:32:00,905.5,1,1.0,"£501–£1,000",One-Time,116,2,1,3,6,905.5
15482.0,10879.76,12,5004,2010-12-16 10:08:00,2011-11-24 10:46:00,906.6466666666666,343,0.03498542274052478,"Above £10,000",Repeat,16,4,5,5,14,10879.76
15483.0,225.26,4,291,2011-03-18 12:26:00,2011-07-01 13:07:00,56.315,105,0.0380952380952381,£0–£500,Repeat,161,2,4,1,7,225.26
15484.0,3590.41,4,3150,2011-09-22 13:31:00,2011-12-08 15:03:00,897.6025,77,0.05194805194805195,"£2,501–£5,000",Repeat,1,5,4,5,14,3590.4100000000003
15485.0,2564.5,3,1281,2010-12-01 13:23:00,2011-11-09 14:31:00,854.8333333333334,343,0.008746355685131196,"£2,501–£5,000",Repeat,30,4,3,5,12,2564.5000000000005
15488.0,91.32000000000001,1,73,2011-09-08 10:11:00,2011-09-08 10:11:00,91.32000000000001,1,1.0,£0–£500,One-Time,93,2,1,1,4,91.32000000000001
15489.0,1134.28,3,608,2011-05-12 12:54:00,2011-11-17 08:53:00,378.0933333333333,188,0.015957446808510637,"£1,001–£2,500",Repeat,23,4,3,4,11,1134.2799999999997
15491.0,3100.09,6,1646,2011-04-18 10:04:00,2011-09-05 15:56:00,516.6816666666667,140,0.04285714285714286,"£2,501–£5,000",Repeat,95,2,5,5,12,3100.0900000000006
15492.0,659.4599999999999,2,483,2011-09-26 14:02:00,2011-11-11 14:53:00,329.72999999999996,46,0.043478260869565216,"£501–£1,000",Repeat,28,4,3,3,10,659.4599999999999
15493.0,1953.41,5,551,2011-03-14 11:44:00,2011-11-07 12:04:00,390.682,238,0.02100840336134454,"£1,001–£2,500",Repeat,33,4,4,4,12,1953.41
15494.0,1280.58,2,1139,2011-08-10 15:29:00,2011-11-18 14:51:00,640.29,99,0.020202020202020204,"£1,001–£2,500",Repeat,21,4,3,4,11,1280.58
15497.0,1262.2,2,624,2011-01-24 10:01:00,2011-11-22 11:51:00,631.1,302,0.006622516556291391,"£1,001–£2,500",Repeat,18,4,3,4,11,1262.2
15498.0,13316.4,27,6105,2010-12-08 12:29:00,2011-12-07 12:48:00,493.2,364,0.07417582417582418,"Above £10,000",Repeat,3,5,5,5,15,13316.4
15500.0,1131.56,4,572,2011-09-19 13:47:00,2011-12-01 13:47:00,282.89,73,0.0547945205479452,"£1,001–£2,500",Repeat,8,5,4,4,13,1131.56
15502.0,10384.93,12,4236,2010-12-05 15:40:00,2011-11-24 12:48:00,865.4108333333334,353,0.0339943342776204,"Above £10,000",Repeat,16,4,5,5,14,10384.930000000002
15503.0,141.04,1,70,2010-12-12 10:57:00,2010-12-12 10:57:00,141.04,1,1.0,£0–£500,One-Time,363,1,1,1,3,141.04
15504.0,52.83,1,33,2011-09-19 13:45:00,2011-09-19 13:45:00,52.83,1,1.0,£0–£500,One-Time,81,2,1,1,4,52.83
15505.0,3610.96,5,2390,2011-07-07 13:33:00,2011-10-18 07:56:00,722.192,102,0.049019607843137254,"£2,501–£5,000",Repeat,53,3,4,5,12,3610.9599999999996
15506.0,972.08,3,842,2011-07-24 11:45:00,2011-11-17 12:11:00,324.0266666666667,116,0.02586206896551724,"£501–£1,000",Repeat,23,4,3,4,11,972.08
15507.0,475.86,1,160,2011-06-21 11:19:00,2011-06-21 11:19:00,475.86,1,1.0,£0–£500,One-Time,172,2,1,2,5,475.86
15508.0,1000.27,6,440,2011-04-18 15:31:00,2011-06-03 15:43:00,166.71166666666667,46,0.13043478260869565,"£1,001–£2,500",Repeat,189,1,5,4,10,1000.2700000000001
15510.0,250.0,1,2,2011-01-13 12:10:00,2011-01-13 12:10:00,250.0,1,1.0,£0–£500,One-Time,331,1,1,2,4,250.0
15511.0,900.53,5,269,2011-09-15 15:05:00,2011-11-28 09:43:00,180.106,73,0.0684931506849315,"£501–£1,000",Repeat,12,5,4,3,12,900.5299999999999
15512.0,121.0,2,68,2010-12-15 12:01:00,2011-07-07 10:20:00,60.5,203,0.009852216748768473,£0–£500,Repeat,156,2,3,1,6,121.00000000000001
15513.0,14758.220000000001,19,5709,2010-12-01 11:22:00,2011-11-06 14:36:00,776.7484210526317,340,0.05588235294117647,"Above £10,000",Repeat,33,4,5,5,14,14758.220000000003
15514.0,4023.7200000000003,11,2098,2010-12-10 13:50:00,2011-11-27 14:40:00,365.7927272727273,352,0.03125,"£2,501–£5,000",Repeat,12,5,5,5,15,4023.7200000000003
15516.0,62.43,3,27,2011-10-24 11:33:00,2011-10-26 10:51:00,20.81,1,3.0,£0–£500,Repeat,45,3,3,1,7,62.42999999999999
15517.0,267.03,1,293,2011-04-20 14:02:00,2011-04-20 14:02:00,267.03,1,1.0,£0–£500,One-Time,233,1,1,2,4,267.03
15518.0,1921.55,8,1263,2011-01-11 12:55:00,2011-10-06 13:05:00,240.19375,268,0.029850746268656716,"£1,001–£2,500",Repeat,64,3,5,4,12,1921.55
15520.0,343.5,1,314,2011-12-08 10:58:00,2011-12-08 10:58:00,343.5,1,1.0,£0–£500,One-Time,2,5,1,2,8,343.5
15521.0,3000.2,8,1836,2011-03-30 09:15:00,2011-10-30 13:42:00,375.025,214,0.037383177570093455,"£2,501–£5,000",Repeat,40,3,5,5,13,3000.2
15522.0,397.99,2,572,2011-09-13 12:26:00,2011-11-07 11:26:00,198.995,54,0.037037037037037035,£0–£500,Repeat,33,4,3,2,9,397.98999999999995
15523.0,412.01000000000005,1,132,2011-09-16 16:29:00,2011-09-16 16:29:00,412.01000000000005,1,1.0,£0–£500,One-Time,84,2,1,2,5,412.01000000000005
15524.0,440.0,1,4,2011-11-15 12:09:00,2011-11-15 12:09:00,440.0,1,1.0,£0–£500,One-Time,25,4,1,2,7,440.0
15525.0,734.37,3,387,2010-12-01 13:17:00,2011-12-07 14:43:00,244.79,371,0.008086253369272238,"£501–£1,000",Repeat,2,5,3,3,11,734.37
15526.0,148.44,2,24,2011-11-06 15:01:00,2011-11-06 15:04:00,74.22,1,2.0,£0–£500,Repeat,33,4,3,1,8,148.44
15527.0,2428.53,8,991,2010-12-20 14:15:00,2011-11-21 12:17:00,303.56625,335,0.023880597014925373,"£1,001–£2,500",Repeat,19,4,5,5,14,2428.53
15528.0,229.33,1,123,2011-03-30 16:14:00,2011-03-30 16:14:00,229.33,1,1.0,£0–£500,One-Time,254,1,1,1,3,229.33
15529.0,3962.6,11,3455,2010-12-08 12:24:00,2011-11-17 11:29:00,360.23636363636365,343,0.03206997084548105,"£2,501–£5,000",Repeat,23,4,5,5,14,3962.6000000000004
15530.0,1497.31,4,938,2011-04-07 11:16:00,2011-11-18 12:25:00,374.3275,225,0.017777777777777778,"£1,001–£2,500",Repeat,22,4,4,4,12,1497.31
15531.0,1972.39,2,1085,2011-11-09 17:47:00,2011-12-01 18:43:00,986.195,22,0.09090909090909091,"£1,001–£2,500",Repeat,8,5,3,4,12,1972.39
15532.0,1564.73,4,515,2010-12-16 16:45:00,2011-11-14 14:51:00,391.1825,332,0.012048192771084338,"£1,001–£2,500",Repeat,25,4,4,4,12,1564.73
15533.0,807.57,3,289,2011-09-11 15:41:00,2011-11-20 15:35:00,269.19,69,0.043478260869565216,"£501–£1,000",Repeat,19,4,3,3,10,807.57
15535.0,502.9,4,135,2011-01-16 12:35:00,2011-06-19 16:02:00,125.725,154,0.025974025974025976,"£501–£1,000",Repeat,173,2,4,3,9,502.90000000000003
15537.0,110.92,1,29,2011-06-29 13:10:00,2011-06-29 13:10:00,110.92,1,1.0,£0–£500,One-Time,163,2,1,1,4,110.92
15539.0,538.46,1,410,2011-12-02 13:36:00,2011-12-02 13:36:00,538.46,1,1.0,"£501–£1,000",One-Time,7,5,1,3,9,538.46
15540.0,213.3,1,200,2011-11-28 13:51:00,2011-11-28 13:51:00,213.3,1,1.0,£0–£500,One-Time,11,5,1,1,7,213.3
15541.0,85.13000000000001,1,49,2011-08-17 14:58:00,2011-08-17 14:58:00,85.13000000000001,1,1.0,£0–£500,One-Time,114,2,1,1,4,85.13000000000001
15543.0,127.86,1,86,2011-02-24 15:26:00,2011-02-24 15:26:00,127.86,1,1.0,£0–£500,One-Time,288,1,1,1,3,127.86
15544.0,3546.71,9,3109,2010-12-02 12:47:00,2011-11-30 16:43:00,394.0788888888889,363,0.024793388429752067,"£2,501–£5,000",Repeat,9,5,5,5,15,3546.7100000000005
15545.0,288.96999999999997,2,162,2010-12-03 17:28:00,2011-10-16 13:24:00,144.48499999999999,316,0.006329113924050633,£0–£500,Repeat,54,3,3,2,8,288.96999999999997
15547.0,4910.6,14,3999,2010-12-12 13:26:00,2011-12-02 12:52:00,350.75714285714287,354,0.03954802259887006,"£2,501–£5,000",Repeat,7,5,5,5,15,4910.6
15549.0,1681.46,3,694,2011-01-27 15:38:00,2011-09-23 16:22:00,560.4866666666667,239,0.012552301255230125,"£1,001–£2,500",Repeat,77,2,3,4,9,1681.46
15550.0,575.63,4,295,2011-02-11 12:49:00,2011-12-05 15:38:00,143.9075,297,0.013468013468013467,"£501–£1,000",Repeat,4,5,4,3,12,575.63
15551.0,436.06,1,218,2011-11-03 12:37:00,2011-11-03 12:37:00,436.06,1,1.0,£0–£500,One-Time,37,3,1,2,6,436.06
15552.0,90.12,1,60,2011-05-06 14:47:00,2011-05-06 14:47:00,90.12,1,1.0,£0–£500,One-Time,217,1,1,1,3,90.12
15553.0,428.93,1,449,2011-10-10 14:02:00,2011-10-10 14:02:00,428.93,1,1.0,£0–£500,One-Time,60,3,1,2,6,428.93
15554.0,217.2,1,74,2011-03-07 09:00:00,2011-03-07 09:00:00,217.2,1,1.0,£0–£500,One-Time,278,1,1,1,3,217.2
15555.0,4794.86,16,4427,2010-12-05 14:45:00,2011-11-27 16:19:00,299.67875,357,0.04481792717086835,"£2,501–£5,000",Repeat,12,5,5,5,15,4794.86
15556.0,279.77,1,236,2011-11-15 16:08:00,2011-11-15 16:08:00,279.77,1,1.0,£0–£500,One-Time,24,4,1,2,7,279.77
15557.0,468.91,1,213,2011-11-11 12:46:00,2011-11-11 12:46:00,468.91,1,1.0,£0–£500,One-Time,29,4,1,2,7,468.91
15561.0,800.59,4,267,2011-05-08 11:38:00,2011-11-28 11:07:00,200.1475,203,0.019704433497536946,"£501–£1,000",Repeat,12,5,4,3,12,800.59
15562.0,134.55,1,39,2010-12-23 09:55:00,2010-12-23 09:55:00,134.55,1,1.0,£0–£500,One-Time,352,1,1,1,3,134.55
15563.0,1400.44,4,1501,2010-12-16 11:27:00,2011-11-17 14:50:00,350.11,336,0.011904761904761904,"£1,001–£2,500",Repeat,22,4,4,4,12,1400.44
15565.0,173.16,2,60,2011-09-30 10:44:00,2011-10-20 14:33:00,86.58,20,0.1,£0–£500,Repeat,50,3,3,1,7,173.16
15567.0,186.01,1,223,2011-11-21 10:48:00,2011-11-21 10:48:00,186.01,1,1.0,£0–£500,One-Time,19,4,1,1,6,186.01
15568.0,758.29,3,461,2011-09-27 14:37:00,2011-12-07 11:27:00,252.76333333333332,70,0.04285714285714286,"£501–£1,000",Repeat,3,5,3,3,11,758.29
15569.0,1375.71,5,666,2011-01-11 13:26:00,2011-08-28 10:15:00,275.142,228,0.021929824561403508,"£1,001–£2,500",Repeat,104,2,4,4,10,1375.7099999999998
15570.0,4148.82,12,2063,2010-12-05 12:57:00,2011-12-02 14:47:00,345.73499999999996,362,0.03314917127071823,"£2,501–£5,000",Repeat,7,5,5,5,15,4148.82
15571.0,650.4300000000001,4,264,2011-09-22 13:15:00,2011-11-28 10:02:00,162.60750000000002,66,0.06060606060606061,"£501–£1,000",Repeat,12,5,4,3,12,650.4300000000001
15572.0,2533.42,7,1213,2011-03-06 14:44:00,2011-12-05 10:09:00,361.9171428571429,273,0.02564102564102564,"£2,501–£5,000",Repeat,5,5,5,5,15,2533.42
15573.0,591.1899999999999,2,355,2011-09-15 12:16:00,2011-11-08 11:38:00,295.59499999999997,53,0.03773584905660377,"£501–£1,000",Repeat,32,4,3,3,10,591.1899999999998
15574.0,675.64,4,332,2010-12-02 15:46:00,2011-06-15 12:01:00,168.91,194,0.020618556701030927,"£501–£1,000",Repeat,178,2,4,3,9,675.64
15576.0,921.37,1,394,2011-11-02 12:03:00,2011-11-02 12:03:00,921.37,1,1.0,"£501–£1,000",One-Time,38,3,1,3,7,921.37
15577.0,258.88,3,89,2011-02-07 13:32:00,2011-07-11 17:03:00,86.29333333333334,154,0.01948051948051948,£0–£500,Repeat,151,2,3,2,7,258.88
15578.0,127.1,1,52,2011-06-30 13:03:00,2011-06-30 13:03:00,127.1,1,1.0,£0–£500,One-Time,162,2,1,1,4,127.1
15579.0,327.6,2,117,2011-01-30 12:09:00,2011-10-02 12:45:00,163.8,245,0.00816326530612245,£0–£500,Repeat,69,3,3,2,8,327.6000000000001
15581.0,3675.77,13,283,2010-12-08 14:38:00,2011-08-11 09:38:00,282.7515384615385,245,0.053061224489795916,"£2,501–£5,000",Repeat,121,2,5,5,12,3675.77
15582.0,682.9100000000001,3,453,2011-05-03 13:36:00,2011-11-15 09:55:00,227.63666666666668,195,0.015384615384615385,"£501–£1,000",Repeat,25,4,3,3,10,682.9100000000001
15584.0,720.86,4,313,2011-06-30 16:39:00,2011-11-16 10:55:00,180.215,138,0.028985507246376812,"£501–£1,000",Repeat,24,4,4,3,11,720.86
15585.0,455.3,1,320,2011-06-16 08:38:00,2011-06-16 08:38:00,455.3,1,1.0,£0–£500,One-Time,177,2,1,2,5,455.3
15587.0,913.6800000000001,4,312,2010-12-23 09:59:00,2011-10-20 13:37:00,228.42000000000002,301,0.013289036544850499,"£501–£1,000",Repeat,50,3,4,3,10,913.6800000000001
15589.0,478.53000000000003,3,243,2011-02-02 10:46:00,2011-03-29 09:54:00,159.51000000000002,54,0.05555555555555555,£0–£500,Repeat,256,1,3,2,6,478.5300000000001
15592.0,388.58,1,354,2011-10-24 08:59:00,2011-10-24 08:59:00,388.58,1,1.0,£0–£500,One-Time,47,3,1,2,6,388.58
15593.0,199.8,1,60,2011-09-30 11:46:00,2011-09-30 11:46:00,199.8,1,1.0,£0–£500,One-Time,71,3,1,1,5,199.8
15594.0,1771.78,5,983,2011-04-19 10:08:00,2011-11-24 08:53:00,354.356,218,0.022935779816513763,"£1,001–£2,500",Repeat,16,4,4,4,12,1771.78
15596.0,1406.59,5,561,2010-12-09 16:10:00,2011-08-31 10:55:00,281.318,264,0.01893939393939394,"£1,001–£2,500",Repeat,101,2,4,4,10,1406.5900000000001
15597.0,324.57,1,279,2011-11-04 13:26:00,2011-11-04 13:26:00,324.57,1,1.0,£0–£500,One-Time,35,3,1,2,6,324.57
15598.0,240.68,1,160,2011-10-17 16:04:00,2011-10-17 16:04:00,240.68,1,1.0,£0–£500,One-Time,53,3,1,1,5,240.68
15599.0,761.74,2,718,2011-05-19 13:05:00,2011-11-13 11:44:00,380.87,177,0.011299435028248588,"£501–£1,000",Repeat,27,4,3,3,10,761.74
15601.0,6776.56,14,4983,2010-12-02 10:39:00,2011-11-28 15:15:00,484.04,361,0.038781163434903045,"£5,001–£10,000",Repeat,11,5,5,5,15,6776.56
15602.0,1297.8700000000001,9,1137,2010-12-06 15:35:00,2011-12-01 14:14:00,144.20777777777778,359,0.025069637883008356,"£1,001–£2,500",Repeat,8,5,5,4,14,1297.8700000000001
15603.0,48.480000000000004,1,96,2011-09-22 10:04:00,2011-09-22 10:04:00,48.480000000000004,1,1.0,£0–£500,One-Time,79,2,1,1,4,48.480000000000004
15604.0,216.39,1,159,2011-10-18 14:47:00,2011-10-18 14:47:00,216.39,1,1.0,£0–£500,One-Time,52,3,1,1,5,216.39
15605.0,1198.23,5,441,2010-12-01 13:38:00,2011-11-03 14:17:00,239.64600000000002,337,0.01483679525222552,"£1,001–£2,500",Repeat,36,3,4,4,11,1198.2300000000002
15606.0,2920.16,9,892,2011-01-19 12:07:00,2011-10-09 15:47:00,324.4622222222222,263,0.034220532319391636,"£2,501–£5,000",Repeat,61,3,5,5,13,2920.16
15607.0,104.76,1,202,2011-01-07 12:44:00,2011-01-07 12:44:00,104.76,1,1.0,£0–£500,One-Time,337,1,1,1,3,104.76
15608.0,1093.68,4,714,2011-08-11 09:56:00,2011-11-11 13:20:00,273.42,92,0.043478260869565216,"£1,001–£2,500",Repeat,28,4,4,4,12,1093.68
15609.0,298.48,1,148,2011-06-08 13:00:00,2011-06-08 13:00:00,298.48,1,1.0,£0–£500,One-Time,184,1,1,2,4,298.48
15610.0,112.46000000000001,1,66,2011-10-19 10:36:00,2011-10-19 10:36:00,112.46000000000001,1,1.0,£0–£500,One-Time,52,3,1,1,5,112.46000000000001
15611.0,1591.45,13,504,2011-01-09 11:32:00,2011-11-30 12:36:00,122.41923076923078,325,0.04,"£1,001–£2,500",Repeat,10,5,5,4,14,1591.45
15612.0,195.15,2,52,2011-10-09 12:49:00,2011-11-03 14:52:00,97.575,25,0.08,£0–£500,Repeat,36,3,3,1,7,195.15
15615.0,10399.74,23,5508,2010-12-15 16:21:00,2011-11-29 14:42:00,452.1626086956522,348,0.06609195402298851,"Above £10,000",Repeat,10,5,5,5,15,10399.74
15618.0,776.851,4,454,2011-07-26 10:13:00,2011-11-07 08:34:00,194.21275,103,0.038834951456310676,"£501–£1,000",Repeat,33,4,4,3,11,776.851
15619.0,336.40000000000003,1,136,2011-11-29 08:14:00,2011-11-29 08:14:00,336.40000000000003,1,1.0,£0–£500,One-Time,11,5,1,2,8,336.40000000000003
15620.0,1553.18,3,915,2010-12-16 14:34:00,2011-10-14 12:41:00,517.7266666666667,301,0.009966777408637873,"£1,001–£2,500",Repeat,57,3,3,4,10,1553.1799999999998
15621.0,1293.03,4,501,2011-11-18 11:49:00,2011-12-05 14:01:00,323.2575,17,0.23529411764705882,"£1,001–£2,500",Repeat,4,5,4,4,13,1293.03
15622.0,3709.56,9,1674,2011-03-02 13:42:00,2011-10-27 16:44:00,412.17333333333335,239,0.03765690376569038,"£2,501–£5,000",Repeat,43,3,5,5,13,3709.5600000000004
15623.0,301.03,1,125,2011-07-21 17:26:00,2011-07-21 17:26:00,301.03,1,1.0,£0–£500,One-Time,141,2,1,2,5,301.03
15624.0,588.13,4,357,2011-03-28 13:32:00,2011-08-15 11:38:00,147.0325,139,0.02877697841726619,"£501–£1,000",Repeat,117,2,4,3,9,588.13
15625.0,1534.26,4,1188,2011-04-18 14:01:00,2011-08-28 10:21:00,383.565,131,0.030534351145038167,"£1,001–£2,500",Repeat,104,2,4,4,10,1534.2599999999998
15626.0,675.8,2,766,2011-01-14 10:10:00,2011-09-26 10:03:00,337.9,254,0.007874015748031496,"£501–£1,000",Repeat,75,2,3,3,8,675.8
15628.0,2870.2400000000002,9,1894,2010-12-08 09:51:00,2011-12-05 10:24:00,318.91555555555556,362,0.024861878453038673,"£2,501–£5,000",Repeat,5,5,5,5,15,2870.2400000000002
15630.0,1186.35,2,800,2011-05-19 10:16:00,2011-10-25 15:36:00,593.175,159,0.012578616352201259,"£1,001–£2,500",Repeat,45,3,3,4,10,1186.35
15632.0,3285.31,8,2109,2011-03-10 08:29:00,2011-11-24 09:51:00,410.66375,259,0.03088803088803089,"£2,501–£5,000",Repeat,16,4,5,5,14,3285.31
15634.0,243.55,1,99,2011-11-22 16:28:00,2011-11-22 16:28:00,243.55,1,1.0,£0–£500,One-Time,17,4,1,1,6,243.55
15636.0,724.76,2,284,2011-03-02 14:50:00,2011-09-11 11:17:00,362.38,192,0.010416666666666666,"£501–£1,000",Repeat,90,2,3,3,8,724.76
15637.0,223.36,1,128,2011-10-18 08:28:00,2011-10-18 08:28:00,223.36,1,1.0,£0–£500,One-Time,53,3,1,1,5,223.36
15639.0,425.32,1,323,2011-07-28 14:30:00,2011-07-28 14:30:00,425.32,1,1.0,£0–£500,One-Time,134,2,1,2,5,425.32
15640.0,12416.11,15,6572,2010-12-02 15:40:00,2011-12-05 14:35:00,827.7406666666667,367,0.04087193460490463,"Above £10,000",Repeat,4,5,5,5,15,12416.11
15641.0,1887.2,4,1562,2010-12-15 14:45:00,2011-08-26 14:04:00,471.8,253,0.015810276679841896,"£1,001–£2,500",Repeat,105,2,4,4,10,1887.1999999999998
15643.0,664.0,3,246,2011-03-02 14:34:00,2011-06-01 07:38:00,221.33333333333334,90,0.03333333333333333,"£501–£1,000",Repeat,192,1,3,3,7,664.0
15644.0,803.54,4,550,2011-03-23 15:37:00,2011-06-26 14:54:00,200.885,94,0.0425531914893617,"£501–£1,000",Repeat,166,2,4,3,9,803.54
15645.0,612.01,1,256,2011-11-21 11:55:00,2011-11-21 11:55:00,612.01,1,1.0,"£501–£1,000",One-Time,19,4,1,3,8,612.01
15646.0,447.64000000000004,3,394,2010-12-02 16:59:00,2011-07-05 09:53:00,149.21333333333334,214,0.014018691588785047,£0–£500,Repeat,158,2,3,2,7,447.64
15648.0,639.5,2,218,2011-03-17 18:59:00,2011-05-19 15:53:00,319.75,62,0.03225806451612903,"£501–£1,000",Repeat,204,1,3,3,7,639.5
15649.0,816.0,2,192,2010-12-07 10:06:00,2011-01-07 13:34:00,408.0,31,0.06451612903225806,"£501–£1,000",Repeat,336,1,3,3,7,815.9999999999999
15651.0,646.3,3,479,2011-03-24 08:56:00,2011-11-03 08:41:00,215.4333333333333,223,0.013452914798206279,"£501–£1,000",Repeat,37,3,3,3,9,646.3
15652.0,337.74,1,208,2011-09-09 14:22:00,2011-09-09 14:22:00,337.74,1,1.0,£0–£500,One-Time,91,2,1,2,5,337.74
15653.0,877.4399999999999,2,1200,2011-08-16 09:50:00,2011-09-08 10:49:00,438.71999999999997,23,0.08695652173913043,"£501–£1,000",Repeat,93,2,3,3,8,877.4399999999998
15654.0,922.53,2,475,2011-11-13 15:15:00,2011-11-30 13:08:00,461.265,16,0.125,"£501–£1,000",Repeat,9,5,3,3,11,922.53
15655.0,560.67,1,324,2011-04-10 15:25:00,2011-04-10 15:25:00,560.67,1,1.0,"£501–£1,000",One-Time,243,1,1,3,5,560.67
15656.0,748.5,4,343,2011-02-28 15:32:00,2011-10-25 14:56:00,187.125,238,0.01680672268907563,"£501–£1,000",Repeat,45,3,4,3,10,748.5
15657.0,30.0,1,24,2011-11-17 12:19:00,2011-11-17 12:19:00,30.0,1,1.0,£0–£500,One-Time,23,4,1,1,6,30.0
15658.0,1024.1000000000001,5,242,2010-12-02 10:53:00,2011-06-02 15:22:00,204.82000000000002,182,0.027472527472527472,"£1,001–£2,500",Repeat,190,1,4,4,9,1024.1000000000001
15659.0,306.45,1,111,2011-10-27 09:23:00,2011-10-27 09:23:00,306.45,1,1.0,£0–£500,One-Time,44,3,1,2,6,306.45
15660.0,1600.86,9,1050,2010-12-09 09:49:00,2011-11-14 16:58:00,177.87333333333333,340,0.026470588235294117,"£1,001–£2,500",Repeat,25,4,5,4,13,1600.8600000000001
15661.0,309.8,2,236,2011-01-05 12:32:00,2011-01-26 13:56:00,154.9,21,0.09523809523809523,£0–£500,Repeat,317,1,3,2,6,309.79999999999995
15663.0,138.14,1,106,2011-08-25 15:50:00,2011-08-25 15:50:00,138.14,1,1.0,£0–£500,One-Time,106,2,1,1,4,138.14
15664.0,386.43,1,157,2011-10-20 10:57:00,2011-10-20 10:57:00,386.43,1,1.0,£0–£500,One-Time,51,3,1,2,6,386.43
15665.0,2222.21,2,1654,2011-04-10 15:09:00,2011-06-24 14:57:00,1111.105,74,0.02702702702702703,"£1,001–£2,500",Repeat,168,2,3,5,10,2222.21
15667.0,301.32,1,240,2011-10-31 10:56:00,2011-10-31 10:56:00,301.32,1,1.0,£0–£500,One-Time,40,3,1,2,6,301.32
15668.0,76.32000000000001,1,72,2011-05-06 10:39:00,2011-05-06 10:39:00,76.32000000000001,1,1.0,£0–£500,One-Time,218,1,1,1,3,76.32000000000001
15669.0,684.34,4,342,2011-03-21 09:13:00,2011-10-30 16:03:00,171.085,223,0.017937219730941704,"£501–£1,000",Repeat,40,3,4,3,10,684.34
15670.0,173.05,1,91,2011-02-16 10:50:00,2011-02-16 10:50:00,173.05,1,1.0,£0–£500,One-Time,297,1,1,1,3,173.05
15671.0,2657.13,7,1699,2011-03-14 09:37:00,2011-11-21 12:43:00,379.59000000000003,252,0.027777777777777776,"£2,501–£5,000",Repeat,19,4,5,5,14,2657.13
15673.0,2726.23,4,1451,2011-01-16 16:25:00,2011-09-12 16:12:00,681.5575,238,0.01680672268907563,"£2,501–£5,000",Repeat,88,2,4,5,11,2726.23
15674.0,2446.6,5,1275,2011-03-30 09:19:00,2011-09-27 15:17:00,489.32,181,0.027624309392265192,"£1,001–£2,500",Repeat,73,2,4,5,11,2446.6
15675.0,323.69,3,527,2011-03-04 14:21:00,2011-09-19 13:48:00,107.89666666666666,198,0.015151515151515152,£0–£500,Repeat,81,2,3,2,7,323.69
15676.0,3435.76,3,2252,2011-03-01 10:19:00,2011-11-21 12:40:00,1145.2533333333333,265,0.011320754716981131,"£2,501–£5,000",Repeat,19,4,3,5,12,3435.7599999999998
15677.0,657.23,1,319,2011-10-21 15:36:00,2011-10-21 15:36:00,657.23,1,1.0,"£501–£1,000",One-Time,49,3,1,3,7,657.23
15678.0,352.7,1,184,2011-10-18 09:25:00,2011-10-18 09:25:00,352.7,1,1.0,£0–£500,One-Time,53,3,1,2,6,352.7
15679.0,781.28,4,1170,2011-06-10 08:24:00,2011-11-15 16:19:00,195.32,158,0.02531645569620253,"£501–£1,000",Repeat,24,4,4,3,11,781.28
15680.0,1333.68,3,952,2010-12-08 14:43:00,2011-11-30 13:46:00,444.56,356,0.008426966292134831,"£1,001–£2,500",Repeat,9,5,3,4,12,1333.68
15681.0,1426.16,5,816,2011-03-04 13:46:00,2011-11-14 16:30:00,285.232,255,0.0196078431372549,"£1,001–£2,500",Repeat,25,4,4,4,12,1426.16
15683.0,193.75,1,131,2011-08-14 12:56:00,2011-08-14 12:56:00,193.75,1,1.0,£0–£500,One-Time,117,2,1,1,4,193.75
15687.0,2993.1,9,1310,2011-01-13 15:13:00,2011-12-01 08:33:00,332.56666666666666,321,0.028037383177570093,"£2,501–£5,000",Repeat,9,5,5,5,15,2993.1000000000004
15689.0,254.1,2,84,2010-12-13 09:57:00,2011-08-12 09:37:00,127.05,241,0.008298755186721992,£0–£500,Repeat,120,2,3,2,7,254.1
15690.0,239.76,2,408,2011-08-31 11:40:00,2011-12-05 15:59:00,119.88,96,0.020833333333333332,£0–£500,Repeat,4,5,3,1,9,239.75999999999996
15691.0,136.8,1,72,2011-04-01 15:13:00,2011-04-01 15:13:00,136.8,1,1.0,£0–£500,One-Time,252,1,1,1,3,136.8
15692.0,191.04,1,138,2011-11-11 14:12:00,2011-11-11 14:12:00,191.04,1,1.0,£0–£500,One-Time,28,4,1,1,6,191.04
15694.0,6479.4,14,1677,2010-12-02 07:49:00,2011-12-09 09:44:00,462.8142857142857,372,0.03763440860215054,"£5,001–£10,000",Repeat,1,5,5,5,15,6479.4
15695.0,409.98,2,212,2011-03-18 08:31:00,2011-03-18 08:32:00,204.99,1,2.0,£0–£500,Repeat,267,1,3,2,6,409.98
15696.0,2711.11,8,1015,2011-01-17 11:24:00,2011-11-06 14:02:00,338.88875,293,0.027303754266211604,"£2,501–£5,000",Repeat,33,4,5,5,14,2711.11
15699.0,309.65,1,113,2011-11-22 08:26:00,2011-11-22 08:26:00,309.65,1,1.0,£0–£500,One-Time,18,4,1,2,7,309.65
15700.0,696.68,2,357,2011-06-19 15:36:00,2011-06-20 16:53:00,348.34,1,2.0,"£501–£1,000",Repeat,172,2,3,3,8,696.68
15701.0,1529.0,4,912,2011-08-21 12:36:00,2011-12-07 14:39:00,382.25,108,0.037037037037037035,"£1,001–£2,500",Repeat,2,5,4,4,13,1529.0
15703.0,211.5,1,66,2011-03-20 10:51:00,2011-03-20 10:51:00,211.5,1,1.0,£0–£500,One-Time,265,1,1,1,3,211.5
15704.0,2293.62,4,1028,2011-05-08 12:42:00,2011-07-22 13:35:00,573.405,75,0.05333333333333334,"£1,001–£2,500",Repeat,140,2,4,5,11,2293.6200000000003
15705.0,143.1,1,62,2011-05-22 15:37:00,2011-05-22 15:37:00,143.1,1,1.0,£0–£500,One-Time,201,1,1,1,3,143.1
15706.0,1060.56,4,321,2011-08-15 14:32:00,2011-10-07 10:09:00,265.14,52,0.07692307692307693,"£1,001–£2,500",Repeat,64,3,4,4,11,1060.56
15707.0,916.98,4,594,2011-09-14 14:19:00,2011-11-04 14:35:00,229.245,51,0.0784313725490196,"£501–£1,000",Repeat,35,3,4,3,10,916.98
15708.0,3235.25,7,1217,2010-12-05 11:12:00,2011-10-30 10:54:00,462.17857142857144,328,0.021341463414634148,"£2,501–£5,000",Repeat,41,3,5,5,13,3235.2500000000005
15709.0,133.25,1,121,2011-03-01 10:38:00,2011-03-01 10:38:00,133.25,1,1.0,£0–£500,One-Time,284,1,1,1,3,133.25
15712.0,1072.3600000000001,5,486,2011-02-25 11:32:00,2011-11-30 14:09:00,214.47200000000004,278,0.017985611510791366,"£1,001–£2,500",Repeat,9,5,4,4,13,1072.3600000000001
15713.0,356.7,2,150,2010-12-08 15:16:00,2011-07-19 13:34:00,178.35,222,0.009009009009009009,£0–£500,Repeat,143,2,3,2,7,356.7
15714.0,330.03000000000003,2,186,2011-09-23 11:25:00,2011-11-28 11:26:00,165.01500000000001,66,0.030303030303030304,£0–£500,Repeat,12,5,3,2,10,330.03000000000003
15716.0,1101.1100000000001,4,738,2010-12-05 12:26:00,2011-07-17 11:59:00,275.27750000000003,223,0.017937219730941704,"£1,001–£2,500",Repeat,146,2,4,4,10,1101.1100000000001
15717.0,150.3,1,70,2011-04-19 13:21:00,2011-04-19 13:21:00,150.3,1,1.0,£0–£500,One-Time,234,1,1,1,3,150.3
15719.0,5030.07,13,2718,2011-01-06 12:31:00,2011-11-07 12:29:00,386.92846153846153,304,0.04276315789473684,"£5,001–£10,000",Repeat,33,4,5,5,14,5030.07
15720.0,598.73,1,281,2011-11-15 14:48:00,2011-11-15 14:48:00,598.73,1,1.0,"£501–£1,000",One-Time,24,4,1,3,8,598.73
15721.0,471.40000000000003,1,388,2011-11-28 12:14:00,2011-11-28 12:14:00,471.40000000000003,1,1.0,£0–£500,One-Time,12,5,1,2,8,471.40000000000003
15722.0,2211.21,5,1023,2011-02-22 12:24:00,2011-11-04 11:43:00,442.242,254,0.01968503937007874,"£1,001–£2,500",Repeat,36,3,4,5,12,2211.21
15723.0,190.7,1,73,2010-12-10 11:12:00,2010-12-10 11:12:00,190.7,1,1.0,£0–£500,One-Time,365,1,1,1,3,190.7
15724.0,218.25,2,73,2011-02-28 10:40:00,2011-05-22 14:40:00,109.125,83,0.024096385542168676,£0–£500,Repeat,201,1,3,1,5,218.25000000000003
15725.0,415.25,1,221,2011-11-24 14:51:00,2011-11-24 14:51:00,415.25,1,1.0,£0–£500,One-Time,15,4,1,2,7,415.25
15727.0,5159.06,7,3063,2010-12-15 15:47:00,2011-11-23 12:36:00,737.0085714285715,342,0.02046783625730994,"£5,001–£10,000",Repeat,17,4,5,5,14,5159.06
15729.0,85.0,1,28,2011-05-11 12:36:00,2011-05-11 12:36:00,85.0,1,1.0,£0–£500,One-Time,213,1,1,1,3,85.0
15730.0,1120.88,3,689,2011-05-17 12:43:00,2011-10-05 12:31:00,373.6266666666667,140,0.02142857142857143,"£1,001–£2,500",Repeat,66,3,3,4,10,1120.88
15732.0,294.12,2,215,2010-12-02 15:00:00,2011-05-11 14:24:00,147.06,159,0.012578616352201259,£0–£500,Repeat,212,1,3,2,6,294.12
15733.0,162.3,1,62,2011-03-02 09:05:00,2011-03-02 09:05:00,162.3,1,1.0,£0–£500,One-Time,283,1,1,1,3,162.3
15734.0,1339.45,2,346,2011-05-23 14:59:00,2011-08-17 10:50:00,669.725,85,0.023529411764705882,"£1,001–£2,500",Repeat,115,2,3,4,9,1339.45
15737.0,1188.1200000000001,8,597,2011-04-11 10:01:00,2011-11-25 11:21:00,148.51500000000001,228,0.03508771929824561,"£1,001–£2,500",Repeat,15,4,5,4,13,1188.1200000000001
15738.0,4812.42,16,2982,2010-12-02 12:50:00,2011-11-21 08:26:00,300.77625,353,0.0453257790368272,"£2,501–£5,000",Repeat,19,4,5,5,14,4812.42
15739.0,449.12,1,472,2011-10-04 13:42:00,2011-10-04 13:42:00,449.12,1,1.0,£0–£500,One-Time,66,3,1,2,6,449.12
15740.0,154.88,1,152,2011-10-21 14:29:00,2011-10-21 14:29:00,154.88,1,1.0,£0–£500,One-Time,49,3,1,1,5,154.88
15743.0,775.96,4,214,2011-06-08 10:14:00,2011-11-23 17:19:00,193.99,168,0.023809523809523808,"£501–£1,000",Repeat,16,4,4,3,11,775.9599999999999
15744.0,34.8,1,120,2011-09-23 09:52:00,2011-09-23 09:52:00,34.8,1,1.0,£0–£500,One-Time,78,2,1,1,4,34.8
15745.0,1094.59,4,421,2011-04-17 13:04:00,2011-11-20 13:45:00,273.6475,217,0.018433179723502304,"£1,001–£2,500",Repeat,19,4,4,4,12,1094.59
15746.0,196.88,1,178,2011-07-28 15:21:00,2011-07-28 15:21:00,196.88,1,1.0,£0–£500,One-Time,134,2,1,1,4,196.88
15747.0,946.64,3,466,2011-06-20 11:30:00,2011-11-27 12:26:00,315.5466666666667,160,0.01875,"£501–£1,000",Repeat,13,5,3,4,12,946.64
15748.0,144.36,1,50,2011-10-30 12:51:00,2011-10-30 12:51:00,144.36,1,1.0,£0–£500,One-Time,40,3,1,1,5,144.36
15749.0,44534.3,3,18028,2011-01-11 12:55:00,2011-04-18 13:20:00,14844.766666666668,97,0.030927835051546393,"Above £10,000",Repeat,235,1,3,5,9,44534.3
15750.0,2463.05,8,1783,2010-12-08 10:36:00,2011-12-07 12:34:00,307.88125,364,0.02197802197802198,"£1,001–£2,500",Repeat,3,5,5,5,15,2463.05
15752.0,2626.6,7,1960,2010-12-02 09:43:00,2011-10-31 11:37:00,375.2285714285714,333,0.021021021021021023,"£2,501–£5,000",Repeat,40,3,5,5,13,2626.6
15753.0,79.2,1,144,2011-02-08 12:41:00,2011-02-08 12:41:00,79.2,1,1.0,£0–£500,One-Time,305,1,1,1,3,79.2
15754.0,458.57,3,199,2011-04-07 12:24:00,2011-10-19 14:40:00,152.85666666666665,195,0.015384615384615385,£0–£500,Repeat,51,3,3,2,8,458.57
15755.0,2364.25,6,1427,2011-02-18 11:53:00,2011-11-29 14:57:00,394.0416666666667,284,0.02112676056338028,"£1,001–£2,500",Repeat,10,5,5,5,15,2364.25
15756.0,528.01,4,241,2011-04-04 14:00:00,2011-10-09 13:30:00,132.0025,187,0.0213903743315508,"£501–£1,000",Repeat,61,3,4,3,10,528.01
15757.0,714.42,2,491,2011-05-06 11:40:00,2011-10-05 12:14:00,357.21,152,0.013157894736842105,"£501–£1,000",Repeat,66,3,3,3,9,714.42
15758.0,205.25,1,47,2011-11-15 10:48:00,2011-11-15 10:48:00,205.25,1,1.0,£0–£500,One-Time,25,4,2,1,7,205.25
15759.0,253.04,3,60,2010-12-16 15:29:00,2011-05-05 15:13:00,84.34666666666666,139,0.02158273381294964,£0–£500,Repeat,218,1,3,2,6,253.04000000000002
15762.0,583.75,2,251,2011-09-23 15:17:00,2011-10-05 16:15:00,291.875,12,0.16666666666666666,"£501–£1,000",Repeat,65,3,3,3,9,583.75
15763.0,1086.92,2,271,2011-09-23 12:10:00,2011-11-08 09:44:00,543.46,45,0.044444444444444446,"£1,001–£2,500",Repeat,32,4,3,4,11,1086.92
15764.0,3279.97,6,2050,2011-03-08 09:23:00,2011-09-12 17:58:00,546.6616666666666,188,0.031914893617021274,"£2,501–£5,000",Repeat,88,2,5,5,12,3279.9699999999993
15766.0,315.06,1,170,2011-10-06 17:03:00,2011-10-06 17:03:00,315.06,1,1.0,£0–£500,One-Time,64,3,2,2,7,315.06
15768.0,621.8299999999999,3,244,2011-04-28 09:20:00,2011-08-16 10:48:00,207.27666666666664,110,0.02727272727272727,"£501–£1,000",Repeat,116,2,4,3,9,621.8299999999998
15769.0,56252.72,26,29672,2010-12-03 15:16:00,2011-12-02 13:52:00,2163.566153846154,363,0.07162534435261708,"Above £10,000",Repeat,7,5,5,5,15,56252.720000000016
15773.0,635.6800000000001,1,311,2011-12-04 12:48:00,2011-12-04 12:48:00,635.6800000000001,1,1.0,"£501–£1,000",One-Time,6,5,2,3,10,635.6800000000001
15774.0,270.8,1,87,2011-10-02 12:04:00,2011-10-02 12:04:00,270.8,1,1.0,£0–£500,One-Time,69,3,2,2,7,270.8
15775.0,104.9,1,68,2011-04-08 12:56:00,2011-04-08 12:56:00,104.9,1,1.0,£0–£500,One-Time,245,1,2,1,4,104.9
15776.0,241.62,1,138,2011-07-29 13:46:00,2011-07-29 13:46:00,241.62,1,1.0,£0–£500,One-Time,133,2,2,1,5,241.62
15777.0,1047.11,4,378,2010-12-13 16:38:00,2011-04-12 16:43:00,261.7775,120,0.03333333333333333,"£1,001–£2,500",Repeat,241,1,4,4,9,1047.11
15780.0,475.28000000000003,3,220,2010-12-17 11:43:00,2011-06-09 12:01:00,158.42666666666668,174,0.017241379310344827,£0–£500,Repeat,184,1,4,2,7,475.28000000000003
15781.0,345.46,3,180,2011-02-07 09:15:00,2011-11-14 14:57:00,115.15333333333332,280,0.010714285714285714,£0–£500,Repeat,25,4,4,2,10,345.46
15782.0,2614.7400000000002,3,864,2011-09-11 14:29:00,2011-11-30 10:49:00,871.58,79,0.0379746835443038,"£2,501–£5,000",Repeat,10,5,4,5,14,2614.7400000000002
15783.0,246.3,1,212,2011-11-29 09:50:00,2011-11-29 09:50:00,246.3,1,1.0,£0–£500,One-Time,11,5,2,1,8,246.3
15785.0,2328.9700000000003,5,1612,2011-02-17 14:17:00,2011-11-07 11:33:00,465.79400000000004,262,0.019083969465648856,"£1,001–£2,500",Repeat,33,4,4,5,13,2328.9700000000003
15786.0,4919.0,3,3340,2011-08-17 13:33:00,2011-10-24 14:13:00,1639.6666666666667,68,0.04411764705882353,"£2,501–£5,000",Repeat,46,3,4,5,12,4919.0
15787.0,933.26,3,534,2011-10-09 13:11:00,2011-11-13 14:55:00,311.08666666666664,35,0.08571428571428572,"£501–£1,000",Repeat,26,4,4,3,11,933.26
15789.0,351.3,1,438,2010-12-16 14:35:00,2010-12-16 14:35:00,351.3,1,1.0,£0–£500,One-Time,358,1,2,2,5,351.3
15790.0,218.75,1,113,2011-11-29 14:53:00,2011-11-29 14:53:00,218.75,1,1.0,£0–£500,One-Time,10,5,2,1,8,218.75
15791.0,1612.69,2,731,2011-05-19 15:15:00,2011-10-27 10:14:00,806.345,160,0.0125,"£1,001–£2,500",Repeat,44,3,3,4,10,1612.69
15793.0,965.61,3,553,2011-03-16 10:45:00,2011-11-25 09:31:00,321.87,253,0.011857707509881422,"£501–£1,000",Repeat,15,4,4,4,12,965.6099999999999
15795.0,610.01,1,581,2011-07-13 10:43:00,2011-07-13 10:43:00,610.01,1,1.0,"£501–£1,000",One-Time,150,2,2,3,7,610.01
15796.0,2708.61,8,860,2011-02-10 15:40:00,2011-12-08 19:55:00,338.57625,301,0.026578073089700997,"£2,501–£5,000",Repeat,1,5,5,5,15,2708.61
15797.0,2207.4,4,873,2011-01-24 15:47:00,2011-08-18 17:04:00,551.85,206,0.019417475728155338,"£1,001–£2,500",Repeat,113,2,4,5,11,2207.4
15799.0,884.14,3,955,2011-01-09 15:13:00,2011-09-25 12:46:00,294.7133333333333,258,0.011627906976744186,"£501–£1,000",Repeat,76,2,4,3,9,884.14
15800.0,696.89,2,332,2011-04-07 12:39:00,2011-08-24 14:23:00,348.445,139,0.014388489208633094,"£501–£1,000",Repeat,107,2,3,3,8,696.89
15801.0,1063.95,3,570,2011-08-22 09:53:00,2011-10-24 13:52:00,354.65000000000003,63,0.047619047619047616,"£1,001–£2,500",Repeat,46,3,4,4,11,1063.95
15802.0,451.42,1,1,2011-07-20 11:38:00,2011-07-20 11:38:00,451.42,1,1.0,£0–£500,One-Time,143,2,2,2,6,451.42
15803.0,415.82000000000005,1,290,2011-10-19 14:56:00,2011-10-19 14:56:00,415.82000000000005,1,1.0,£0–£500,One-Time,51,3,2,2,7,415.82000000000005
15804.0,4206.39,13,2565,2011-05-25 10:12:00,2011-12-09 12:31:00,323.5684615384616,198,0.06565656565656566,"£2,501–£5,000",Repeat,1,5,5,5,15,4206.390000000001
15805.0,5488.18,17,3367,2010-12-10 09:33:00,2011-11-16 16:32:00,322.83411764705886,341,0.04985337243401759,"£5,001–£10,000",Repeat,23,4,5,5,14,5488.179999999999
15806.0,784.58,3,602,2011-03-08 09:24:00,2011-10-24 14:35:00,261.5266666666667,230,0.013043478260869565,"£501–£1,000",Repeat,46,3,4,3,10,784.58
15807.0,903.9,3,430,2011-09-23 14:43:00,2011-10-20 14:10:00,301.3,26,0.11538461538461539,"£501–£1,000",Repeat,50,3,4,3,10,903.9000000000001
15808.0,3651.27,4,1305,2010-12-05 13:05:00,2011-02-06 14:33:00,912.8175,63,0.06349206349206349,"£2,501–£5,000",Repeat,306,1,4,5,10,3651.27
15809.0,515.77,5,301,2011-02-10 11:16:00,2011-11-03 16:40:00,103.154,266,0.018796992481203006,"£501–£1,000",Repeat,36,3,4,3,10,515.77
15810.0,1391.98,4,861,2011-02-16 09:11:00,2011-09-22 09:38:00,347.995,218,0.01834862385321101,"£1,001–£2,500",Repeat,79,2,4,4,10,1391.98
15811.0,2218.62,6,1071,2010-12-09 15:29:00,2011-11-17 15:31:00,369.77,343,0.01749271137026239,"£1,001–£2,500",Repeat,22,4,5,5,14,2218.62
15812.0,1801.14,5,922,2011-01-26 12:12:00,2011-08-24 14:19:00,360.228,210,0.023809523809523808,"£1,001–£2,500",Repeat,107,2,4,4,10,1801.14
15813.0,1303.9099999999999,2,603,2011-04-14 09:09:00,2011-05-16 08:13:00,651.9549999999999,31,0.06451612903225806,"£1,001–£2,500",Repeat,208,1,3,4,8,1303.9099999999999
15814.0,1945.33,4,1271,2011-10-20 09:04:00,2011-11-23 08:17:00,486.3325,33,0.12121212121212122,"£1,001–£2,500",Repeat,17,4,4,4,12,1945.33
15815.0,2100.6,5,1856,2011-03-25 08:43:00,2011-10-07 12:42:00,420.12,196,0.025510204081632654,"£1,001–£2,500",Repeat,64,3,4,5,12,2100.6
15819.0,1905.45,4,1357,2011-03-08 09:45:00,2011-10-21 14:50:00,476.3625,227,0.01762114537444934,"£1,001–£2,500",Repeat,49,3,4,4,11,1905.4500000000003
15820.0,206.98,1,128,2011-01-24 12:00:00,2011-01-24 12:00:00,206.98,1,1.0,£0–£500,One-Time,320,1,2,1,4,206.98
15821.0,570.96,2,202,2011-10-09 13:28:00,2011-10-26 15:48:00,285.48,17,0.11764705882352941,"£501–£1,000",Repeat,44,3,3,3,9,570.96
15822.0,885.47,2,375,2010-12-15 13:38:00,2011-12-06 14:50:00,442.735,356,0.0056179775280898875,"£501–£1,000",Repeat,3,5,3,3,11,885.47
15823.0,15.0,1,1,2010-12-02 15:08:00,2010-12-02 15:08:00,15.0,1,1.0,£0–£500,One-Time,372,1,2,1,4,15.0
15825.0,532.94,1,220,2011-06-20 13:27:00,2011-06-20 13:27:00,532.94,1,1.0,"£501–£1,000",One-Time,172,2,2,3,7,532.94
15826.0,1654.31,3,963,2011-05-13 10:44:00,2011-10-14 16:05:00,551.4366666666666,154,0.01948051948051948,"£1,001–£2,500",Repeat,56,3,4,4,11,1654.3099999999997
15827.0,1836.0900000000001,14,882,2010-12-02 13:06:00,2011-09-27 15:35:00,131.14928571428572,299,0.046822742474916385,"£1,001–£2,500",Repeat,73,2,5,4,11,1836.0900000000001
15829.0,636.14,2,996,2011-07-22 10:23:00,2011-09-01 16:45:00,318.07,41,0.04878048780487805,"£501–£1,000",Repeat,99,2,3,3,8,636.14
15830.0,576.0,1,415,2011-11-02 10:40:00,2011-11-02 10:40:00,576.0,1,1.0,"£501–£1,000",One-Time,38,3,2,3,8,576.0
15831.0,794.64,3,1092,2011-01-19 14:52:00,2011-10-12 13:14:00,264.88,265,0.011320754716981131,"£501–£1,000",Repeat,58,3,4,3,10,794.6399999999999
15832.0,836.79,1,465,2011-03-30 15:29:00,2011-03-30 15:29:00,836.79,1,1.0,"£501–£1,000",One-Time,254,1,2,3,6,836.79
15834.0,2225.15,4,961,2011-03-07 17:52:00,2011-09-30 14:41:00,556.2875,206,0.019417475728155338,"£1,001–£2,500",Repeat,70,3,4,5,12,2225.15
15835.0,954.09,4,439,2011-01-13 10:35:00,2011-10-26 15:47:00,238.5225,286,0.013986013986013986,"£501–£1,000",Repeat,44,3,4,4,11,954.09
15836.0,137.37,1,26,2011-10-20 17:13:00,2011-10-20 17:13:00,137.37,1,1.0,£0–£500,One-Time,50,3,2,1,6,137.37
15837.0,391.98,1,189,2011-10-06 09:01:00,2011-10-06 09:01:00,391.98,1,1.0,£0–£500,One-Time,65,3,2,2,7,391.98
15838.0,33643.08,19,18368,2010-12-07 11:26:00,2011-11-28 14:00:00,1770.6884210526316,356,0.05337078651685393,"Above £10,000",Repeat,11,5,5,5,15,33643.08
15839.0,1048.49,3,675,2011-07-14 16:35:00,2011-11-06 13:54:00,349.49666666666667,114,0.02631578947368421,"£1,001–£2,500",Repeat,33,4,4,4,12,1048.49
15840.0,355.56,2,396,2011-06-20 11:42:00,2011-10-12 09:08:00,177.78,113,0.017699115044247787,£0–£500,Repeat,59,3,3,2,8,355.56
15841.0,1224.06,4,942,2011-01-05 11:25:00,2011-09-28 12:15:00,306.015,266,0.015037593984962405,"£1,001–£2,500",Repeat,73,2,4,4,10,1224.06
15843.0,118.95000000000002,1,27,2011-02-09 10:19:00,2011-02-09 10:19:00,118.95000000000002,1,1.0,£0–£500,One-Time,304,1,2,1,4,118.95000000000002
15844.0,130.73999999999998,1,134,2011-10-24 15:19:00,2011-10-24 15:19:00,130.73999999999998,1,1.0,£0–£500,One-Time,46,3,2,1,6,130.73999999999998
15845.0,3711.77,8,1926,2011-01-06 17:19:00,2011-11-22 09:42:00,463.97125,319,0.025078369905956112,"£2,501–£5,000",Repeat,18,4,5,5,14,3711.7699999999995
15847.0,389.27,2,449,2011-02-24 16:46:00,2011-11-01 14:41:00,194.635,249,0.008032128514056224,£0–£500,Repeat,38,3,3,2,8,389.2699999999999
15850.0,234.88,2,298,2011-06-24 14:16:00,2011-11-20 14:14:00,117.44,148,0.013513513513513514,£0–£500,Repeat,19,4,3,1,8,234.88
15852.0,160.71,2,48,2011-05-26 13:26:00,2011-06-06 11:22:00,80.355,10,0.2,£0–£500,Repeat,187,1,3,1,5,160.71
15853.0,110.8,1,135,2011-10-19 10:38:00,2011-10-19 10:38:00,110.8,1,1.0,£0–£500,One-Time,52,3,2,1,6,110.8
15854.0,2969.12,12,926,2010-12-13 11:47:00,2011-12-05 13:39:00,247.42666666666665,357,0.03361344537815126,"£2,501–£5,000",Repeat,4,5,5,5,15,2969.12
15855.0,712.24,5,470,2011-03-21 12:32:00,2011-07-26 10:20:00,142.448,126,0.03968253968253968,"£501–£1,000",Repeat,137,2,4,3,9,712.24
15856.0,16143.64,27,10866,2010-12-09 13:34:00,2011-12-05 17:09:00,597.9125925925925,361,0.07479224376731301,"Above £10,000",Repeat,4,5,5,5,15,16143.639999999998
15857.0,297.0,1,308,2011-11-21 12:18:00,2011-11-21 12:18:00,297.0,1,1.0,£0–£500,One-Time,19,4,2,2,8,297.0
15858.0,1427.57,5,1163,2010-12-07 14:31:00,2011-11-24 12:48:00,285.514,351,0.014245014245014245,"£1,001–£2,500",Repeat,16,4,4,4,12,1427.57
15860.0,965.16,8,437,2010-12-06 11:38:00,2011-10-30 11:25:00,120.645,327,0.024464831804281346,"£501–£1,000",Repeat,41,3,5,4,12,965.16
15861.0,3146.92,8,2528,2011-03-17 20:12:00,2011-11-27 15:59:00,393.365,254,0.031496062992125984,"£2,501–£5,000",Repeat,12,5,5,5,15,3146.92
15862.0,832.88,4,585,2010-12-01 11:21:00,2011-12-01 13:28:00,208.22,365,0.010958904109589041,"£501–£1,000",Repeat,8,5,4,3,12,832.88
15863.0,68.84,2,19,2011-05-31 11:36:00,2011-11-14 12:49:00,34.42,167,0.011976047904191617,£0–£500,Repeat,26,4,3,1,8,68.84
15864.0,1936.3200000000002,6,1192,2011-01-27 16:43:00,2011-11-17 13:32:00,322.72,293,0.020477815699658702,"£1,001–£2,500",Repeat,22,4,5,4,13,1936.3200000000002
15865.0,895.13,3,368,2011-05-10 11:44:00,2011-10-30 12:43:00,298.37666666666667,173,0.017341040462427744,"£501–£1,000",Repeat,41,3,4,3,10,895.1299999999999
15866.0,211.89,1,124,2011-08-30 14:09:00,2011-08-30 14:09:00,211.89,1,1.0,£0–£500,One-Time,101,2,2,1,5,211.89
15867.0,3810.14,15,2052,2010-12-05 14:17:00,2011-12-04 13:32:00,254.00933333333333,363,0.04132231404958678,"£2,501–£5,000",Repeat,5,5,5,5,15,3810.1400000000003
15869.0,149.64,2,175,2011-03-07 17:19:00,2011-03-07 17:23:00,74.82,1,2.0,£0–£500,Repeat,277,1,3,1,5,149.64
15870.0,351.44,1,333,2011-11-07 10:58:00,2011-11-07 10:58:00,351.44,1,1.0,£0–£500,One-Time,33,4,2,2,8,351.44
15872.0,316.25,2,187,2011-11-25 11:54:00,2011-11-25 11:55:00,158.125,1,2.0,£0–£500,Repeat,15,4,3,2,9,316.25
15874.0,4405.88,7,2534,2011-02-28 13:28:00,2011-10-07 12:31:00,629.4114285714286,220,0.031818181818181815,"£2,501–£5,000",Repeat,64,3,5,5,13,4405.879999999999
15877.0,490.33,2,368,2011-11-22 11:18:00,2011-12-08 11:53:00,245.165,16,0.125,£0–£500,Repeat,2,5,3,3,11,490.33
15880.0,329.03000000000003,1,202,2010-12-05 13:00:00,2010-12-05 13:00:00,329.03000000000003,1,1.0,£0–£500,One-Time,369,1,2,2,5,329.03000000000003
15881.0,501.39000000000004,5,260,2010-12-10 13:32:00,2011-01-31 16:59:00,100.278,52,0.09615384615384616,"£501–£1,000",Repeat,312,1,4,3,8,501.39000000000004
15882.0,516.36,4,276,2010-12-06 13:01:00,2011-05-25 11:35:00,129.09,169,0.023668639053254437,"£501–£1,000",Repeat,199,1,4,3,8,516.36
15883.0,396.48,2,223,2011-11-06 14:50:00,2011-12-07 17:05:00,198.24,31,0.06451612903225806,£0–£500,Repeat,2,5,3,2,10,396.47999999999996
15885.0,379.35,3,111,2011-02-03 15:28:00,2011-09-08 10:43:00,126.45,216,0.013888888888888888,£0–£500,Repeat,93,2,4,2,8,379.34999999999997
15886.0,181.09,1,147,2011-10-10 14:25:00,2011-10-10 14:25:00,181.09,1,1.0,£0–£500,One-Time,60,3,2,1,6,181.09
15888.0,168.31,1,76,2011-09-20 12:30:00,2011-09-20 12:30:00,168.31,1,1.0,£0–£500,One-Time,81,2,2,1,5,168.31
15889.0,420.07,2,206,2010-12-05 15:12:00,2011-07-06 11:10:00,210.035,212,0.009433962264150943,£0–£500,Repeat,157,2,3,2,7,420.07
15891.0,511.68,1,418,2011-04-27 12:35:00,2011-04-27 12:35:00,511.68,1,1.0,"£501–£1,000",One-Time,227,1,2,3,6,511.68
15894.0,258.25,2,164,2010-12-05 14:06:00,2011-03-31 13:50:00,129.125,115,0.017391304347826087,£0–£500,Repeat,253,1,3,2,6,258.25
15895.0,179.17,1,94,2011-07-13 10:27:00,2011-07-13 10:27:00,179.17,1,1.0,£0–£500,One-Time,150,2,2,1,5,179.17
15897.0,208.59,2,223,2011-05-29 13:32:00,2011-05-29 13:50:00,104.295,1,2.0,£0–£500,Repeat,194,1,3,1,5,208.59
15898.0,1383.83,5,567,2010-12-06 11:01:00,2011-12-08 15:23:00,276.76599999999996,367,0.013623978201634877,"£1,001–£2,500",Repeat,1,5,4,4,13,1383.8299999999997
15899.0,56.25,1,39,2010-12-06 10:36:00,2010-12-06 10:36:00,56.25,1,1.0,£0–£500,One-Time,369,1,2,1,4,56.25
15900.0,337.28,1,216,2011-11-16 12:19:00,2011-11-16 12:19:00,337.28,1,1.0,£0–£500,One-Time,24,4,2,2,8,337.28
15901.0,351.73,3,379,2011-07-08 12:18:00,2011-11-23 12:43:00,117.24333333333334,138,0.021739130434782608,£0–£500,Repeat,17,4,4,2,10,351.73
15903.0,5126.76,7,2410,2011-02-17 14:04:00,2011-11-30 08:08:00,732.3942857142857,285,0.02456140350877193,"£5,001–£10,000",Repeat,10,5,5,5,15,5126.76
15904.0,164.68,1,84,2011-12-01 14:50:00,2011-12-01 14:50:00,164.68,1,1.0,£0–£500,One-Time,8,5,2,1,8,164.68
15906.0,1567.69,7,544,2011-03-29 13:28:00,2011-11-20 12:24:00,223.9557142857143,235,0.029787234042553193,"£1,001–£2,500",Repeat,20,4,5,4,13,1567.69
15907.0,882.72,3,478,2011-05-13 13:01:00,2011-12-06 12:21:00,294.24,206,0.014563106796116505,"£501–£1,000",Repeat,4,5,4,3,12,882.7200000000001
15909.0,191.94,1,98,2011-06-19 10:38:00,2011-06-19 10:38:00,191.94,1,1.0,£0–£500,One-Time,174,2,2,1,5,191.94
15910.0,1228.88,8,1013,2011-01-27 11:55:00,2011-12-09 10:51:00,153.61,315,0.025396825396825397,"£1,001–£2,500",Repeat,1,5,5,4,14,1228.88
15912.0,264.62,2,185,2011-04-20 17:10:00,2011-06-14 14:29:00,132.31,54,0.037037037037037035,£0–£500,Repeat,178,2,3,2,7,264.62
15916.0,1502.8600000000001,8,752,2010-12-08 13:07:00,2011-11-23 13:46:00,187.85750000000002,350,0.022857142857142857,"£1,001–£2,500",Repeat,16,4,5,4,13,1502.8600000000001
15917.0,123.1,1,42,2011-04-06 10:40:00,2011-04-06 10:40:00,123.1,1,1.0,£0–£500,One-Time,248,1,2,1,4,123.1
15918.0,334.23,2,153,2011-03-13 15:55:00,2011-06-02 11:42:00,167.115,80,0.025,£0–£500,Repeat,191,1,3,2,6,334.23
15919.0,525.69,2,385,2010-12-06 11:26:00,2011-11-20 11:28:00,262.845,349,0.0057306590257879654,"£501–£1,000",Repeat,20,4,3,3,10,525.69
15920.0,167.5,4,99,2011-07-08 15:16:00,2011-07-08 15:31:00,41.875,1,4.0,£0–£500,Repeat,154,2,4,1,7,167.5
15921.0,323.03000000000003,1,162,2011-06-20 11:03:00,2011-06-20 11:03:00,323.03000000000003,1,1.0,£0–£500,One-Time,173,2,2,2,6,323.03000000000003
15922.0,369.5,1,138,2010-12-01 13:51:00,2010-12-01 13:51:00,369.5,1,1.0,£0–£500,One-Time,373,1,2,2,5,369.5
15923.0,127.08,1,122,2010-12-02 12:16:00,2010-12-02 12:16:00,127.08,1,1.0,£0–£500,One-Time,373,1,2,1,4,127.08
15925.0,207.15,1,93,2011-05-29 15:35:00,2011-05-29 15:35:00,207.15,1,1.0,£0–£500,One-Time,194,1,2,1,4,207.15
15930.0,426.63,1,139,2011-10-03 14:52:00,2011-10-03 14:52:00,426.63,1,1.0,£0–£500,One-Time,67,3,2,2,7,426.63
15932.0,2495.87,8,2325,2011-02-23 14:50:00,2011-12-05 17:13:00,311.98375,285,0.028070175438596492,"£1,001–£2,500",Repeat,4,5,5,5,15,2495.87
15933.0,1107.46,3,885,2011-09-14 12:05:00,2011-11-18 13:14:00,369.15333333333336,65,0.046153846153846156,"£1,001–£2,500",Repeat,21,4,4,4,12,1107.4600000000003
15935.0,416.86,2,115,2011-04-12 09:35:00,2011-04-14 13:27:00,208.43,2,1.0,£0–£500,Repeat,239,1,3,2,6,416.86
15937.0,145.35,1,73,2011-10-06 15:48:00,2011-10-06 15:48:00,145.35,1,1.0,£0–£500,One-Time,64,3,2,1,6,145.35
15938.0,404.58,5,240,2011-01-20 10:11:00,2011-08-19 12:56:00,80.916,211,0.023696682464454975,£0–£500,Repeat,112,2,4,2,8,404.5799999999999
15939.0,6115.01,15,4728,2011-01-12 12:43:00,2011-09-11 11:30:00,407.6673333333334,241,0.06224066390041494,"£5,001–£10,000",Repeat,90,2,5,5,12,6115.010000000001
15940.0,35.8,1,4,2011-02-01 16:18:00,2011-02-01 16:18:00,35.8,1,1.0,£0–£500,One-Time,311,1,2,1,4,35.8
15942.0,337.44,1,232,2011-07-29 09:01:00,2011-07-29 09:01:00,337.44,1,1.0,£0–£500,One-Time,134,2,2,2,6,337.44
15944.0,325.1,1,50,2011-03-08 10:33:00,2011-03-08 10:33:00,325.1,1,1.0,£0–£500,One-Time,277,1,2,2,5,325.1
15945.0,181.0,1,52,2010-12-09 13:14:00,2010-12-09 13:14:00,181.0,1,1.0,£0–£500,One-Time,365,1,2,1,4,181.0
15947.0,1708.24,1,898,2011-09-18 10:46:00,2011-09-18 10:46:00,1708.24,1,1.0,"£1,001–£2,500",One-Time,83,2,2,4,8,1708.24
15948.0,955.24,2,567,2011-10-27 08:35:00,2011-12-01 15:32:00,477.62,35,0.05714285714285714,"£501–£1,000",Repeat,8,5,3,4,12,955.24
15949.0,364.72,2,284,2011-09-29 17:34:00,2011-11-23 09:09:00,182.36,54,0.037037037037037035,£0–£500,Repeat,17,4,3,2,9,364.72
15950.0,1744.71,4,719,2010-12-15 11:56:00,2011-11-08 11:09:00,436.1775,327,0.012232415902140673,"£1,001–£2,500",Repeat,32,4,4,4,12,1744.71
15951.0,708.22,2,313,2011-02-27 11:57:00,2011-12-01 08:34:00,354.11,276,0.007246376811594203,"£501–£1,000",Repeat,9,5,3,3,11,708.22
15952.0,781.91,4,391,2011-04-28 12:55:00,2011-11-06 11:18:00,195.4775,191,0.020942408376963352,"£501–£1,000",Repeat,34,3,4,3,10,781.91
15953.0,1657.28,8,891,2010-12-05 15:15:00,2011-11-24 15:32:00,207.16,354,0.022598870056497175,"£1,001–£2,500",Repeat,15,4,5,4,13,1657.28
15955.0,4416.26,14,2135,2010-12-02 11:22:00,2011-11-15 14:15:00,315.44714285714286,348,0.040229885057471264,"£2,501–£5,000",Repeat,24,4,5,5,14,4416.26
15957.0,428.89,1,211,2011-11-08 12:14:00,2011-11-08 12:14:00,428.89,1,1.0,£0–£500,One-Time,32,4,2,2,8,428.89
15958.0,104.35,1,33,2011-09-26 13:41:00,2011-09-26 13:41:00,104.35,1,1.0,£0–£500,One-Time,74,2,2,1,5,104.35
15963.0,470.76,2,298,2011-10-25 13:05:00,2011-11-20 11:33:00,235.38,25,0.08,£0–£500,Repeat,20,4,3,2,9,470.76000000000005
15965.0,808.87,4,434,2010-12-07 13:18:00,2011-11-22 16:44:00,202.2175,350,0.011428571428571429,"£501–£1,000",Repeat,17,4,4,3,11,808.87
15967.0,397.68,2,205,2011-01-25 11:57:00,2011-11-16 15:41:00,198.84,295,0.006779661016949152,£0–£500,Repeat,23,4,3,2,9,397.68
15969.0,666.1,3,124,2011-06-07 12:19:00,2011-12-07 11:06:00,222.03333333333333,182,0.016483516483516484,"£501–£1,000",Repeat,3,5,4,3,12,666.1
15970.0,314.1,1,116,2011-02-09 12:08:00,2011-02-09 12:08:00,314.1,1,1.0,£0–£500,One-Time,304,1,2,2,5,314.1
15971.0,4199.85,12,1717,2011-02-01 16:47:00,2011-11-22 12:50:00,349.9875,293,0.040955631399317405,"£2,501–£5,000",Repeat,18,4,5,5,14,4199.85
15973.0,307.82000000000005,1,106,2010-12-08 11:42:00,2010-12-08 11:42:00,307.82000000000005,1,1.0,£0–£500,One-Time,367,1,2,2,5,307.82000000000005
15974.0,3442.15,7,2262,2011-02-24 10:10:00,2011-10-31 13:13:00,491.7357142857143,249,0.028112449799196786,"£2,501–£5,000",Repeat,39,3,5,5,13,3442.15
15975.0,371.01,1,243,2011-09-16 13:33:00,2011-09-16 13:33:00,371.01,1,1.0,£0–£500,One-Time,84,2,2,2,6,371.01
15976.0,427.64,2,275,2011-05-03 17:12:00,2011-06-27 13:00:00,213.82,54,0.037037037037037035,£0–£500,Repeat,165,2,3,2,7,427.64
15977.0,1054.73,2,1016,2011-10-31 16:24:00,2011-11-22 13:29:00,527.365,21,0.09523809523809523,"£1,001–£2,500",Repeat,17,4,3,4,11,1054.7299999999998
15978.0,1098.78,1,888,2011-09-23 15:21:00,2011-09-23 15:21:00,1098.78,1,1.0,"£1,001–£2,500",One-Time,77,2,2,4,8,1098.78
15980.0,2398.86,3,1560,2011-03-30 15:05:00,2011-09-12 09:41:00,799.62,165,0.01818181818181818,"£1,001–£2,500",Repeat,89,2,4,5,11,2398.86
15981.0,3408.48,8,1866,2011-02-01 13:50:00,2011-11-15 08:00:00,426.06,286,0.027972027972027972,"£2,501–£5,000",Repeat,25,4,5,5,14,3408.48
15983.0,1465.12,4,886,2010-12-01 12:15:00,2011-11-17 17:34:00,366.28,351,0.011396011396011397,"£1,001–£2,500",Repeat,22,4,4,4,12,1465.1200000000001
15984.0,2780.63,10,1815,2010-12-06 13:21:00,2011-12-07 12:16:00,278.063,365,0.0273972602739726,"£2,501–£5,000",Repeat,3,5,5,5,15,2780.6299999999997
15985.0,1142.42,2,1086,2011-04-17 11:04:00,2011-08-08 16:31:00,571.21,113,0.017699115044247787,"£1,001–£2,500",Repeat,123,2,3,4,9,1142.42
15986.0,168.12,1,268,2011-11-09 15:17:00,2011-11-09 15:17:00,168.12,1,1.0,£0–£500,One-Time,30,4,2,1,7,168.12
15987.0,1432.77,7,1533,2010-12-06 08:34:00,2011-11-27 15:38:00,204.68142857142857,356,0.019662921348314606,"£1,001–£2,500",Repeat,12,5,5,4,14,1432.77
15988.0,156.78,1,180,2011-11-20 13:23:00,2011-11-20 13:23:00,156.78,1,1.0,£0–£500,One-Time,19,4,2,1,7,156.78
15990.0,792.11,2,443,2011-02-25 15:35:00,2011-10-26 15:58:00,396.055,243,0.00823045267489712,"£501–£1,000",Repeat,44,3,3,3,9,792.11
15992.0,41.989999999999995,1,17,2011-12-06 11:00:00,2011-12-06 11:00:00,41.989999999999995,1,1.0,£0–£500,One-Time,4,5,2,1,8,41.989999999999995
15993.0,2777.67,7,2037,2011-10-26 16:21:00,2011-12-01 10:45:00,396.81,35,0.2,"£2,501–£5,000",Repeat,9,5,5,5,15,2777.6700000000005
15994.0,414.27,1,173,2011-10-16 12:28:00,2011-10-16 12:28:00,414.27,1,1.0,£0–£500,One-Time,55,3,2,2,7,414.27
15996.0,1032.58,6,380,2010-12-08 15:59:00,2011-09-12 15:14:00,172.09666666666666,277,0.021660649819494584,"£1,001–£2,500",Repeat,88,2,5,4,11,1032.58
15998.0,3080.22,5,2032,2010-12-12 13:32:00,2011-11-03 12:45:00,616.044,325,0.015384615384615385,"£2,501–£5,000",Repeat,37,3,4,5,12,3080.2200000000003
16000.0,12393.7,3,5110,2011-12-07 12:14:00,2011-12-07 12:17:00,4131.233333333334,1,3.0,"Above £10,000",Repeat,3,5,4,5,14,12393.7
16003.0,2735.37,5,1185,2010-12-15 12:09:00,2011-11-10 09:57:00,547.074,329,0.015197568389057751,"£2,501–£5,000",Repeat,30,4,4,5,13,2735.37
16005.0,578.71,4,280,2011-03-14 11:46:00,2011-11-27 13:47:00,144.6775,258,0.015503875968992248,"£501–£1,000",Repeat,12,5,4,3,12,578.71
16006.0,101.4,1,84,2011-05-12 13:12:00,2011-05-12 13:12:00,101.4,1,1.0,£0–£500,One-Time,211,1,2,1,4,101.4
16007.0,1693.81,4,1388,2011-05-08 13:32:00,2011-10-23 11:05:00,423.4525,167,0.023952095808383235,"£1,001–£2,500",Repeat,48,3,4,4,11,1693.8100000000002
16008.0,478.78,3,323,2011-05-19 10:54:00,2011-11-16 10:32:00,159.59333333333333,180,0.016666666666666666,£0–£500,Repeat,24,4,4,2,10,478.78
16009.0,972.11,4,366,2011-07-03 11:26:00,2011-11-17 16:51:00,243.0275,137,0.029197080291970802,"£501–£1,000",Repeat,22,4,4,4,12,972.1099999999999
16010.0,392.4,3,202,2010-12-12 12:18:00,2011-04-08 10:14:00,130.79999999999998,116,0.02586206896551724,£0–£500,Repeat,246,1,4,2,7,392.3999999999999
16011.0,3352.96,16,2035,2010-12-08 16:34:00,2011-12-01 16:31:00,209.56,357,0.04481792717086835,"£2,501–£5,000",Repeat,8,5,5,5,15,3352.96
16012.0,1415.29,3,799,2011-07-07 18:02:00,2011-11-04 13:25:00,471.7633333333333,119,0.025210084033613446,"£1,001–£2,500",Repeat,35,3,4,4,11,1415.29
16013.0,37130.6,47,15536,2010-12-03 13:09:00,2011-12-06 10:36:00,790.0127659574467,367,0.12806539509536785,"Above £10,000",Repeat,4,5,5,5,15,37130.6
16014.0,646.83,3,258,2011-02-21 17:42:00,2011-11-02 12:04:00,215.61,253,0.011857707509881422,"£501–£1,000",Repeat,38,3,4,3,10,646.83
16015.0,704.55,3,907,2011-10-21 12:56:00,2011-12-06 10:58:00,234.85,45,0.06666666666666667,"£501–£1,000",Repeat,4,5,4,3,12,704.55
16016.0,1465.51,8,602,2010-12-08 12:36:00,2011-12-06 14:35:00,183.18875,363,0.02203856749311295,"£1,001–£2,500",Repeat,3,5,5,4,14,1465.5100000000002
16017.0,211.88,1,102,2011-10-23 12:56:00,2011-10-23 12:56:00,211.88,1,1.0,£0–£500,One-Time,47,3,2,1,6,211.88
16018.0,408.90000000000003,2,190,2011-06-12 13:52:00,2011-10-31 14:13:00,204.45000000000002,141,0.014184397163120567,£0–£500,Repeat,39,3,3,2,8,408.90000000000003
16019.0,3786.2400000000002,9,1733,2010-12-10 12:29:00,2011-10-24 11:51:00,420.6933333333334,317,0.028391167192429023,"£2,501–£5,000",Repeat,47,3,5,5,13,3786.2400000000007
16020.0,851.01,3,487,2011-10-05 13:54:00,2011-11-23 11:18:00,283.67,48,0.0625,"£501–£1,000",Repeat,17,4,4,3,11,851.01
16022.0,602.63,1,255,2011-03-24 13:16:00,2011-03-24 13:16:00,602.63,1,1.0,"£501–£1,000",One-Time,260,1,2,3,6,602.63
16023.0,719.81,3,358,2011-03-18 13:32:00,2011-10-24 16:34:00,239.93666666666664,220,0.013636363636363636,"£501–£1,000",Repeat,46,3,4,3,10,719.8099999999998
16024.0,251.03,1,397,2011-11-27 13:26:00,2011-11-27 13:26:00,251.03,1,1.0,£0–£500,One-Time,12,5,2,2,9,251.03
16025.0,439.65999999999997,1,338,2011-11-10 11:45:00,2011-11-10 11:45:00,439.65999999999997,1,1.0,£0–£500,One-Time,30,4,2,2,8,439.65999999999997
16026.0,236.09,1,243,2011-10-27 13:53:00,2011-10-27 13:53:00,236.09,1,1.0,£0–£500,One-Time,43,3,2,1,6,236.09
16027.0,934.62,6,1147,2011-02-10 12:19:00,2011-09-09 10:47:00,155.77,210,0.02857142857142857,"£501–£1,000",Repeat,92,2,5,4,11,934.6200000000001
16029.0,80850.84,63,40108,2010-12-01 09:57:00,2011-11-01 10:27:00,1283.3466666666666,335,0.1880597014925373,"Above £10,000",Repeat,39,3,5,5,13,80850.84
16030.0,331.24,1,283,2011-02-03 11:28:00,2011-02-03 11:28:00,331.24,1,1.0,£0–£500,One-Time,310,1,2,2,5,331.24
16031.0,547.9,2,421,2011-04-06 14:23:00,2011-09-08 13:07:00,273.95,154,0.012987012987012988,"£501–£1,000",Repeat,92,2,3,3,8,547.9
16033.0,8778.82,20,3529,2010-12-05 10:36:00,2011-12-04 12:44:00,438.941,364,0.054945054945054944,"£5,001–£10,000",Repeat,6,5,5,5,15,8778.82
16034.0,437.7,3,242,2011-01-11 11:54:00,2011-05-27 16:17:00,145.9,136,0.022058823529411766,£0–£500,Repeat,196,1,4,2,7,437.70000000000005
16036.0,758.92,2,716,2011-03-21 13:01:00,2011-09-13 14:53:00,379.46,176,0.011363636363636364,"£501–£1,000",Repeat,87,2,3,3,8,758.92
16037.0,855.02,3,428,2010-12-16 10:18:00,2011-03-15 09:13:00,285.00666666666666,88,0.03409090909090909,"£501–£1,000",Repeat,270,1,4,3,8,855.0199999999999
16038.0,471.78000000000003,3,244,2011-05-22 11:29:00,2011-12-02 12:40:00,157.26000000000002,194,0.015463917525773196,£0–£500,Repeat,8,5,4,2,11,471.7800000000001
16040.0,1313.55,3,684,2011-03-16 09:58:00,2011-10-05 13:47:00,437.84999999999997,203,0.014778325123152709,"£1,001–£2,500",Repeat,65,3,4,4,11,1313.55
16041.0,3166.4,3,1584,2011-07-21 16:27:00,2011-11-09 12:25:00,1055.4666666666667,110,0.02727272727272727,"£2,501–£5,000",Repeat,31,4,4,5,13,3166.4
16042.0,1177.47,5,743,2011-01-11 13:25:00,2011-11-17 17:50:00,235.494,310,0.016129032258064516,"£1,001–£2,500",Repeat,22,4,4,4,12,1177.47
16043.0,773.99,4,503,2011-01-26 11:14:00,2011-11-02 12:50:00,193.4975,280,0.014285714285714285,"£501–£1,000",Repeat,38,3,4,3,10,773.99
16045.0,1340.7,4,897,2011-02-22 14:55:00,2011-08-12 12:41:00,335.175,170,0.023529411764705882,"£1,001–£2,500",Repeat,120,2,4,4,10,1340.7
16048.0,256.44,2,144,2010-12-01 15:27:00,2010-12-01 15:28:00,128.22,1,2.0,£0–£500,Repeat,373,1,3,2,6,256.44
16049.0,1074.81,3,763,2011-09-25 14:33:00,2011-10-30 13:19:00,358.27,34,0.08823529411764706,"£1,001–£2,500",Repeat,40,3,4,4,11,1074.81
16050.0,137.9,1,278,2011-06-19 11:44:00,2011-06-19 11:44:00,137.9,1,1.0,£0–£500,One-Time,174,2,2,1,5,137.9
16052.0,362.06,1,282,2011-10-16 15:13:00,2011-10-16 15:13:00,362.06,1,1.0,£0–£500,One-Time,54,3,2,2,7,362.06
16053.0,1511.95,2,1793,2011-08-09 14:57:00,2011-11-07 11:21:00,755.975,89,0.02247191011235955,"£1,001–£2,500",Repeat,33,4,3,4,11,1511.95
16054.0,783.9,1,380,2011-07-17 13:08:00,2011-07-17 13:08:00,783.9,1,1.0,"£501–£1,000",One-Time,145,2,2,3,7,783.9
16055.0,134.8,1,22,2011-05-03 09:26:00,2011-05-03 09:26:00,134.8,1,1.0,£0–£500,One-Time,221,1,2,1,4,134.8
16056.0,650.75,1,345,2011-10-25 15:19:00,2011-10-25 15:19:00,650.75,1,1.0,"£501–£1,000",One-Time,45,3,2,3,8,650.75
16057.0,2263.12,7,863,2011-02-28 10:35:00,2011-11-23 15:23:00,323.30285714285714,268,0.026119402985074626,"£1,001–£2,500",Repeat,16,4,5,5,14,2263.12
16059.0,1453.16,6,641,2010-12-07 10:36:00,2011-10-05 09:56:00,242.19333333333336,301,0.019933554817275746,"£1,001–£2,500",Repeat,66,3,5,4,12,1453.16
16062.0,1153.62,4,800,2010-12-10 12:00:00,2011-11-30 12:15:00,288.405,355,0.011267605633802818,"£1,001–£2,500",Repeat,10,5,4,4,13,1153.62
16063.0,335.32,1,262,2011-03-24 14:55:00,2011-03-24 14:56:00,335.32,1,1.0,£0–£500,One-Time,260,1,2,2,5,335.32
16065.0,367.14,1,228,2010-12-09 13:03:00,2010-12-09 13:03:00,367.14,1,1.0,£0–£500,One-Time,365,1,2,2,5,367.14
16066.0,1521.04,5,935,2011-08-07 14:33:00,2011-11-23 11:54:00,304.20799999999997,107,0.04672897196261682,"£1,001–£2,500",Repeat,17,4,4,4,12,1521.0399999999997
16070.0,852.15,2,457,2011-11-07 16:36:00,2011-11-17 15:50:00,426.075,9,0.2222222222222222,"£501–£1,000",Repeat,22,4,3,3,10,852.1499999999999
16071.0,326.24,1,180,2011-10-26 11:14:00,2011-10-26 11:14:00,326.24,1,1.0,£0–£500,One-Time,45,3,2,2,7,326.24
16072.0,584.3199999999999,1,140,2011-02-24 14:32:00,2011-02-24 14:32:00,584.3199999999999,1,1.0,"£501–£1,000",One-Time,288,1,2,3,6,584.3199999999999
16073.0,122.39999999999999,1,48,2011-02-15 15:41:00,2011-02-15 15:41:00,122.39999999999999,1,1.0,£0–£500,One-Time,297,1,2,1,4,122.39999999999999
16076.0,2234.73,10,1435,2011-05-15 12:31:00,2011-12-06 14:59:00,223.473,205,0.04878048780487805,"£1,001–£2,500",Repeat,3,5,5,5,15,2234.7300000000005
16078.0,79.2,1,16,2011-03-01 09:47:00,2011-03-01 09:47:00,79.2,1,1.0,£0–£500,One-Time,284,1,2,1,4,79.2
16079.0,1352.0,3,864,2011-10-30 13:06:00,2011-11-23 12:48:00,450.6666666666667,23,0.13043478260869565,"£1,001–£2,500",Repeat,17,4,4,4,12,1352.0
16080.0,217.16,2,128,2011-03-10 14:44:00,2011-09-19 10:42:00,108.58,192,0.010416666666666666,£0–£500,Repeat,82,2,3,1,6,217.15999999999997
16081.0,2799.42,5,1473,2010-12-08 11:16:00,2011-10-14 13:06:00,559.884,310,0.016129032258064516,"£2,501–£5,000",Repeat,56,3,4,5,12,2799.42
16083.0,1317.62,2,908,2010-12-14 11:51:00,2011-08-31 10:47:00,658.81,259,0.007722007722007722,"£1,001–£2,500",Repeat,101,2,3,4,9,1317.62
16084.0,436.18,1,216,2011-02-13 16:05:00,2011-02-13 16:05:00,436.18,1,1.0,£0–£500,One-Time,299,1,2,2,5,436.18
16085.0,981.51,5,636,2011-01-23 12:07:00,2011-11-16 13:24:00,196.302,297,0.016835016835016835,"£501–£1,000",Repeat,23,4,4,4,12,981.51
16086.0,1121.39,5,511,2010-12-07 13:45:00,2011-10-11 13:09:00,224.27800000000002,307,0.016286644951140065,"£1,001–£2,500",Repeat,59,3,4,4,11,1121.39
16091.0,315.06,2,154,2011-05-25 09:18:00,2011-07-08 08:45:00,157.53,43,0.046511627906976744,£0–£500,Repeat,155,2,3,2,7,315.06
16092.0,817.86,3,628,2011-03-30 15:38:00,2011-08-17 10:46:00,272.62,139,0.02158273381294964,"£501–£1,000",Repeat,115,2,4,3,9,817.86
16093.0,17.0,1,20,2011-08-25 11:09:00,2011-08-25 11:09:00,17.0,1,1.0,£0–£500,One-Time,107,2,2,1,5,17.0
16094.0,1078.23,4,647,2011-05-04 13:57:00,2011-11-28 12:45:00,269.5575,207,0.01932367149758454,"£1,001–£2,500",Repeat,12,5,4,4,13,1078.23
16096.0,320.62,1,155,2011-03-20 13:38:00,2011-03-20 13:38:00,320.62,1,1.0,£0–£500,One-Time,264,1,2,2,5,320.62
16097.0,185.04999999999998,1,87,2011-04-13 13:47:00,2011-04-13 13:47:00,185.04999999999998,1,1.0,£0–£500,One-Time,240,1,2,1,4,185.04999999999998
16098.0,2005.63,7,613,2010-12-01 09:45:00,2011-09-13 09:59:00,286.5185714285714,286,0.024475524475524476,"£1,001–£2,500",Repeat,88,2,5,4,11,2005.6299999999999
16099.0,731.9,3,434,2011-04-28 08:34:00,2011-10-20 13:13:00,243.96666666666667,175,0.017142857142857144,"£501–£1,000",Repeat,50,3,4,3,10,731.9
16101.0,1290.7,1,757,2011-09-30 10:18:00,2011-09-30 10:18:00,1290.7,1,1.0,"£1,001–£2,500",One-Time,71,3,2,4,9,1290.7
16102.0,1842.14,3,942,2011-08-03 12:50:00,2011-10-28 13:19:00,614.0466666666667,86,0.03488372093023256,"£1,001–£2,500",Repeat,42,3,4,4,11,1842.1400000000003
16103.0,1429.64,6,558,2011-04-20 12:28:00,2011-12-02 14:16:00,238.27333333333334,226,0.02654867256637168,"£1,001–£2,500",Repeat,7,5,5,4,14,1429.64
16104.0,298.21,1,122,2011-10-09 10:23:00,2011-10-09 10:23:00,298.21,1,1.0,£0–£500,One-Time,62,3,2,2,7,298.21
16105.0,336.96,1,330,2011-04-05 10:13:00,2011-04-05 10:13:00,336.96,1,1.0,£0–£500,One-Time,249,1,2,2,5,336.96
16106.0,108.38,1,74,2011-10-05 10:37:00,2011-10-05 10:37:00,108.38,1,1.0,£0–£500,One-Time,66,3,2,1,6,108.38
16107.0,3204.1600000000003,7,1176,2011-06-09 18:42:00,2011-11-22 09:40:00,457.7371428571429,165,0.04242424242424243,"£2,501–£5,000",Repeat,18,4,5,5,14,3204.1600000000008
16108.0,842.5,1,615,2011-09-16 11:48:00,2011-09-16 11:48:00,842.5,1,1.0,"£501–£1,000",One-Time,85,2,2,3,7,842.5
16109.0,611.88,2,612,2011-02-04 12:37:00,2011-05-05 09:17:00,305.94,89,0.02247191011235955,"£501–£1,000",Repeat,219,1,3,3,7,611.88
16110.0,1320.95,3,720,2011-02-01 14:01:00,2011-10-25 14:35:00,440.31666666666666,266,0.011278195488721804,"£1,001–£2,500",Repeat,45,3,4,4,11,1320.9499999999998
16112.0,195.73999999999998,4,574,2011-01-05 11:47:00,2011-07-19 14:28:00,48.934999999999995,195,0.020512820512820513,£0–£500,Repeat,143,2,4,1,7,195.73999999999998
16113.0,161.38,1,176,2011-06-09 16:16:00,2011-06-09 16:16:00,161.38,1,1.0,£0–£500,One-Time,183,1,2,1,4,161.38
16114.0,135.75000000000003,1,43,2011-06-22 10:13:00,2011-06-22 10:13:00,135.75000000000003,1,1.0,£0–£500,One-Time,171,2,2,1,5,135.75000000000003
16115.0,1660.8799999999999,8,994,2011-02-20 12:14:00,2011-11-30 11:32:00,207.60999999999999,282,0.028368794326241134,"£1,001–£2,500",Repeat,10,5,5,4,14,1660.8799999999997
16116.0,612.78,1,248,2011-05-12 12:01:00,2011-05-12 12:01:00,612.78,1,1.0,"£501–£1,000",One-Time,212,1,2,3,6,612.78
16117.0,232.21,1,130,2011-06-03 11:42:00,2011-06-03 11:42:00,232.21,1,1.0,£0–£500,One-Time,190,1,2,1,4,232.21
16119.0,423.36,2,240,2011-09-28 10:15:00,2011-12-01 15:11:00,211.68,64,0.03125,£0–£500,Repeat,8,5,3,2,10,423.36
16120.0,1309.14,4,878,2011-10-11 14:10:00,2011-10-11 14:22:00,327.285,1,4.0,"£1,001–£2,500",Repeat,59,3,4,4,11,1309.14
16121.0,854.66,2,576,2011-05-08 11:52:00,2011-10-13 12:59:00,427.33,158,0.012658227848101266,"£501–£1,000",Repeat,57,3,3,3,9,854.6599999999999
16122.0,684.4200000000001,4,1128,2010-12-08 11:41:00,2011-09-27 15:34:00,171.10500000000002,293,0.013651877133105802,"£501–£1,000",Repeat,73,2,4,3,9,684.4200000000001
16123.0,307.78,1,170,2011-10-19 09:18:00,2011-10-19 09:18:00,307.78,1,1.0,£0–£500,One-Time,52,3,2,2,7,307.78
16124.0,249.0,1,48,2011-01-26 14:45:00,2011-01-26 14:45:00,249.0,1,1.0,£0–£500,One-Time,317,1,2,1,4,249.0
16125.0,289.35,1,124,2010-12-07 15:48:00,2010-12-07 15:48:00,289.35,1,1.0,£0–£500,One-Time,367,1,2,2,5,289.35
16126.0,6287.77,4,2125,2011-02-16 11:18:00,2011-11-10 16:03:00,1571.9425,267,0.0149812734082397,"£5,001–£10,000",Repeat,29,4,4,5,13,6287.77
16127.0,656.25,1,323,2011-10-31 13:58:00,2011-10-31 13:58:00,656.25,1,1.0,"£501–£1,000",One-Time,39,3,2,3,8,656.25
16128.0,1880.22,5,988,2011-03-02 12:21:00,2011-11-22 11:14:00,376.044,264,0.01893939393939394,"£1,001–£2,500",Repeat,18,4,4,4,12,1880.22
16131.0,3506.54,6,1802,2011-04-14 08:32:00,2011-10-19 11:53:00,584.4233333333333,188,0.031914893617021274,"£2,501–£5,000",Repeat,52,3,5,5,13,3506.539999999999
16133.0,14589.04,33,8887,2011-01-25 15:55:00,2011-12-06 11:24:00,442.09212121212124,314,0.10509554140127389,"Above £10,000",Repeat,4,5,5,5,15,14589.04
16134.0,618.09,2,371,2010-12-15 14:00:00,2011-11-18 10:05:00,309.045,337,0.005934718100890208,"£501–£1,000",Repeat,22,4,3,3,10,618.09
16135.0,517.55,1,209,2011-03-22 12:30:00,2011-03-22 12:30:00,517.55,1,1.0,"£501–£1,000",One-Time,263,1,2,3,6,517.55
16136.0,709.38,3,440,2011-03-07 09:52:00,2011-10-11 09:10:00,236.46,217,0.013824884792626729,"£501–£1,000",Repeat,60,3,4,3,10,709.3800000000001
16139.0,635.41,3,330,2011-05-17 10:23:00,2011-11-21 08:37:00,211.8033333333333,187,0.016042780748663103,"£501–£1,000",Repeat,19,4,4,3,11,635.41
16140.0,725.18,2,730,2010-12-03 14:40:00,2011-10-05 12:15:00,362.59,305,0.006557377049180328,"£501–£1,000",Repeat,66,3,3,3,9,725.18
16141.0,620.4,1,238,2011-09-12 13:11:00,2011-09-12 13:11:00,620.4,1,1.0,"£501–£1,000",One-Time,88,2,2,3,7,620.4
16142.0,535.34,1,422,2011-04-04 10:16:00,2011-04-04 10:16:00,535.34,1,1.0,"£501–£1,000",One-Time,250,1,2,3,6,535.34
16143.0,2424.94,6,919,2010-12-05 15:18:00,2011-12-06 14:13:00,404.1566666666667,365,0.01643835616438356,"£1,001–£2,500",Repeat,3,5,5,5,15,2424.94
16144.0,175.2,1,16,2011-04-07 10:09:00,2011-04-07 10:09:00,175.2,1,1.0,£0–£500,One-Time,247,1,2,1,4,175.2
16145.0,3799.4900000000002,11,3123,2010-12-15 09:09:00,2011-12-01 10:33:00,345.40818181818184,351,0.03133903133903134,"£2,501–£5,000",Repeat,9,5,5,5,15,3799.4900000000007
16146.0,734.13,3,427,2011-04-21 15:25:00,2011-07-05 14:20:00,244.71,74,0.04054054054054054,"£501–£1,000",Repeat,157,2,4,3,9,734.1300000000001
16147.0,375.0,1,246,2011-07-29 09:57:00,2011-07-29 09:57:00,375.0,1,1.0,£0–£500,One-Time,134,2,2,2,6,375.0
16148.0,76.32000000000001,1,72,2011-02-16 14:01:00,2011-02-16 14:01:00,76.32000000000001,1,1.0,£0–£500,One-Time,296,1,2,1,4,76.32000000000001
16149.0,280.52,2,308,2011-07-20 14:54:00,2011-12-05 11:29:00,140.26,137,0.014598540145985401,£0–£500,Repeat,5,5,3,2,10,280.52
16150.0,2053.02,5,1047,2010-12-02 18:27:00,2011-10-28 12:39:00,410.604,329,0.015197568389057751,"£1,001–£2,500",Repeat,43,3,4,4,11,2053.02
16152.0,1829.04,1,642,2011-03-16 09:47:00,2011-03-16 09:47:00,1829.04,1,1.0,"£1,001–£2,500",One-Time,269,1,2,4,7,1829.04
16153.0,1824.23,5,1073,2010-12-20 09:22:00,2011-10-21 10:50:00,364.846,305,0.01639344262295082,"£1,001–£2,500",Repeat,50,3,4,4,11,1824.2300000000002
16156.0,3092.04,9,1273,2011-02-02 12:02:00,2011-12-01 12:42:00,343.56,302,0.029801324503311258,"£2,501–£5,000",Repeat,9,5,5,5,15,3092.04
16157.0,656.69,3,347,2011-09-28 11:48:00,2011-11-24 11:41:00,218.89666666666668,56,0.05357142857142857,"£501–£1,000",Repeat,16,4,4,3,11,656.6899999999999
16159.0,348.2,1,236,2011-03-03 12:27:00,2011-03-03 12:27:00,348.2,1,1.0,£0–£500,One-Time,282,1,2,2,5,348.2
16160.0,1025.44,2,1162,2011-09-15 10:53:00,2011-10-05 14:19:00,512.72,20,0.1,"£1,001–£2,500",Repeat,65,3,3,4,10,1025.44
16161.0,5533.67,19,2583,2010-12-06 10:03:00,2011-12-08 12:10:00,291.2457894736842,367,0.051771117166212535,"£5,001–£10,000",Repeat,2,5,5,5,15,5533.67
16162.0,37.4,1,4,2011-04-01 15:03:00,2011-04-01 15:03:00,37.4,1,1.0,£0–£500,One-Time,252,1,2,1,4,37.4
16163.0,856.6,2,192,2010-12-09 16:28:00,2011-04-21 15:15:00,428.3,132,0.015151515151515152,"£501–£1,000",Repeat,232,1,3,3,7,856.6000000000001
16164.0,822.48,3,433,2011-10-28 09:12:00,2011-11-22 15:04:00,274.16,25,0.12,"£501–£1,000",Repeat,17,4,4,3,11,822.48
16168.0,3787.6,27,1892,2010-12-05 11:38:00,2011-11-29 12:45:00,140.28148148148148,359,0.07520891364902507,"£2,501–£5,000",Repeat,11,5,5,5,15,3787.6
16169.0,1822.97,4,1325,2011-09-25 11:33:00,2011-12-01 15:28:00,455.7425,67,0.05970149253731343,"£1,001–£2,500",Repeat,8,5,4,4,13,1822.9699999999998
16170.0,1885.05,6,1770,2011-04-05 13:42:00,2011-10-20 08:21:00,314.175,197,0.030456852791878174,"£1,001–£2,500",Repeat,51,3,5,4,12,1885.05
16171.0,73.2,1,24,2011-10-11 14:51:00,2011-10-11 14:51:00,73.2,1,1.0,£0–£500,One-Time,59,3,2,1,6,73.2
16172.0,1140.21,5,787,2011-04-12 12:02:00,2011-09-05 13:22:00,228.042,146,0.03424657534246575,"£1,001–£2,500",Repeat,95,2,4,4,10,1140.2099999999998
16173.0,1418.32,6,575,2011-09-02 15:23:00,2011-11-24 10:53:00,236.38666666666666,82,0.07317073170731707,"£1,001–£2,500",Repeat,16,4,5,4,13,1418.3199999999997
16174.0,1009.5500000000001,3,651,2011-07-11 09:23:00,2011-08-05 13:26:00,336.5166666666667,25,0.12,"£1,001–£2,500",Repeat,126,2,4,4,10,1009.5500000000002
16175.0,1037.59,4,533,2011-04-13 14:38:00,2011-09-06 14:32:00,259.3975,145,0.027586206896551724,"£1,001–£2,500",Repeat,94,2,4,4,10,1037.59
16177.0,331.95,1,95,2011-10-20 12:57:00,2011-10-20 12:57:00,331.95,1,1.0,£0–£500,One-Time,50,3,2,2,7,331.95
16178.0,197.9,1,94,2011-07-24 16:05:00,2011-07-24 16:05:00,197.9,1,1.0,£0–£500,One-Time,138,2,2,1,5,197.9
16179.0,215.83,1,99,2011-10-10 09:41:00,2011-10-10 09:41:00,215.83,1,1.0,£0–£500,One-Time,61,3,2,1,6,215.83
16180.0,10254.18,8,5867,2011-04-01 10:23:00,2011-08-31 16:28:00,1281.7725,152,0.05263157894736842,"Above £10,000",Repeat,100,2,5,5,12,10254.179999999998
16181.0,305.54,1,152,2011-09-27 13:38:00,2011-09-27 13:38:00,305.54,1,1.0,£0–£500,One-Time,73,2,2,2,6,305.54
16182.0,6617.65,4,3791,2011-02-18 10:11:00,2011-09-28 13:23:00,1654.4125,222,0.018018018018018018,"£5,001–£10,000",Repeat,72,3,4,5,12,6617.65
16183.0,338.71000000000004,1,113,2011-10-03 14:59:00,2011-10-03 14:59:00,338.71000000000004,1,1.0,£0–£500,One-Time,67,3,2,2,7,338.71000000000004
16184.0,1158.79,6,561,2011-05-12 13:33:00,2011-10-06 17:43:00,193.13166666666666,147,0.04081632653061224,"£1,001–£2,500",Repeat,64,3,5,4,12,1158.79
16185.0,529.41,2,260,2011-04-21 11:59:00,2011-11-23 09:41:00,264.705,215,0.009302325581395349,"£501–£1,000",Repeat,17,4,3,3,10,529.41
16186.0,4006.94,12,3020,2010-12-02 14:40:00,2011-11-17 12:43:00,333.9116666666667,349,0.034383954154727794,"£2,501–£5,000",Repeat,23,4,5,5,14,4006.9400000000005
16187.0,6911.4400000000005,15,5048,2011-02-28 13:34:00,2011-11-08 09:50:00,460.7626666666667,252,0.05952380952380952,"£5,001–£10,000",Repeat,32,4,5,5,14,6911.44
16188.0,981.86,4,782,2011-04-11 09:44:00,2011-10-26 12:19:00,245.465,198,0.020202020202020204,"£501–£1,000",Repeat,45,3,4,4,11,981.8600000000001
16189.0,215.48,2,134,2011-09-15 15:21:00,2011-11-24 11:47:00,107.74,69,0.028985507246376812,£0–£500,Repeat,16,4,3,1,8,215.48
16190.0,215.08,1,88,2011-10-30 15:59:00,2011-10-30 15:59:00,215.08,1,1.0,£0–£500,One-Time,40,3,2,1,6,215.08
16191.0,5180.52,13,3351,2010-12-14 12:38:00,2011-12-07 11:26:00,398.5015384615385,357,0.036414565826330535,"£5,001–£10,000",Repeat,3,5,5,5,15,5180.52
16193.0,314.45,1,219,2011-04-17 11:45:00,2011-04-17 11:45:00,314.45,1,1.0,£0–£500,One-Time,237,1,2,2,5,314.45
16198.0,400.68100000000004,1,129,2011-09-25 14:58:00,2011-09-25 14:58:00,400.68100000000004,1,1.0,£0–£500,One-Time,75,2,2,2,6,400.68100000000004
16200.0,1068.8700000000001,2,516,2011-06-28 15:47:00,2011-12-05 14:40:00,534.4350000000001,159,0.012578616352201259,"£1,001–£2,500",Repeat,4,5,3,4,12,1068.8700000000001
16201.0,1863.47,4,1286,2011-08-22 10:47:00,2011-12-06 16:02:00,465.8675,106,0.03773584905660377,"£1,001–£2,500",Repeat,3,5,4,4,13,1863.4699999999998
16202.0,365.27,1,191,2010-12-14 10:43:00,2010-12-14 10:43:00,365.27,1,1.0,£0–£500,One-Time,361,1,2,2,5,365.27
16203.0,592.9,4,262,2010-12-02 15:39:00,2011-10-12 12:31:00,148.225,313,0.012779552715654952,"£501–£1,000",Repeat,59,3,4,3,10,592.9
16204.0,384.18,1,218,2011-11-16 13:40:00,2011-11-16 13:40:00,384.18,1,1.0,£0–£500,One-Time,23,4,2,2,8,384.18
16205.0,757.63,4,516,2011-06-13 11:33:00,2011-11-09 09:32:00,189.4075,148,0.02702702702702703,"£501–£1,000",Repeat,31,4,4,3,11,757.63
16206.0,537.0600000000001,4,272,2011-01-16 11:07:00,2011-10-16 10:41:00,134.26500000000001,272,0.014705882352941176,"£501–£1,000",Repeat,55,3,4,3,10,537.0600000000001
16207.0,394.38,1,140,2011-11-14 13:51:00,2011-11-14 13:51:00,394.38,1,1.0,£0–£500,One-Time,25,4,2,2,8,394.38
16208.0,664.26,2,333,2011-02-23 13:37:00,2011-10-26 11:36:00,332.13,244,0.00819672131147541,"£501–£1,000",Repeat,45,3,3,3,9,664.2600000000001
16209.0,2262.62,5,1179,2011-04-07 12:23:00,2011-09-12 11:58:00,452.524,157,0.03184713375796178,"£1,001–£2,500",Repeat,89,2,4,5,11,2262.62
16210.0,21086.3,18,7559,2010-12-01 12:27:00,2011-12-08 12:36:00,1171.461111111111,372,0.04838709677419355,"Above £10,000",Repeat,2,5,5,5,15,21086.299999999996
16211.0,547.02,1,154,2011-09-12 12:11:00,2011-09-12 12:11:00,547.02,1,1.0,"£501–£1,000",One-Time,89,2,2,3,7,547.02
16212.0,690.34,2,244,2011-03-01 12:51:00,2011-11-20 13:00:00,345.17,264,0.007575757575757576,"£501–£1,000",Repeat,19,4,3,3,10,690.34
16213.0,159.0,1,48,2011-09-22 10:03:00,2011-09-22 10:03:00,159.0,1,1.0,£0–£500,One-Time,79,2,2,1,5,159.0
16214.0,1062.75,3,420,2011-03-15 13:23:00,2011-06-22 11:30:00,354.25,98,0.030612244897959183,"£1,001–£2,500",Repeat,171,2,4,4,10,1062.75
16215.0,242.35,1,104,2011-09-20 10:18:00,2011-09-20 10:18:00,242.35,1,1.0,£0–£500,One-Time,81,2,2,1,5,242.35
16216.0,914.9300000000001,1,254,2011-03-17 15:34:00,2011-03-17 15:34:00,914.9300000000001,1,1.0,"£501–£1,000",One-Time,267,1,2,3,6,914.9300000000001
16217.0,304.25,2,91,2011-03-02 15:28:00,2011-04-18 13:31:00,152.125,46,0.043478260869565216,£0–£500,Repeat,235,1,3,2,6,304.25
16218.0,3084.68,7,2088,2010-12-01 11:29:00,2011-11-10 09:59:00,440.6685714285714,343,0.02040816326530612,"£2,501–£5,000",Repeat,30,4,5,5,14,3084.6799999999994
16221.0,860.86,3,714,2010-12-07 13:13:00,2011-11-03 11:43:00,286.9533333333333,330,0.00909090909090909,"£501–£1,000",Repeat,37,3,4,3,10,860.8599999999999
16222.0,773.5500000000001,1,325,2011-01-25 13:38:00,2011-01-25 13:38:00,773.5500000000001,1,1.0,"£501–£1,000",One-Time,318,1,2,3,6,773.5500000000001
16224.0,1295.3,4,1116,2011-04-04 12:00:00,2011-10-13 17:51:00,323.825,192,0.020833333333333332,"£1,001–£2,500",Repeat,57,3,4,4,11,1295.3
16225.0,1096.32,5,493,2011-03-07 12:17:00,2011-10-26 08:30:00,219.26399999999998,232,0.021551724137931036,"£1,001–£2,500",Repeat,45,3,4,4,11,1096.32
16226.0,255.12,3,192,2011-04-18 12:58:00,2011-05-20 14:41:00,85.04,32,0.09375,£0–£500,Repeat,203,1,4,2,7,255.12
16227.0,314.22,1,90,2011-04-28 13:33:00,2011-04-28 13:33:00,314.22,1,1.0,£0–£500,One-Time,225,1,2,2,5,314.22
16229.0,1010.6,2,318,2011-05-11 10:18:00,2011-09-13 17:16:00,505.3,125,0.016,"£1,001–£2,500",Repeat,87,2,3,4,9,1010.5999999999999
16230.0,542.03,2,365,2011-05-03 15:12:00,2011-06-03 10:06:00,271.015,30,0.06666666666666667,"£501–£1,000",Repeat,190,1,3,3,7,542.03
16232.0,990.88,4,550,2011-05-08 14:05:00,2011-10-27 12:16:00,247.72,171,0.023391812865497075,"£501–£1,000",Repeat,44,3,4,4,11,990.88
16233.0,536.6800000000001,3,174,2010-12-08 12:51:00,2011-09-29 17:27:00,178.89333333333335,295,0.010169491525423728,"£501–£1,000",Repeat,71,3,4,3,10,536.68
16235.0,867.31,5,330,2011-01-11 15:42:00,2011-10-30 10:56:00,173.462,291,0.01718213058419244,"£501–£1,000",Repeat,41,3,4,3,10,867.31
16236.0,432.2,1,184,2011-09-22 14:10:00,2011-09-22 14:10:00,432.2,1,1.0,£0–£500,One-Time,78,2,2,2,6,432.2
16239.0,414.2,2,228,2011-06-03 09:30:00,2011-10-14 08:29:00,207.1,132,0.015151515151515152,£0–£500,Repeat,57,3,3,2,8,414.2
16240.0,3718.8,2,1641,2011-09-23 13:44:00,2011-11-15 14:30:00,1859.4,53,0.03773584905660377,"£2,501–£5,000",Repeat,24,4,3,5,12,3718.8
16241.0,2590.31,13,1443,2010-12-05 11:04:00,2011-11-30 11:08:00,199.2546153846154,360,0.03611111111111111,"£2,501–£5,000",Repeat,10,5,5,5,15,2590.3099999999995
16242.0,3579.86,7,1969,2011-03-07 17:04:00,2011-12-01 15:12:00,511.40857142857146,268,0.026119402985074626,"£2,501–£5,000",Repeat,8,5,5,5,15,3579.86
16243.0,409.1,2,110,2011-10-16 12:09:00,2011-11-06 12:32:00,204.55,21,0.09523809523809523,£0–£500,Repeat,34,3,3,2,8,409.1
16244.0,1522.75,2,855,2010-12-02 11:41:00,2011-05-12 10:18:00,761.375,160,0.0125,"£1,001–£2,500",Repeat,212,1,3,4,8,1522.75
16245.0,1413.66,3,1014,2011-03-28 09:30:00,2011-11-16 10:14:00,471.22,233,0.012875536480686695,"£1,001–£2,500",Repeat,24,4,4,4,12,1413.66
16247.0,114.56,1,182,2011-06-22 14:23:00,2011-06-22 14:23:00,114.56,1,1.0,£0–£500,One-Time,170,2,2,1,5,114.56
16248.0,152.94,1,78,2011-10-09 11:32:00,2011-10-09 11:32:00,152.94,1,1.0,£0–£500,One-Time,62,3,2,1,6,152.94
16249.0,1800.07,5,950,2011-04-14 13:50:00,2011-10-18 10:07:00,360.014,186,0.026881720430107527,"£1,001–£2,500",Repeat,53,3,4,4,11,1800.07
16250.0,389.44,2,208,2010-12-01 09:59:00,2011-03-23 15:07:00,194.72,112,0.017857142857142856,£0–£500,Repeat,261,1,3,2,6,389.43999999999994
16253.0,3683.86,2,3233,2011-03-29 13:33:00,2011-10-04 09:09:00,1841.93,188,0.010638297872340425,"£2,501–£5,000",Repeat,67,3,3,5,11,3683.8599999999997
16255.0,2619.91,8,1767,2010-12-09 14:25:00,2011-11-23 12:40:00,327.48875,348,0.022988505747126436,"£2,501–£5,000",Repeat,17,4,5,5,14,2619.91
16256.0,752.4300000000001,1,581,2011-03-18 12:18:00,2011-03-18 12:18:00,752.4300000000001,1,1.0,"£501–£1,000",One-Time,267,1,2,3,6,752.4300000000001
16257.0,46.95,1,2,2011-06-16 10:11:00,2011-06-16 10:11:00,46.95,1,1.0,£0–£500,One-Time,177,2,2,1,5,46.95
16258.0,5203.51,5,2994,2011-05-04 14:33:00,2011-10-25 13:30:00,1040.702,173,0.028901734104046242,"£5,001–£10,000",Repeat,45,3,4,5,12,5203.509999999999
16260.0,1035.45,1,311,2011-10-20 09:40:00,2011-10-20 09:40:00,1035.45,1,1.0,"£1,001–£2,500",One-Time,51,3,2,4,9,1035.45
16261.0,728.54,4,301,2011-04-07 19:05:00,2011-11-22 17:23:00,182.135,228,0.017543859649122806,"£501–£1,000",Repeat,17,4,4,3,11,728.54
16265.0,5447.0,9,2646,2010-12-10 10:21:00,2011-11-30 16:41:00,605.2222222222222,355,0.02535211267605634,"£5,001–£10,000",Repeat,9,5,5,5,15,5446.999999999999
16266.0,861.89,7,398,2011-05-17 14:50:00,2011-09-27 12:08:00,123.12714285714286,132,0.05303030303030303,"£501–£1,000",Repeat,74,2,5,3,10,861.89
16268.0,667.65,2,533,2011-09-29 18:30:00,2011-09-29 18:30:00,333.825,1,2.0,"£501–£1,000",Repeat,71,3,3,3,9,667.65
16270.0,1141.24,1,688,2010-12-21 14:26:00,2010-12-21 14:26:00,1141.24,1,1.0,"£1,001–£2,500",One-Time,353,1,2,4,7,1141.24
16271.0,1404.64,5,1024,2010-12-16 16:36:00,2011-12-07 12:45:00,280.928,355,0.014084507042253521,"£1,001–£2,500",Repeat,3,5,4,4,13,1404.64
16272.0,411.7,1,224,2011-08-15 10:53:00,2011-08-15 10:54:00,411.7,1,1.0,£0–£500,One-Time,117,2,2,2,6,411.7
16274.0,351.75,1,153,2010-12-01 15:35:00,2010-12-01 15:35:00,351.75,1,1.0,£0–£500,One-Time,373,1,2,2,5,351.75
16275.0,559.87,1,336,2011-05-27 12:41:00,2011-05-27 12:41:00,559.87,1,1.0,"£501–£1,000",One-Time,197,1,2,3,6,559.87
16276.0,810.6000000000001,1,420,2011-06-16 09:34:00,2011-06-16 09:34:00,810.6000000000001,1,1.0,"£501–£1,000",One-Time,177,2,2,3,7,810.6000000000001
16278.0,566.38,1,114,2011-08-31 17:12:00,2011-08-31 17:12:00,566.38,1,1.0,"£501–£1,000",One-Time,100,2,2,3,7,566.38
16279.0,1502.78,3,1046,2011-06-16 11:50:00,2011-11-18 15:00:00,500.9266666666667,155,0.01935483870967742,"£1,001–£2,500",Repeat,21,4,4,4,12,1502.78
16281.0,2062.06,1,934,2011-09-28 14:57:00,2011-09-28 14:57:00,2062.06,1,1.0,"£1,001–£2,500",One-Time,72,3,2,5,10,2062.06
16282.0,168.3,1,114,2011-01-04 11:42:00,2011-01-04 11:42:00,168.3,1,1.0,£0–£500,One-Time,340,1,2,1,4,168.3
16283.0,1570.81,5,1236,2011-05-15 13:37:00,2011-12-04 12:08:00,314.162,202,0.024752475247524754,"£1,001–£2,500",Repeat,6,5,4,4,13,1570.81
16284.0,812.68,2,535,2011-10-20 13:54:00,2011-11-08 16:12:00,406.34,19,0.10526315789473684,"£501–£1,000",Repeat,31,4,3,3,10,812.6799999999998
16287.0,142.5,1,298,2011-06-23 09:08:00,2011-06-23 09:08:00,142.5,1,1.0,£0–£500,One-Time,170,2,2,1,5,142.5
16292.0,302.25,1,191,2011-08-10 12:24:00,2011-08-10 12:24:00,302.25,1,1.0,£0–£500,One-Time,122,2,2,2,6,302.25
16293.0,2248.9900000000002,10,982,2010-12-07 15:02:00,2011-11-18 09:58:00,224.89900000000003,345,0.028985507246376812,"£1,001–£2,500",Repeat,22,4,5,5,14,2248.9900000000002
16295.0,1328.55,4,841,2011-10-06 10:45:00,2011-11-30 08:17:00,332.1375,54,0.07407407407407407,"£1,001–£2,500",Repeat,10,5,4,4,13,1328.5499999999997
16297.0,301.9,1,206,2011-03-16 08:29:00,2011-03-16 08:29:00,301.9,1,1.0,£0–£500,One-Time,269,1,2,2,5,301.9
16298.0,598.2,3,198,2011-06-06 10:06:00,2011-11-17 11:59:00,199.4,164,0.018292682926829267,"£501–£1,000",Repeat,23,4,4,3,11,598.1999999999999
16302.0,233.22,1,158,2011-08-05 09:44:00,2011-08-05 09:44:00,233.22,1,1.0,£0–£500,One-Time,127,2,2,1,5,233.22
16303.0,5360.63,3,2659,2011-01-10 14:16:00,2011-11-14 10:49:00,1786.8766666666668,307,0.009771986970684038,"£5,001–£10,000",Repeat,26,4,4,5,13,5360.63
16305.0,361.21999999999997,1,256,2011-07-24 12:18:00,2011-07-24 12:18:00,361.21999999999997,1,1.0,£0–£500,One-Time,139,2,2,2,6,361.21999999999997
16306.0,632.27,6,487,2010-12-07 15:18:00,2011-05-10 12:12:00,105.37833333333333,153,0.0392156862745098,"£501–£1,000",Repeat,214,1,5,3,9,632.27
16308.0,2560.0,4,8000,2011-03-23 14:46:00,2011-11-02 11:24:00,640.0,223,0.017937219730941704,"£2,501–£5,000",Repeat,38,3,4,5,12,2560.0
16309.0,706.57,2,467,2011-04-13 11:46:00,2011-08-25 15:35:00,353.285,134,0.014925373134328358,"£501–£1,000",Repeat,106,2,3,3,8,706.5699999999999
16311.0,616.26,2,394,2011-10-21 13:13:00,2011-11-22 08:54:00,308.13,31,0.06451612903225806,"£501–£1,000",Repeat,18,4,3,3,10,616.26
16313.0,274.15000000000003,2,165,2011-10-21 09:04:00,2011-12-06 13:02:00,137.07500000000002,46,0.043478260869565216,£0–£500,Repeat,3,5,3,2,10,274.15000000000003
16315.0,226.37,1,75,2011-01-13 11:57:00,2011-01-13 11:57:00,226.37,1,1.0,£0–£500,One-Time,331,1,2,1,4,226.37
16316.0,2938.91,8,1484,2010-12-16 14:26:00,2011-10-06 13:48:00,367.36375,293,0.027303754266211604,"£2,501–£5,000",Repeat,64,3,5,5,13,2938.91
16317.0,1341.65,3,890,2011-02-15 14:30:00,2011-08-12 12:46:00,447.2166666666667,177,0.01694915254237288,"£1,001–£2,500",Repeat,120,2,4,4,10,1341.65
16318.0,328.15,1,199,2011-11-04 13:05:00,2011-11-04 13:05:00,328.15,1,1.0,£0–£500,One-Time,35,3,2,2,7,328.15
16319.0,404.40000000000003,1,72,2011-05-06 11:27:00,2011-05-06 11:27:00,404.40000000000003,1,1.0,£0–£500,One-Time,218,1,2,2,5,404.40000000000003
16320.0,1038.46,2,732,2011-05-10 15:31:00,2011-06-20 15:25:00,519.23,40,0.05,"£1,001–£2,500",Repeat,172,2,3,4,9,1038.46
16321.0,373.65000000000003,5,135,2011-01-20 12:11:00,2011-09-28 14:55:00,74.73,251,0.0199203187250996,£0–£500,Repeat,72,3,4,2,9,373.65000000000003
16322.0,326.75,2,231,2011-11-03 14:33:00,2011-12-08 15:41:00,163.375,35,0.05714285714285714,£0–£500,Repeat,1,5,3,2,10,326.75
16323.0,207.50000000000003,1,50,2011-05-27 14:48:00,2011-05-27 14:48:00,207.50000000000003,1,1.0,£0–£500,One-Time,196,1,2,1,4,207.50000000000003
16324.0,408.59000000000003,3,270,2011-06-15 14:26:00,2011-08-03 12:58:00,136.1966666666667,48,0.0625,£0–£500,Repeat,128,2,4,2,8,408.59000000000003
16325.0,594.24,3,194,2011-04-08 09:20:00,2011-10-24 08:48:00,198.08,198,0.015151515151515152,"£501–£1,000",Repeat,47,3,4,3,10,594.24
16326.0,3039.2200000000003,14,682,2011-01-09 12:01:00,2011-12-04 10:11:00,217.08714285714288,328,0.042682926829268296,"£2,501–£5,000",Repeat,6,5,5,5,15,3039.2200000000007
16327.0,3820.27,6,2560,2010-12-05 12:43:00,2011-11-25 13:23:00,636.7116666666667,355,0.016901408450704224,"£2,501–£5,000",Repeat,14,4,5,5,14,3820.2699999999995
16330.0,251.91,3,147,2011-08-19 17:08:00,2011-11-22 12:24:00,83.97,94,0.031914893617021274,£0–£500,Repeat,18,4,4,2,10,251.90999999999997
16332.0,1582.8,7,797,2011-02-07 14:16:00,2011-11-11 14:22:00,226.1142857142857,277,0.02527075812274368,"£1,001–£2,500",Repeat,28,4,5,4,13,1582.8
16333.0,26626.8,22,32184,2011-02-03 10:50:00,2011-12-02 12:19:00,1210.3090909090909,302,0.0728476821192053,"Above £10,000",Repeat,8,5,5,5,15,26626.8
16337.0,151.05,1,87,2011-11-03 10:03:00,2011-11-03 10:03:00,151.05,1,1.0,£0–£500,One-Time,37,3,2,1,6,151.05
16338.0,214.79999999999998,1,94,2011-07-05 13:56:00,2011-07-05 13:56:00,214.79999999999998,1,1.0,£0–£500,One-Time,157,2,2,1,5,214.79999999999998
16339.0,94.05,1,21,2011-02-28 13:41:00,2011-02-28 13:41:00,94.05,1,1.0,£0–£500,One-Time,284,1,2,1,4,94.05
16340.0,534.31,1,486,2011-08-24 14:53:00,2011-08-24 14:53:00,534.31,1,1.0,"£501–£1,000",One-Time,107,2,2,3,7,534.31
16341.0,1971.87,4,1398,2011-05-22 13:20:00,2011-11-15 09:12:00,492.9675,176,0.022727272727272728,"£1,001–£2,500",Repeat,25,4,4,4,12,1971.87
16342.0,322.41,4,157,2011-06-13 10:10:00,2011-09-25 14:36:00,80.6025,104,0.038461538461538464,£0–£500,Repeat,75,2,4,2,8,322.41
16343.0,328.58,2,175,2011-11-23 17:43:00,2011-11-23 17:45:00,164.29,1,2.0,£0–£500,Repeat,16,4,3,2,9,328.58
16344.0,101.10000000000001,1,18,2011-07-04 15:50:00,2011-07-04 15:50:00,101.10000000000001,1,1.0,£0–£500,One-Time,158,2,2,1,5,101.10000000000001
16345.0,565.46,1,288,2011-10-26 16:03:00,2011-10-26 16:03:00,565.46,1,1.0,"£501–£1,000",One-Time,44,3,2,3,8,565.46
16347.0,847.45,2,341,2011-11-03 13:01:00,2011-11-28 13:14:00,423.725,25,0.08,"£501–£1,000",Repeat,11,5,3,3,11,847.45
16348.0,1415.65,7,805,2011-04-13 15:49:00,2011-11-07 15:44:00,202.2357142857143,207,0.033816425120772944,"£1,001–£2,500",Repeat,32,4,5,4,13,1415.6499999999999
16349.0,53.5,1,9,2011-02-22 12:40:00,2011-02-22 12:40:00,53.5,1,1.0,£0–£500,One-Time,291,1,2,1,4,53.5
16350.0,1116.47,4,545,2011-01-10 09:44:00,2011-11-18 15:53:00,279.1175,312,0.01282051282051282,"£1,001–£2,500",Repeat,21,4,4,4,12,1116.47
16351.0,153.9,1,90,2011-01-11 10:26:00,2011-01-11 10:26:00,153.9,1,1.0,£0–£500,One-Time,333,1,2,1,4,153.9
16352.0,494.44,2,300,2011-11-02 08:44:00,2011-11-22 10:32:00,247.22,20,0.1,£0–£500,Repeat,18,4,3,3,10,494.44000000000005
16353.0,6675.71,23,2006,2010-12-05 12:09:00,2011-12-06 12:23:00,290.24826086956523,366,0.06284153005464481,"£5,001–£10,000",Repeat,4,5,5,5,15,6675.71
16354.0,395.8,2,150,2011-09-27 16:28:00,2011-10-07 14:28:00,197.9,9,0.2222222222222222,£0–£500,Repeat,63,3,3,2,8,395.79999999999995
16356.0,211.77,3,93,2011-03-07 12:31:00,2011-05-26 11:51:00,70.59,79,0.0379746835443038,£0–£500,Repeat,198,1,4,1,6,211.77
16357.0,658.88,3,246,2011-05-10 10:35:00,2011-11-06 16:04:00,219.62666666666667,180,0.016666666666666666,"£501–£1,000",Repeat,33,4,4,3,11,658.88
16358.0,2027.5,4,1302,2011-06-08 15:05:00,2011-12-08 15:09:00,506.875,183,0.02185792349726776,"£1,001–£2,500",Repeat,1,5,4,4,13,2027.4999999999998
16359.0,1750.92,9,1183,2011-01-12 10:49:00,2011-12-02 17:04:00,194.54666666666668,324,0.027777777777777776,"£1,001–£2,500",Repeat,7,5,5,4,14,1750.92
16360.0,3450.41,6,2110,2011-09-12 13:50:00,2011-12-05 12:16:00,575.0683333333333,83,0.07228915662650602,"£2,501–£5,000",Repeat,5,5,5,5,15,3450.4099999999994
16361.0,891.21,4,418,2011-09-29 13:13:00,2011-11-30 12:32:00,222.8025,61,0.06557377049180328,"£501–£1,000",Repeat,10,5,4,3,12,891.21
16362.0,709.99,5,340,2011-09-09 14:47:00,2011-11-07 13:01:00,141.998,58,0.08620689655172414,"£501–£1,000",Repeat,32,4,4,3,11,709.99
16363.0,109.36000000000001,1,52,2011-10-17 14:14:00,2011-10-17 14:14:00,109.36000000000001,1,1.0,£0–£500,One-Time,53,3,2,1,6,109.36000000000001
16364.0,705.79,2,279,2011-07-25 14:35:00,2011-11-28 11:27:00,352.895,125,0.016,"£501–£1,000",Repeat,12,5,3,3,11,705.7900000000001
16365.0,1540.42,9,504,2010-12-07 17:19:00,2011-11-22 11:24:00,171.1577777777778,349,0.025787965616045846,"£1,001–£2,500",Repeat,18,4,5,4,13,1540.4200000000003
16366.0,327.3,1,256,2011-11-21 08:19:00,2011-11-21 08:19:00,327.3,1,1.0,£0–£500,One-Time,19,4,2,2,8,327.3
16367.0,800.67,2,643,2010-12-12 12:01:00,2011-11-02 13:13:00,400.335,325,0.006153846153846154,"£501–£1,000",Repeat,37,3,3,3,9,800.67
16368.0,479.91,2,251,2011-11-11 15:08:00,2011-12-07 13:12:00,239.955,25,0.08,£0–£500,Repeat,2,5,3,2,10,479.91
16369.0,1545.41,3,1030,2011-05-27 09:39:00,2011-11-21 16:25:00,515.1366666666667,178,0.016853932584269662,"£1,001–£2,500",Repeat,18,4,4,4,12,1545.4099999999999
16370.0,1301.91,4,640,2011-04-28 16:40:00,2011-09-18 15:55:00,325.4775,142,0.028169014084507043,"£1,001–£2,500",Repeat,82,2,4,4,10,1301.9100000000003
16372.0,355.73,2,158,2011-11-06 12:50:00,2011-11-06 13:08:00,177.865,1,2.0,£0–£500,Repeat,33,4,3,2,9,355.73
16374.0,466.73,2,237,2011-03-22 13:46:00,2011-10-04 15:21:00,233.365,196,0.01020408163265306,£0–£500,Repeat,66,3,3,2,8,466.73
16376.0,974.96,2,691,2011-11-22 16:47:00,2011-12-01 11:38:00,487.48,8,0.25,"£501–£1,000",Repeat,9,5,3,4,12,974.96
16377.0,676.2,1,1500,2011-03-17 15:41:00,2011-03-17 15:41:00,676.2,1,1.0,"£501–£1,000",One-Time,267,1,2,3,6,676.2
16378.0,362.95,3,267,2011-02-02 12:42:00,2011-04-06 15:07:00,120.98333333333333,63,0.047619047619047616,£0–£500,Repeat,247,1,4,2,7,362.95
16379.0,2157.4,4,1410,2011-09-22 09:33:00,2011-12-05 15:38:00,539.35,74,0.05405405405405406,"£1,001–£2,500",Repeat,4,5,4,5,14,2157.4
16380.0,1743.1499999999999,1,1428,2011-10-09 15:40:00,2011-10-09 15:40:00,1743.1499999999999,1,1.0,"£1,001–£2,500",One-Time,61,3,2,4,9,1743.1499999999999
16383.0,643.76,2,467,2011-03-16 13:00:00,2011-09-26 12:45:00,321.88,193,0.010362694300518135,"£501–£1,000",Repeat,75,2,3,3,8,643.76
16384.0,584.5,2,260,2011-03-21 10:13:00,2011-09-11 11:19:00,292.25,174,0.011494252873563218,"£501–£1,000",Repeat,90,2,3,3,8,584.5
16385.0,554.86,3,258,2010-12-08 12:56:00,2011-10-10 13:12:00,184.95333333333335,306,0.00980392156862745,"£501–£1,000",Repeat,60,3,4,3,10,554.86
16386.0,302.57,2,205,2011-03-31 12:19:00,2011-11-11 12:28:00,151.285,225,0.008888888888888889,£0–£500,Repeat,29,4,3,2,9,302.57
16387.0,94.36,1,44,2011-01-21 11:34:00,2011-01-21 11:34:00,94.36,1,1.0,£0–£500,One-Time,323,1,2,1,4,94.36
16389.0,1382.07,4,1242,2011-03-01 15:47:00,2011-10-17 14:41:00,345.5175,229,0.017467248908296942,"£1,001–£2,500",Repeat,53,3,4,4,11,1382.07
16392.0,217.89,1,201,2011-03-15 12:11:00,2011-03-15 12:11:00,217.89,1,1.0,£0–£500,One-Time,270,1,2,1,4,217.89
16393.0,3040.96,13,1573,2010-12-05 13:10:00,2011-12-07 12:51:00,233.92000000000002,366,0.03551912568306011,"£2,501–£5,000",Repeat,2,5,5,5,15,3040.96
16394.0,1555.34,5,2604,2011-02-23 10:58:00,2011-10-14 09:48:00,311.068,232,0.021551724137931036,"£1,001–£2,500",Repeat,57,3,4,4,11,1555.34
16395.0,1482.06,5,1472,2011-01-13 12:10:00,2011-10-10 12:50:00,296.412,270,0.018518518518518517,"£1,001–£2,500",Repeat,61,3,4,4,11,1482.06
16398.0,1705.8,2,758,2011-03-31 09:38:00,2011-07-08 15:16:00,852.9,99,0.020202020202020204,"£1,001–£2,500",Repeat,154,2,3,4,9,1705.8
16399.0,408.02,2,263,2011-04-18 13:46:00,2011-11-20 16:12:00,204.01,216,0.009259259259259259,£0–£500,Repeat,19,4,3,2,9,408.02
16400.0,303.93,1,172,2011-09-06 12:27:00,2011-09-06 12:27:00,303.93,1,1.0,£0–£500,One-Time,95,2,2,2,6,303.93
16401.0,4098.32,12,3882,2011-01-16 10:56:00,2011-12-08 18:15:00,341.52666666666664,326,0.03680981595092025,"£2,501–£5,000",Repeat,1,5,5,5,15,4098.32
16402.0,293.45,2,146,2010-12-05 13:42:00,2011-03-20 12:25:00,146.725,104,0.019230769230769232,£0–£500,Repeat,265,1,3,2,6,293.45
16403.0,177.5,1,114,2011-01-31 13:39:00,2011-01-31 13:39:00,177.5,1,1.0,£0–£500,One-Time,312,1,2,1,4,177.5
16404.0,443.05,1,157,2011-09-30 14:55:00,2011-09-30 14:55:00,443.05,1,1.0,£0–£500,One-Time,70,3,2,2,7,443.05
16405.0,167.25,2,187,2011-02-02 17:08:00,2011-02-10 15:24:00,83.625,7,0.2857142857142857,£0–£500,Repeat,302,1,3,1,5,167.25
16406.0,154.35,1,116,2011-11-21 11:57:00,2011-11-21 11:57:00,154.35,1,1.0,£0–£500,One-Time,19,4,2,1,7,154.35
16407.0,2079.68,10,1093,2011-01-31 14:02:00,2011-11-27 11:05:00,207.968,299,0.033444816053511704,"£1,001–£2,500",Repeat,13,5,5,5,15,2079.68
16409.0,2022.98,5,1304,2011-01-26 14:51:00,2011-11-03 16:45:00,404.596,281,0.017793594306049824,"£1,001–£2,500",Repeat,36,3,4,4,11,2022.9800000000002
16411.0,211.7,2,131,2010-12-05 13:26:00,2011-11-20 13:23:00,105.85,349,0.0057306590257879654,£0–£500,Repeat,19,4,3,1,8,211.7
16412.0,135.99,1,63,2011-10-17 12:35:00,2011-10-17 12:35:00,135.99,1,1.0,£0–£500,One-Time,54,3,2,1,6,135.99
16413.0,262.2,1,148,2011-10-14 12:08:00,2011-10-14 12:08:00,262.2,1,1.0,£0–£500,One-Time,57,3,2,2,7,262.2
16414.0,126.25,2,27,2011-03-04 13:27:00,2011-11-18 09:42:00,63.125,258,0.007751937984496124,£0–£500,Repeat,22,4,3,1,8,126.25
16415.0,200.27,1,178,2011-10-26 13:35:00,2011-10-26 13:35:00,200.27,1,1.0,£0–£500,One-Time,44,3,2,1,6,200.27
16416.0,1051.4,3,672,2011-10-14 13:35:00,2011-11-13 12:50:00,350.4666666666667,29,0.10344827586206896,"£1,001–£2,500",Repeat,27,4,4,4,12,1051.4
16418.0,631.12,3,280,2011-04-27 16:54:00,2011-10-26 12:39:00,210.37333333333333,181,0.016574585635359115,"£501–£1,000",Repeat,45,3,4,3,10,631.12
16419.0,958.71,6,428,2011-02-01 12:25:00,2011-08-19 12:33:00,159.785,199,0.03015075376884422,"£501–£1,000",Repeat,113,2,5,4,11,958.7099999999999
16422.0,34684.4,51,33704,2010-12-05 15:35:00,2011-11-22 14:00:00,680.086274509804,351,0.1452991452991453,"Above £10,000",Repeat,17,4,5,5,14,34684.4
16423.0,346.12,1,230,2011-11-15 09:21:00,2011-11-15 09:21:00,346.12,1,1.0,£0–£500,One-Time,25,4,2,2,8,346.12
16424.0,133.56,1,88,2011-06-01 13:40:00,2011-06-01 13:40:00,133.56,1,1.0,£0–£500,One-Time,191,1,2,1,4,133.56
16425.0,302.7,1,199,2011-02-10 14:30:00,2011-02-10 14:30:00,302.7,1,1.0,£0–£500,One-Time,302,1,2,2,5,302.7
16426.0,1863.76,10,1215,2011-03-08 15:45:00,2011-12-07 14:01:00,186.376,273,0.03663003663003663,"£1,001–£2,500",Repeat,2,5,5,4,14,1863.76
16427.0,241.06,2,156,2011-02-28 15:18:00,2011-03-21 17:10:00,120.53,21,0.09523809523809523,£0–£500,Repeat,263,1,3,1,5,241.05999999999997
16429.0,284.55,1,9,2011-08-25 13:54:00,2011-08-25 13:54:00,284.55,1,1.0,£0–£500,One-Time,106,2,2,2,6,284.55
16430.0,300.85,1,103,2011-10-13 14:47:00,2011-10-13 14:47:00,300.85,1,1.0,£0–£500,One-Time,57,3,2,2,7,300.85
16431.0,623.28,3,442,2011-02-15 14:02:00,2011-05-10 14:09:00,207.76,84,0.03571428571428571,"£501–£1,000",Repeat,213,1,4,3,8,623.28
16432.0,287.4,1,276,2011-10-06 13:59:00,2011-10-06 13:59:00,287.4,1,1.0,£0–£500,One-Time,64,3,2,2,7,287.4
16433.0,184.26,1,106,2011-11-11 14:09:00,2011-11-11 14:09:00,184.26,1,1.0,£0–£500,One-Time,28,4,2,1,7,184.26
16434.0,1511.8,7,760,2011-02-13 12:17:00,2011-11-10 14:28:00,215.97142857142856,270,0.025925925925925925,"£1,001–£2,500",Repeat,29,4,5,4,13,1511.7999999999997
16438.0,798.35,5,463,2011-09-18 13:31:00,2011-12-04 10:51:00,159.67000000000002,76,0.06578947368421052,"£501–£1,000",Repeat,6,5,4,3,12,798.35
16440.0,3640.67,5,2018,2011-05-09 12:25:00,2011-12-02 12:02:00,728.134,206,0.024271844660194174,"£2,501–£5,000",Repeat,8,5,4,5,14,3640.6699999999996
16441.0,381.2,2,173,2011-02-21 17:35:00,2011-10-03 17:48:00,190.6,224,0.008928571428571428,£0–£500,Repeat,67,3,3,2,8,381.2
16442.0,609.3,3,443,2010-12-14 10:46:00,2011-12-08 11:43:00,203.1,359,0.008356545961002786,"£501–£1,000",Repeat,2,5,4,3,12,609.3
16444.0,654.67,4,407,2011-03-20 12:14:00,2011-10-24 13:50:00,163.6675,218,0.01834862385321101,"£501–£1,000",Repeat,46,3,4,3,10,654.67
16445.0,230.51,1,111,2011-11-06 12:32:00,2011-11-06 12:32:00,230.51,1,1.0,£0–£500,One-Time,34,3,2,1,6,230.51
16446.0,168472.5,2,80997,2011-05-18 09:52:00,2011-12-09 09:15:00,84236.25,204,0.00980392156862745,"Above £10,000",Repeat,1,5,3,5,13,168472.5
16447.0,255.91,1,221,2011-07-27 12:45:00,2011-07-27 12:45:00,255.91,1,1.0,£0–£500,One-Time,136,2,2,2,6,255.91
16448.0,182.99,1,76,2011-05-25 16:28:00,2011-05-25 16:28:00,182.99,1,1.0,£0–£500,One-Time,198,1,2,1,4,182.99
16449.0,707.69,2,367,2011-03-04 12:15:00,2011-05-26 10:25:00,353.845,82,0.024390243902439025,"£501–£1,000",Repeat,198,1,3,3,7,707.69
16450.0,311.92,1,200,2011-07-13 11:47:00,2011-07-13 11:47:00,311.92,1,1.0,£0–£500,One-Time,150,2,2,2,6,311.92
16451.0,266.97,1,120,2011-09-13 09:17:00,2011-09-13 09:17:00,266.97,1,1.0,£0–£500,One-Time,88,2,2,2,6,266.97
16454.0,6.9,2,3,2011-10-06 16:57:00,2011-10-26 11:40:00,3.45,19,0.10526315789473684,£0–£500,Repeat,45,3,3,1,7,6.9
16455.0,1841.18,7,988,2010-12-03 16:44:00,2011-10-07 12:17:00,263.0257142857143,307,0.02280130293159609,"£1,001–£2,500",Repeat,64,3,5,4,12,1841.18
16456.0,2158.18,5,1147,2010-12-01 14:11:00,2011-09-01 13:50:00,431.63599999999997,273,0.018315018315018316,"£1,001–£2,500",Repeat,99,2,4,5,11,2158.18
16457.0,208.36,1,140,2011-05-05 13:19:00,2011-05-05 13:19:00,208.36,1,1.0,£0–£500,One-Time,218,1,2,1,4,208.36
16458.0,3482.7400000000002,18,2154,2010-12-14 11:51:00,2011-12-07 09:34:00,193.48555555555558,357,0.05042016806722689,"£2,501–£5,000",Repeat,3,5,5,5,15,3482.7400000000002
16460.0,811.23,3,876,2011-09-19 10:15:00,2011-11-11 13:46:00,270.41,53,0.05660377358490566,"£501–£1,000",Repeat,28,4,4,3,11,811.2300000000001
16461.0,142.92,1,48,2011-06-15 12:07:00,2011-06-15 12:07:00,142.92,1,1.0,£0–£500,One-Time,178,2,2,1,5,142.92
16462.0,136.0,3,16,2011-03-01 08:58:00,2011-09-27 10:24:00,45.333333333333336,210,0.014285714285714285,£0–£500,Repeat,74,2,4,1,7,136.0
16463.0,1422.4,4,1163,2011-05-19 14:45:00,2011-11-18 14:01:00,355.6,182,0.02197802197802198,"£1,001–£2,500",Repeat,21,4,4,4,12,1422.4000000000003
16464.0,1298.66,3,952,2011-07-20 13:53:00,2011-11-20 12:11:00,432.8866666666667,122,0.02459016393442623,"£1,001–£2,500",Repeat,20,4,4,4,12,1298.66
16466.0,1595.96,7,785,2011-02-20 11:39:00,2011-11-06 11:35:00,227.99428571428572,258,0.027131782945736434,"£1,001–£2,500",Repeat,34,3,5,4,12,1595.96
16468.0,74.9,1,31,2011-09-26 14:13:00,2011-09-26 14:13:00,74.9,1,1.0,£0–£500,One-Time,74,2,2,1,5,74.9
16469.0,625.42,4,260,2011-04-07 13:11:00,2011-11-16 12:25:00,156.355,222,0.018018018018018018,"£501–£1,000",Repeat,24,4,4,3,11,625.42
16470.0,752.77,4,522,2010-12-16 11:53:00,2011-10-19 12:11:00,188.1925,307,0.013029315960912053,"£501–£1,000",Repeat,52,3,4,3,10,752.77
16471.0,223.95000000000002,1,141,2011-03-10 09:41:00,2011-03-10 09:41:00,223.95000000000002,1,1.0,£0–£500,One-Time,275,1,2,1,4,223.95000000000002
16473.0,316.11,3,196,2011-01-07 10:55:00,2011-06-28 09:10:00,105.37,171,0.017543859649122806,£0–£500,Repeat,165,2,4,2,8,316.11
16474.0,1810.65,7,909,2011-07-17 14:51:00,2011-12-02 13:02:00,258.6642857142857,137,0.051094890510948905,"£1,001–£2,500",Repeat,7,5,5,4,14,1810.6499999999999
16475.0,544.3,4,319,2011-03-11 09:39:00,2011-09-12 14:37:00,136.075,185,0.021621621621621623,"£501–£1,000",Repeat,88,2,4,3,9,544.3
16477.0,2494.46,7,1415,2010-12-03 12:48:00,2011-10-07 09:44:00,356.3514285714286,307,0.02280130293159609,"£1,001–£2,500",Repeat,64,3,5,5,13,2494.46
16478.0,331.0,3,224,2011-10-05 12:02:00,2011-11-14 15:51:00,110.33333333333333,40,0.075,£0–£500,Repeat,25,4,4,2,10,330.99999999999994
16479.0,300.83,2,102,2011-11-29 13:04:00,2011-11-29 13:40:00,150.415,1,2.0,£0–£500,Repeat,10,5,3,2,10,300.83
16480.0,769.29,1,455,2011-09-25 11:40:00,2011-09-25 11:40:00,769.29,1,1.0,"£501–£1,000",One-Time,76,2,2,3,7,769.29
16482.0,220.62,1,346,2011-11-24 12:33:00,2011-11-24 12:33:00,220.62,1,1.0,£0–£500,One-Time,16,4,2,1,7,220.62
16483.0,139.35,1,44,2011-05-31 13:08:00,2011-05-31 13:08:00,139.35,1,1.0,£0–£500,One-Time,192,1,2,1,4,139.35
16484.0,404.3,2,200,2011-06-02 10:39:00,2011-06-19 12:06:00,202.15,17,0.11764705882352941,£0–£500,Repeat,174,2,3,2,7,404.29999999999995
16485.0,363.65,1,235,2011-09-23 15:50:00,2011-09-23 15:50:00,363.65,1,1.0,£0–£500,One-Time,77,2,2,2,6,363.65
16488.0,498.8,3,728,2011-07-14 11:46:00,2011-11-06 13:42:00,166.26666666666668,115,0.02608695652173913,£0–£500,Repeat,33,4,4,3,11,498.8
16491.0,731.5,1,478,2011-10-24 10:18:00,2011-10-24 10:18:00,731.5,1,1.0,"£501–£1,000",One-Time,47,3,2,3,8,731.5
16493.0,1351.63,4,1164,2011-01-14 08:16:00,2011-09-21 11:10:00,337.9075,250,0.016,"£1,001–£2,500",Repeat,80,2,4,4,10,1351.63
16494.0,826.53,1,675,2011-02-16 12:49:00,2011-02-16 12:49:00,826.53,1,1.0,"£501–£1,000",One-Time,297,1,2,3,6,826.53
16495.0,648.26,3,328,2011-03-08 16:38:00,2011-12-06 13:20:00,216.08666666666667,272,0.011029411764705883,"£501–£1,000",Repeat,3,5,4,3,12,648.2600000000001
16496.0,1599.52,3,1111,2011-01-27 09:42:00,2011-12-01 10:31:00,533.1733333333333,308,0.00974025974025974,"£1,001–£2,500",Repeat,9,5,4,4,13,1599.5199999999998
16497.0,2965.69,6,1396,2011-01-10 13:20:00,2011-10-21 10:55:00,494.2816666666667,283,0.02120141342756184,"£2,501–£5,000",Repeat,50,3,5,5,13,2965.6900000000005
16498.0,100.97,2,45,2011-06-30 19:52:00,2011-07-01 15:07:00,50.485,1,2.0,£0–£500,Repeat,161,2,3,1,6,100.97
16499.0,365.45,2,127,2010-12-10 10:27:00,2010-12-14 13:31:00,182.725,4,0.5,£0–£500,Repeat,360,1,3,2,6,365.45
16500.0,400.86,6,123,2011-01-13 10:28:00,2011-12-05 12:04:00,66.81,326,0.018404907975460124,£0–£500,Repeat,5,5,5,2,12,400.86
16503.0,1431.93,4,569,2010-12-14 13:50:00,2011-08-25 11:46:00,357.9825,253,0.015810276679841896,"£1,001–£2,500",Repeat,107,2,4,4,10,1431.9299999999998
16504.0,465.88,1,510,2011-11-14 15:18:00,2011-11-14 15:18:00,465.88,1,1.0,£0–£500,One-Time,25,4,2,2,8,465.88
16505.0,777.6,1,576,2011-11-08 12:14:00,2011-11-08 12:14:00,777.6,1,1.0,"£501–£1,000",One-Time,32,4,2,3,9,777.6
16506.0,90.30000000000001,2,42,2011-10-30 15:50:00,2011-11-20 12:17:00,45.150000000000006,20,0.1,£0–£500,Repeat,20,4,3,1,8,90.30000000000001
16509.0,363.7,1,64,2011-02-16 09:25:00,2011-02-16 09:25:00,363.7,1,1.0,£0–£500,One-Time,297,1,2,2,5,363.7
16510.0,248.1,1,92,2010-12-02 13:39:00,2010-12-02 13:39:00,248.1,1,1.0,£0–£500,One-Time,372,1,2,1,4,248.1
16511.0,918.33,3,405,2011-03-18 11:24:00,2011-11-18 10:41:00,306.11,244,0.012295081967213115,"£501–£1,000",Repeat,22,4,4,3,11,918.33
16513.0,874.59,4,407,2011-10-27 14:56:00,2011-12-05 10:18:00,218.6475,38,0.10526315789473684,"£501–£1,000",Repeat,5,5,4,3,12,874.5899999999999
16515.0,1624.14,5,826,2011-02-01 13:09:00,2011-10-18 13:10:00,324.82800000000003,259,0.019305019305019305,"£1,001–£2,500",Repeat,52,3,4,4,11,1624.14
16516.0,101.69999999999999,1,58,2011-11-09 14:59:00,2011-11-09 14:59:00,101.69999999999999,1,1.0,£0–£500,One-Time,30,4,2,1,7,101.69999999999999
16517.0,162.7,1,96,2011-03-07 13:50:00,2011-03-07 13:50:00,162.7,1,1.0,£0–£500,One-Time,277,1,2,1,4,162.7
16518.0,484.32,2,327,2011-02-28 16:36:00,2011-10-09 15:04:00,242.16,222,0.009009009009009009,£0–£500,Repeat,61,3,3,2,8,484.32
16519.0,215.07999999999998,2,54,2010-12-09 14:08:00,2011-11-14 15:41:00,107.53999999999999,340,0.0058823529411764705,£0–£500,Repeat,25,4,3,1,8,215.07999999999998
16520.0,1046.57,3,558,2010-12-09 13:08:00,2011-06-06 13:24:00,348.8566666666666,179,0.01675977653631285,"£1,001–£2,500",Repeat,186,1,4,4,9,1046.57
16523.0,9418.470000000001,21,4265,2011-01-28 12:06:00,2011-12-08 09:06:00,448.4985714285715,313,0.0670926517571885,"£5,001–£10,000",Repeat,2,5,5,5,15,9418.470000000001
16525.0,13027.45,26,7397,2010-12-08 11:31:00,2011-12-07 15:07:00,501.0557692307693,364,0.07142857142857142,"Above £10,000",Repeat,2,5,5,5,15,13027.449999999999
16526.0,290.36,1,106,2011-06-21 12:02:00,2011-06-21 12:02:00,290.36,1,1.0,£0–£500,One-Time,172,2,2,2,6,290.36
16527.0,228.06,1,106,2011-09-19 16:21:00,2011-09-19 16:21:00,228.06,1,1.0,£0–£500,One-Time,81,2,2,1,5,228.06
16528.0,244.41,1,171,2011-12-06 12:45:00,2011-12-06 12:45:00,244.41,1,1.0,£0–£500,One-Time,4,5,2,1,8,244.41
16529.0,455.25,1,198,2011-06-02 17:23:00,2011-06-02 17:23:00,455.25,1,1.0,£0–£500,One-Time,190,1,2,2,5,455.25
16531.0,1244.59,7,915,2010-12-14 13:19:00,2011-11-17 16:29:00,177.79857142857142,338,0.020710059171597635,"£1,001–£2,500",Repeat,22,4,5,4,13,1244.5900000000001
16532.0,6748.8,3,2016,2011-01-05 12:37:00,2011-11-22 11:08:00,2249.6,320,0.009375,"£5,001–£10,000",Repeat,18,4,4,5,13,6748.8
16533.0,1082.81,3,611,2011-10-02 15:07:00,2011-11-20 13:08:00,360.93666666666667,48,0.0625,"£1,001–£2,500",Repeat,19,4,4,4,12,1082.81
16535.0,593.75,1,356,2011-12-04 15:18:00,2011-12-04 15:18:00,593.75,1,1.0,"£501–£1,000",One-Time,5,5,2,3,10,593.75
16536.0,548.12,1,250,2011-08-21 15:54:00,2011-08-21 15:54:00,548.12,1,1.0,"£501–£1,000",One-Time,110,2,2,3,7,548.12
16539.0,1388.81,4,477,2010-12-01 15:40:00,2011-12-07 08:41:00,347.2025,370,0.010810810810810811,"£1,001–£2,500",Repeat,3,5,4,4,13,1388.81
16542.0,119.62,1,46,2011-10-17 10:47:00,2011-10-17 10:47:00,119.62,1,1.0,£0–£500,One-Time,54,3,2,1,6,119.62
16545.0,339.3,1,78,2011-06-28 10:37:00,2011-06-28 10:37:00,339.3,1,1.0,£0–£500,One-Time,165,2,2,2,6,339.3
16546.0,787.15,2,549,2010-12-02 12:07:00,2011-02-22 11:20:00,393.575,81,0.024691358024691357,"£501–£1,000",Repeat,291,1,3,3,7,787.15
16549.0,4034.9,10,2294,2011-01-09 14:03:00,2011-11-29 15:06:00,403.49,324,0.030864197530864196,"£2,501–£5,000",Repeat,10,5,5,5,15,4034.9
16550.0,2298.97,5,1540,2010-12-06 13:53:00,2011-08-23 11:12:00,459.794,259,0.019305019305019305,"£1,001–£2,500",Repeat,109,2,4,5,11,2298.97
16551.0,922.12,3,970,2011-01-07 10:24:00,2011-09-05 09:38:00,307.37333333333333,240,0.0125,"£501–£1,000",Repeat,96,2,4,3,9,922.1200000000001
16552.0,379.73,2,219,2010-12-01 12:36:00,2011-04-11 10:04:00,189.865,130,0.015384615384615385,£0–£500,Repeat,243,1,3,2,6,379.73
16553.0,5719.82,12,4600,2010-12-14 13:58:00,2011-06-29 15:42:00,476.65166666666664,197,0.06091370558375635,"£5,001–£10,000",Repeat,163,2,5,5,12,5719.82
16554.0,837.1,3,402,2011-01-12 12:41:00,2011-10-28 14:51:00,279.03333333333336,289,0.010380622837370242,"£501–£1,000",Repeat,42,3,4,3,10,837.1
16555.0,285.89,2,175,2011-08-22 12:32:00,2011-11-04 14:31:00,142.945,74,0.02702702702702703,£0–£500,Repeat,35,3,3,2,8,285.89
16556.0,3313.79,7,1890,2010-12-14 13:32:00,2011-10-04 11:36:00,473.3985714285714,293,0.023890784982935155,"£2,501–£5,000",Repeat,67,3,5,5,13,3313.79
16557.0,281.85,2,111,2011-07-25 13:28:00,2011-11-15 14:04:00,140.925,113,0.017699115044247787,£0–£500,Repeat,24,4,3,2,9,281.85
16558.0,8338.49,20,5377,2010-12-08 12:01:00,2011-12-09 10:20:00,416.92449999999997,365,0.0547945205479452,"£5,001–£10,000",Repeat,1,5,5,5,15,8338.49
16560.0,841.41,2,500,2010-12-16 14:36:00,2011-11-13 10:35:00,420.705,331,0.006042296072507553,"£501–£1,000",Repeat,27,4,3,3,10,841.4099999999999
16561.0,511.12,2,244,2011-10-11 09:53:00,2011-12-04 11:50:00,255.56,54,0.037037037037037035,"£501–£1,000",Repeat,6,5,3,3,11,511.11999999999995
16563.0,1077.74,1,486,2011-10-17 11:51:00,2011-10-17 11:51:00,1077.74,1,1.0,"£1,001–£2,500",One-Time,54,3,2,4,9,1077.74
16565.0,173.7,1,46,2010-12-10 15:21:00,2010-12-10 15:21:00,173.7,1,1.0,£0–£500,One-Time,364,1,2,1,4,173.7
16566.0,614.66,5,362,2011-02-20 10:29:00,2011-11-24 16:34:00,122.93199999999999,277,0.018050541516245487,"£501–£1,000",Repeat,15,4,4,3,11,614.66
16567.0,865.6,2,996,2011-01-07 09:31:00,2011-05-29 13:57:00,432.8,142,0.014084507042253521,"£501–£1,000",Repeat,194,1,3,3,7,865.6
16569.0,124.2,1,93,2011-12-06 15:32:00,2011-12-06 15:32:00,124.2,1,1.0,£0–£500,One-Time,3,5,2,1,8,124.2
16570.0,3738.4,10,2112,2011-02-01 10:37:00,2011-11-24 17:02:00,373.84000000000003,296,0.033783783783783786,"£2,501–£5,000",Repeat,15,4,5,5,14,3738.4000000000005
16571.0,1421.69,3,1239,2011-03-03 09:41:00,2011-11-13 11:46:00,473.8966666666667,255,0.011764705882352941,"£1,001–£2,500",Repeat,27,4,4,4,12,1421.69
16572.0,1009.6,3,532,2011-03-09 12:04:00,2011-08-04 16:34:00,336.53333333333336,148,0.02027027027027027,"£1,001–£2,500",Repeat,127,2,4,4,10,1009.6
16573.0,663.61,2,360,2011-02-22 15:14:00,2011-09-16 09:13:00,331.805,205,0.00975609756097561,"£501–£1,000",Repeat,85,2,3,3,8,663.61
16574.0,451.44,1,416,2011-09-29 13:39:00,2011-09-29 13:39:00,451.44,1,1.0,£0–£500,One-Time,71,3,2,2,7,451.44
16581.0,105.84,1,134,2011-06-10 10:05:00,2011-06-10 10:05:00,105.84,1,1.0,£0–£500,One-Time,183,1,2,1,4,105.84
16582.0,313.62,1,164,2011-08-18 17:02:00,2011-08-18 17:02:00,313.62,1,1.0,£0–£500,One-Time,113,2,2,2,6,313.62
16583.0,233.45,1,111,2010-12-01 12:03:00,2010-12-01 12:03:00,233.45,1,1.0,£0–£500,One-Time,374,1,2,1,4,233.45
16584.0,936.08,2,646,2011-03-30 13:14:00,2011-09-20 13:45:00,468.04,174,0.011494252873563218,"£501–£1,000",Repeat,80,2,3,4,9,936.08
16586.0,463.95,1,95,2011-04-05 09:32:00,2011-04-05 09:32:00,463.95,1,1.0,£0–£500,One-Time,249,1,2,2,5,463.95
16587.0,225.15,1,71,2011-04-21 15:51:00,2011-04-21 15:51:00,225.15,1,1.0,£0–£500,One-Time,232,1,2,1,4,225.15
16589.0,459.24,3,368,2011-07-01 13:31:00,2011-09-29 14:50:00,153.08,90,0.03333333333333333,£0–£500,Repeat,71,3,4,2,9,459.24
16591.0,213.5,1,41,2011-10-02 10:43:00,2011-10-02 10:43:00,213.5,1,1.0,£0–£500,One-Time,69,3,2,1,6,213.5
16592.0,4113.68,16,2927,2011-02-25 10:19:00,2011-12-05 13:49:00,257.105,283,0.05653710247349823,"£2,501–£5,000",Repeat,4,5,5,5,15,4113.68
16593.0,330.03,3,116,2011-01-16 12:11:00,2011-10-20 12:41:00,110.00999999999999,277,0.010830324909747292,£0–£500,Repeat,51,3,4,2,9,330.0299999999999
16594.0,181.09,1,64,2011-09-25 14:08:00,2011-09-25 14:08:00,181.09,1,1.0,£0–£500,One-Time,75,2,2,1,5,181.09
16595.0,360.16,1,335,2011-10-09 13:15:00,2011-10-09 13:15:00,360.16,1,1.0,£0–£500,One-Time,61,3,2,2,7,360.16
16596.0,250.15,2,97,2010-12-08 16:18:00,2011-11-24 10:02:00,125.075,350,0.005714285714285714,£0–£500,Repeat,16,4,3,2,9,250.15
16597.0,90.04,1,184,2011-12-05 15:44:00,2011-12-05 15:44:00,90.04,1,1.0,£0–£500,One-Time,4,5,2,1,8,90.04
16598.0,145.04999999999998,1,73,2011-02-27 11:42:00,2011-02-27 11:42:00,145.04999999999998,1,1.0,£0–£500,One-Time,286,1,2,1,4,145.04999999999998
16600.0,813.52,6,1145,2011-01-05 12:13:00,2011-12-05 16:00:00,135.58666666666667,334,0.017964071856287425,"£501–£1,000",Repeat,4,5,5,3,13,813.52
16601.0,242.7,1,133,2011-10-30 11:09:00,2011-10-30 11:09:00,242.7,1,1.0,£0–£500,One-Time,41,3,2,1,6,242.7
16602.0,528.08,1,336,2011-11-03 15:54:00,2011-11-03 15:54:00,528.08,1,1.0,"£501–£1,000",One-Time,36,3,2,3,8,528.08
16603.0,482.47,2,480,2011-09-09 13:02:00,2011-09-26 10:06:00,241.235,16,0.125,£0–£500,Repeat,75,2,3,2,7,482.47
16607.0,3347.71,14,2859,2010-12-16 08:41:00,2011-11-22 10:24:00,239.12214285714285,341,0.04105571847507331,"£2,501–£5,000",Repeat,18,4,5,5,14,3347.7099999999996
16609.0,5493.46,7,2420,2011-04-01 10:11:00,2011-11-24 13:32:00,784.78,237,0.029535864978902954,"£5,001–£10,000",Repeat,15,4,5,5,14,5493.46
16610.0,75.66,1,66,2011-05-04 13:13:00,2011-05-04 13:13:00,75.66,1,1.0,£0–£500,One-Time,219,1,2,1,4,75.66
16611.0,129.49,1,47,2011-06-06 15:46:00,2011-06-06 15:46:00,129.49,1,1.0,£0–£500,One-Time,186,1,2,1,4,129.49
16612.0,1187.66,4,506,2011-02-01 10:38:00,2011-11-07 07:38:00,296.915,278,0.014388489208633094,"£1,001–£2,500",Repeat,33,4,4,4,12,1187.66
16613.0,618.59,1,293,2011-09-30 15:52:00,2011-09-30 15:52:00,618.59,1,1.0,"£501–£1,000",One-Time,70,3,2,3,8,618.59
16614.0,506.19,1,223,2011-06-10 11:36:00,2011-06-10 11:36:00,506.19,1,1.0,"£501–£1,000",One-Time,183,1,2,3,6,506.19
16616.0,500.42,2,370,2011-07-05 13:38:00,2011-11-24 16:31:00,250.21,142,0.014084507042253521,"£501–£1,000",Repeat,15,4,3,3,10,500.42
16617.0,151.85,1,91,2011-04-18 10:35:00,2011-04-18 10:35:00,151.85,1,1.0,£0–£500,One-Time,236,1,2,1,4,151.85
16618.0,2647.59,5,1363,2011-01-21 11:55:00,2011-11-08 13:52:00,529.518,291,0.01718213058419244,"£2,501–£5,000",Repeat,31,4,4,5,13,2647.5900000000006
16619.0,226.21,1,133,2011-03-21 08:18:00,2011-03-21 08:18:00,226.21,1,1.0,£0–£500,One-Time,264,1,2,1,4,226.21
16620.0,178.96,2,88,2011-03-24 10:37:00,2011-12-06 12:19:00,89.48,257,0.007782101167315175,£0–£500,Repeat,4,5,3,1,9,178.96
16621.0,813.48,4,302,2011-03-07 11:32:00,2011-10-19 11:38:00,203.37,226,0.017699115044247787,"£501–£1,000",Repeat,52,3,4,3,10,813.48
16623.0,129.45,1,39,2011-04-08 10:09:00,2011-04-08 10:09:00,129.45,1,1.0,£0–£500,One-Time,246,1,2,1,4,129.45
16624.0,810.5699999999999,2,488,2011-05-26 14:20:00,2011-09-20 12:39:00,405.28499999999997,116,0.017241379310344827,"£501–£1,000",Repeat,81,2,3,3,8,810.5699999999999
16625.0,333.08,1,164,2011-03-10 12:50:00,2011-03-10 12:50:00,333.08,1,1.0,£0–£500,One-Time,275,1,2,2,5,333.08
16626.0,4413.1,17,2690,2011-03-18 12:27:00,2011-12-09 11:56:00,259.59411764705885,265,0.06415094339622641,"£2,501–£5,000",Repeat,1,5,5,5,15,4413.1
16627.0,322.8,1,162,2011-09-21 14:38:00,2011-09-21 14:38:00,322.8,1,1.0,£0–£500,One-Time,79,2,2,2,6,322.8
16628.0,2188.05,5,1205,2011-04-19 08:55:00,2011-11-10 12:45:00,437.61,205,0.024390243902439025,"£1,001–£2,500",Repeat,30,4,4,5,13,2188.05
16629.0,408.63,2,489,2011-09-04 16:12:00,2011-09-27 10:34:00,204.315,22,0.09090909090909091,£0–£500,Repeat,74,2,3,2,7,408.63
16633.0,2883.1,6,1138,2011-04-19 14:36:00,2011-11-22 13:41:00,480.51666666666665,216,0.027777777777777776,"£2,501–£5,000",Repeat,17,4,5,5,14,2883.1
16634.0,217.9,2,82,2010-12-02 17:41:00,2011-05-01 12:09:00,108.95,149,0.013422818791946308,£0–£500,Repeat,223,1,3,1,5,217.9
16637.0,1154.47,4,927,2011-04-28 10:20:00,2011-11-07 13:17:00,288.6175,193,0.02072538860103627,"£1,001–£2,500",Repeat,32,4,4,4,12,1154.47
16638.0,1680.72,10,1255,2010-12-06 10:19:00,2011-11-17 11:09:00,168.072,346,0.028901734104046242,"£1,001–£2,500",Repeat,23,4,5,4,13,1680.7199999999998
16639.0,1257.51,3,510,2011-04-18 09:31:00,2011-11-08 13:20:00,419.17,204,0.014705882352941176,"£1,001–£2,500",Repeat,31,4,4,4,12,1257.51
16641.0,231.10000000000002,1,256,2011-08-26 12:49:00,2011-08-26 12:49:00,231.10000000000002,1,1.0,£0–£500,One-Time,106,2,2,1,5,231.10000000000002
16642.0,688.33,2,479,2011-05-16 12:35:00,2011-12-05 11:31:00,344.165,202,0.009900990099009901,"£501–£1,000",Repeat,5,5,3,3,11,688.33
16643.0,487.51,1,269,2011-04-08 08:24:00,2011-04-08 08:24:00,487.51,1,1.0,£0–£500,One-Time,246,1,2,3,6,487.51
16644.0,833.78,2,826,2011-05-11 12:53:00,2011-06-15 12:39:00,416.89,34,0.058823529411764705,"£501–£1,000",Repeat,178,2,3,3,8,833.78
16647.0,214.06,2,146,2011-05-19 09:31:00,2011-06-23 11:47:00,107.03,35,0.05714285714285714,£0–£500,Repeat,170,2,3,1,6,214.06
16648.0,290.65999999999997,1,281,2011-10-28 08:58:00,2011-10-28 08:58:00,290.65999999999997,1,1.0,£0–£500,One-Time,43,3,2,2,7,290.65999999999997
16650.0,518.42,1,372,2011-09-29 09:51:00,2011-09-29 09:51:00,518.42,1,1.0,"£501–£1,000",One-Time,72,3,2,3,8,518.42
16652.0,6773.97,7,3283,2011-03-11 13:13:00,2011-10-12 09:38:00,967.71,214,0.03271028037383177,"£5,001–£10,000",Repeat,59,3,5,5,13,6773.969999999999
16653.0,1212.66,2,733,2011-09-29 13:38:00,2011-11-23 14:51:00,606.33,55,0.03636363636363636,"£1,001–£2,500",Repeat,16,4,3,4,11,1212.6599999999999
16654.0,601.27,4,282,2010-12-06 15:09:00,2011-07-21 15:23:00,150.3175,227,0.01762114537444934,"£501–£1,000",Repeat,141,2,4,3,9,601.27
16655.0,3789.52,6,2363,2011-01-12 10:16:00,2011-11-22 11:25:00,631.5866666666667,314,0.01910828025477707,"£2,501–£5,000",Repeat,18,4,5,5,14,3789.52
16656.0,8625.8,15,8894,2010-12-10 11:23:00,2011-11-17 14:43:00,575.0533333333333,342,0.043859649122807015,"£5,001–£10,000",Repeat,22,4,5,5,14,8625.8
16657.0,874.43,4,1130,2011-03-30 12:02:00,2011-11-30 11:48:00,218.6075,244,0.01639344262295082,"£501–£1,000",Repeat,10,5,4,3,12,874.43
16658.0,123.24,1,40,2010-12-06 13:47:00,2010-12-06 13:47:00,123.24,1,1.0,£0–£500,One-Time,368,1,2,1,4,123.24
16659.0,39.12,1,72,2011-06-03 15:03:00,2011-06-03 15:03:00,39.12,1,1.0,£0–£500,One-Time,189,1,2,1,4,39.12
16660.0,1267.6499999999999,4,571,2011-01-24 12:44:00,2011-11-23 14:53:00,316.91249999999997,303,0.013201320132013201,"£1,001–£2,500",Repeat,16,4,4,4,12,1267.6499999999999
16665.0,135.39999999999998,1,59,2010-12-12 14:03:00,2010-12-12 14:03:00,135.39999999999998,1,1.0,£0–£500,One-Time,362,1,2,1,4,135.39999999999998
16666.0,118.98,1,233,2011-11-20 14:01:00,2011-11-20 14:01:00,118.98,1,1.0,£0–£500,One-Time,19,4,2,1,7,118.98
16667.0,567.1800000000001,2,236,2011-02-28 12:57:00,2011-10-02 15:26:00,283.59000000000003,216,0.009259259259259259,"£501–£1,000",Repeat,68,3,3,3,9,567.1800000000001
16668.0,306.71999999999997,6,318,2011-02-28 12:46:00,2011-11-24 17:43:00,51.12,269,0.022304832713754646,£0–£500,Repeat,15,4,5,2,11,306.71999999999997
16669.0,1348.88,3,881,2011-09-22 14:13:00,2011-11-16 12:26:00,449.6266666666667,54,0.05555555555555555,"£1,001–£2,500",Repeat,24,4,4,4,12,1348.88
16670.0,4095.9,11,2556,2010-12-16 10:30:00,2011-11-23 09:34:00,372.3545454545455,341,0.03225806451612903,"£2,501–£5,000",Repeat,17,4,5,5,14,4095.9
16671.0,1692.27,3,875,2011-06-28 11:20:00,2011-11-11 13:40:00,564.09,136,0.022058823529411766,"£1,001–£2,500",Repeat,28,4,4,4,12,1692.2700000000002
16672.0,8134.9400000000005,20,2832,2011-03-18 10:15:00,2011-12-07 16:29:00,406.747,264,0.07575757575757576,"£5,001–£10,000",Repeat,2,5,5,5,15,8134.9400000000005
16674.0,304.24,2,181,2011-09-02 13:59:00,2011-10-16 11:31:00,152.12,43,0.046511627906976744,£0–£500,Repeat,55,3,3,2,8,304.24
16676.0,1592.1200000000001,4,636,2011-01-06 13:00:00,2011-11-06 12:01:00,398.03000000000003,303,0.013201320132013201,"£1,001–£2,500",Repeat,34,3,4,4,11,1592.1200000000001
16678.0,3109.99,12,2397,2011-03-02 09:24:00,2011-12-07 12:17:00,259.1658333333333,280,0.04285714285714286,"£2,501–£5,000",Repeat,3,5,5,5,15,3109.99
16679.0,129.75,1,29,2010-12-08 13:51:00,2010-12-08 13:51:00,129.75,1,1.0,£0–£500,One-Time,366,1,2,1,4,129.75
16680.0,183.7,1,94,2011-10-27 17:35:00,2011-10-27 17:35:00,183.7,1,1.0,£0–£500,One-Time,43,3,2,1,6,183.7
16681.0,1770.34,6,1407,2011-03-31 13:46:00,2011-09-28 11:11:00,295.0566666666667,180,0.03333333333333333,"£1,001–£2,500",Repeat,73,2,5,4,11,1770.3400000000001
16682.0,1028.0,5,1040,2011-06-05 11:02:00,2011-12-05 12:13:00,205.6,183,0.0273224043715847,"£1,001–£2,500",Repeat,5,5,4,4,13,1028.0
16684.0,66653.56,28,50255,2010-12-16 17:34:00,2011-12-05 14:06:00,2380.4842857142858,353,0.07932011331444759,"Above £10,000",Repeat,4,5,5,5,15,66653.56
16685.0,324.24,2,396,2011-10-09 13:44:00,2011-10-09 13:58:00,162.12,1,2.0,£0–£500,Repeat,61,3,3,2,8,324.24
16686.0,2959.88,7,1977,2010-12-19 14:41:00,2011-10-23 13:49:00,422.84000000000003,307,0.02280130293159609,"£2,501–£5,000",Repeat,47,3,5,5,13,2959.8800000000006
16688.0,1260.86,4,804,2011-10-10 12:23:00,2011-12-08 15:24:00,315.215,59,0.06779661016949153,"£1,001–£2,500",Repeat,1,5,4,4,13,1260.86
16689.0,422.59999999999997,2,330,2011-09-18 13:29:00,2011-09-25 11:39:00,211.29999999999998,6,0.3333333333333333,£0–£500,Repeat,76,2,3,2,7,422.5999999999999
16690.0,225.57999999999998,2,138,2011-05-22 10:53:00,2011-09-28 15:02:00,112.78999999999999,129,0.015503875968992248,£0–£500,Repeat,72,3,3,1,7,225.57999999999996
16692.0,1276.0,2,152,2011-02-23 15:41:00,2011-03-28 14:46:00,638.0,32,0.0625,"£1,001–£2,500",Repeat,256,1,3,4,8,1276.0
16693.0,477.86,2,203,2011-03-13 11:06:00,2011-10-02 11:10:00,238.93,203,0.009852216748768473,£0–£500,Repeat,69,3,3,2,8,477.86000000000007
16696.0,657.9000000000001,4,146,2011-04-05 15:20:00,2011-07-27 14:23:00,164.47500000000002,112,0.03571428571428571,"£501–£1,000",Repeat,135,2,4,3,9,657.9000000000001
16697.0,112.75,1,27,2011-04-12 17:12:00,2011-04-12 17:12:00,112.75,1,1.0,£0–£500,One-Time,241,1,2,1,4,112.75
16698.0,1998.0,2,840,2011-03-31 13:33:00,2011-04-27 10:52:00,999.0,26,0.07692307692307693,"£1,001–£2,500",Repeat,227,1,3,4,8,1998.0000000000002
16700.0,5076.55,13,4024,2010-12-08 16:34:00,2011-12-01 11:00:00,390.50384615384615,357,0.036414565826330535,"£5,001–£10,000",Repeat,9,5,5,5,15,5076.550000000001
16701.0,5398.3,13,6393,2010-12-13 11:51:00,2011-12-01 11:10:00,415.25384615384615,352,0.036931818181818184,"£5,001–£10,000",Repeat,9,5,5,5,15,5398.3
16705.0,14034.99,20,5476,2010-12-16 10:51:00,2011-12-09 12:08:00,701.7495,358,0.055865921787709494,"Above £10,000",Repeat,1,5,5,5,15,14034.99
16706.0,531.35,3,249,2011-08-17 15:53:00,2011-11-02 13:50:00,177.11666666666667,76,0.039473684210526314,"£501–£1,000",Repeat,37,3,4,3,10,531.35
16708.0,656.63,1,285,2011-10-25 12:20:00,2011-10-25 12:20:00,656.63,1,1.0,"£501–£1,000",One-Time,46,3,2,3,8,656.63
16709.0,3029.87,5,851,2011-03-03 10:55:00,2011-09-16 10:56:00,605.9739999999999,197,0.025380710659898477,"£2,501–£5,000",Repeat,85,2,4,5,11,3029.8699999999994
16710.0,2467.99,10,1823,2010-12-06 13:13:00,2011-11-20 14:50:00,246.79899999999998,349,0.02865329512893983,"£1,001–£2,500",Repeat,19,4,5,5,14,2467.99
16711.0,1651.03,5,833,2010-12-17 12:43:00,2011-12-06 16:32:00,330.206,354,0.014124293785310734,"£1,001–£2,500",Repeat,3,5,4,4,13,1651.0300000000002
16712.0,3611.31,11,1730,2011-03-08 15:07:00,2011-11-30 13:48:00,328.3009090909091,266,0.041353383458646614,"£2,501–£5,000",Repeat,9,5,5,5,15,3611.31
16713.0,6910.78,15,4271,2010-12-08 13:01:00,2011-11-21 12:36:00,460.71866666666665,347,0.043227665706051875,"£5,001–£10,000",Repeat,19,4,5,5,14,6910.78
16714.0,1129.06,3,589,2011-01-26 13:40:00,2011-05-05 11:09:00,376.3533333333333,98,0.030612244897959183,"£1,001–£2,500",Repeat,219,1,4,4,9,1129.0599999999997
16715.0,301.71999999999997,1,642,2011-09-22 18:15:00,2011-09-22 18:15:00,301.71999999999997,1,1.0,£0–£500,One-Time,78,2,2,2,6,301.71999999999997
16716.0,901.2,2,120,2011-02-01 15:35:00,2011-03-18 10:03:00,450.6,44,0.045454545454545456,"£501–£1,000",Repeat,267,1,3,3,7,901.2
16717.0,3843.08,6,1860,2010-12-08 16:48:00,2011-11-16 12:16:00,640.5133333333333,342,0.017543859649122806,"£2,501–£5,000",Repeat,24,4,5,5,14,3843.0799999999995
16718.0,606.0500000000001,1,407,2010-12-05 13:03:00,2010-12-05 13:03:00,606.0500000000001,1,1.0,"£501–£1,000",One-Time,369,1,2,3,6,606.0500000000001
16719.0,1770.22,7,1175,2010-12-06 12:06:00,2011-11-25 09:27:00,252.88857142857142,353,0.019830028328611898,"£1,001–£2,500",Repeat,15,4,5,4,13,1770.22
16720.0,152.95,1,180,2011-11-13 16:22:00,2011-11-13 16:22:00,152.95,1,1.0,£0–£500,One-Time,26,4,2,1,7,152.95
16721.0,292.47,1,172,2011-03-22 16:08:00,2011-03-22 16:08:00,292.47,1,1.0,£0–£500,One-Time,262,1,2,2,5,292.47
16722.0,4730.81,13,5001,2010-12-06 12:59:00,2011-11-22 13:28:00,363.90846153846155,351,0.037037037037037035,"£2,501–£5,000",Repeat,17,4,5,5,14,4730.81
16723.0,576.4,2,398,2011-08-24 11:31:00,2011-09-09 13:01:00,288.2,16,0.125,"£501–£1,000",Repeat,91,2,3,3,8,576.4
16725.0,758.27,7,288,2010-12-03 16:02:00,2011-02-10 16:52:00,108.32428571428571,69,0.10144927536231885,"£501–£1,000",Repeat,302,1,5,3,9,758.27
16726.0,1358.74,5,945,2010-12-13 13:28:00,2011-11-13 14:53:00,271.748,335,0.014925373134328358,"£1,001–£2,500",Repeat,26,4,4,4,12,1358.74
16727.0,256.32,1,167,2010-12-10 13:48:00,2010-12-10 13:48:00,256.32,1,1.0,£0–£500,One-Time,364,1,2,2,5,256.32
16728.0,1048.28,4,671,2011-03-20 13:28:00,2011-10-24 14:36:00,262.07,218,0.01834862385321101,"£1,001–£2,500",Repeat,46,3,4,4,11,1048.28
16729.0,7205.33,21,5722,2011-04-12 14:22:00,2011-11-01 14:29:00,343.11095238095237,203,0.10344827586206896,"£5,001–£10,000",Repeat,38,3,5,5,13,7205.33
16730.0,743.11,3,994,2011-01-24 14:01:00,2011-10-18 14:11:00,247.70333333333335,267,0.011235955056179775,"£501–£1,000",Repeat,52,3,4,3,10,743.11
16732.0,603.75,1,317,2011-11-08 09:54:00,2011-11-08 09:54:00,603.75,1,1.0,"£501–£1,000",One-Time,32,4,2,3,9,603.75
16734.0,646.76,3,345,2011-08-17 15:00:00,2011-10-18 13:44:00,215.58666666666667,61,0.04918032786885246,"£501–£1,000",Repeat,52,3,4,3,10,646.76
16735.0,2247.41,5,1532,2011-01-09 12:53:00,2011-09-22 11:49:00,449.48199999999997,255,0.0196078431372549,"£1,001–£2,500",Repeat,79,2,4,5,11,2247.41
16737.0,417.59999999999997,1,288,2011-10-17 13:03:00,2011-10-17 13:03:00,417.59999999999997,1,1.0,£0–£500,One-Time,53,3,2,2,7,417.59999999999997
16738.0,3.75,1,3,2011-02-15 09:46:00,2011-02-15 09:46:00,3.75,1,1.0,£0–£500,One-Time,298,1,2,1,4,3.75
16739.0,323.0,1,172,2011-06-16 09:17:00,2011-06-16 09:17:00,323.0,1,1.0,£0–£500,One-Time,177,2,2,2,6,323.0
16742.0,464.9,1,1,2011-10-24 12:02:00,2011-10-24 12:02:00,464.9,1,1.0,£0–£500,One-Time,47,3,2,2,7,464.9
16743.0,2213.13,7,2035,2010-12-16 12:15:00,2011-11-10 13:13:00,316.1614285714286,329,0.02127659574468085,"£1,001–£2,500",Repeat,29,4,5,5,14,2213.13
16744.0,1291.91,7,798,2011-06-19 15:13:00,2011-11-28 13:06:00,184.55857142857144,161,0.043478260869565216,"£1,001–£2,500",Repeat,11,5,5,4,14,1291.9099999999999
16745.0,7180.7,17,6719,2011-02-01 11:31:00,2011-09-14 11:58:00,422.3941176470588,225,0.07555555555555556,"£5,001–£10,000",Repeat,87,2,5,5,12,7180.7
16746.0,6680.11,18,4660,2010-12-16 11:43:00,2011-12-05 12:33:00,371.1172222222222,354,0.05084745762711865,"£5,001–£10,000",Repeat,5,5,5,5,15,6680.110000000001
16747.0,836.06,2,583,2011-10-03 10:18:00,2011-11-02 11:37:00,418.03,30,0.06666666666666667,"£501–£1,000",Repeat,38,3,3,3,9,836.06
16748.0,1515.9,5,880,2011-01-09 13:50:00,2011-11-22 10:17:00,303.18,316,0.015822784810126583,"£1,001–£2,500",Repeat,18,4,4,4,12,1515.9
16750.0,623.93,5,214,2011-04-21 16:53:00,2011-10-26 12:48:00,124.78599999999999,187,0.026737967914438502,"£501–£1,000",Repeat,45,3,4,3,10,623.93
16751.0,1764.72,1,1031,2011-11-09 10:48:00,2011-11-09 10:48:00,1764.72,1,1.0,"£1,001–£2,500",One-Time,31,4,2,4,10,1764.72
16752.0,207.5,1,54,2010-12-02 12:18:00,2010-12-02 12:18:00,207.5,1,1.0,£0–£500,One-Time,373,1,2,1,4,207.5
16753.0,223.92000000000002,1,189,2011-10-12 13:14:00,2011-10-12 13:14:00,223.92000000000002,1,1.0,£0–£500,One-Time,58,3,2,1,6,223.92000000000002
16754.0,2002.4,1,4280,2010-12-02 17:38:00,2010-12-02 17:38:00,2002.4,1,1.0,"£1,001–£2,500",One-Time,372,1,2,4,7,2002.4
16755.0,1475.43,3,1058,2011-01-28 10:47:00,2011-08-17 13:21:00,491.81,201,0.014925373134328358,"£1,001–£2,500",Repeat,114,2,4,4,10,1475.43
16756.0,239.4,1,106,2011-05-09 09:33:00,2011-05-09 09:33:00,239.4,1,1.0,£0–£500,One-Time,215,1,2,1,4,239.4
16757.0,106.83000000000001,1,81,2011-01-25 11:59:00,2011-01-25 11:59:00,106.83000000000001,1,1.0,£0–£500,One-Time,319,1,2,1,4,106.83000000000001
16758.0,369.34000000000003,1,203,2011-10-05 14:47:00,2011-10-05 14:47:00,369.34000000000003,1,1.0,£0–£500,One-Time,65,3,2,2,7,369.34000000000003
16759.0,789.79,3,609,2011-11-09 09:06:00,2011-12-02 12:42:00,263.2633333333333,23,0.13043478260869565,"£501–£1,000",Repeat,8,5,4,3,12,789.79
16761.0,316.62,1,341,2011-09-04 11:15:00,2011-09-04 11:15:00,316.62,1,1.0,£0–£500,One-Time,97,2,2,2,6,316.62
16762.0,1207.24,3,480,2011-07-18 12:52:00,2011-11-20 11:43:00,402.41333333333336,124,0.024193548387096774,"£1,001–£2,500",Repeat,20,4,4,4,12,1207.24
16763.0,611.85,1,319,2011-05-25 11:52:00,2011-05-25 11:52:00,611.85,1,1.0,"£501–£1,000",One-Time,199,1,2,3,6,611.85
16764.0,2790.9500000000003,13,1253,2011-07-19 17:17:00,2011-12-06 11:41:00,214.68846153846155,139,0.09352517985611511,"£2,501–£5,000",Repeat,4,5,5,5,15,2790.9500000000003
16765.0,34.0,1,4,2011-02-18 15:41:00,2011-02-18 15:41:00,34.0,1,1.0,£0–£500,One-Time,294,1,2,1,4,34.0
16766.0,1145.6,2,536,2011-03-11 13:34:00,2011-03-11 15:22:00,572.8,1,2.0,"£1,001–£2,500",Repeat,273,1,3,4,8,1145.6
16767.0,5575.56,11,4423,2011-01-27 13:38:00,2011-11-09 09:42:00,506.86909090909097,285,0.03859649122807018,"£5,001–£10,000",Repeat,31,4,5,5,14,5575.56
16768.0,478.09000000000003,3,196,2011-03-13 10:25:00,2011-10-23 10:38:00,159.36333333333334,224,0.013392857142857142,£0–£500,Repeat,48,3,4,2,9,478.09000000000003
16769.0,361.54,1,80,2011-03-24 13:41:00,2011-03-24 13:41:00,361.54,1,1.0,£0–£500,One-Time,260,1,2,2,5,361.54
16770.0,757.1,5,456,2010-12-02 15:49:00,2011-10-13 12:21:00,151.42000000000002,314,0.01592356687898089,"£501–£1,000",Repeat,58,3,4,3,10,757.1
16771.0,2242.61,5,1487,2011-01-05 13:57:00,2011-11-06 13:28:00,448.52200000000005,304,0.01644736842105263,"£1,001–£2,500",Repeat,33,4,4,5,13,2242.61
16773.0,171.59,1,171,2011-10-13 14:37:00,2011-10-13 14:37:00,171.59,1,1.0,£0–£500,One-Time,57,3,2,1,6,171.59
16774.0,661.52,4,322,2011-06-14 12:45:00,2011-10-03 12:41:00,165.38,110,0.03636363636363636,"£501–£1,000",Repeat,68,3,4,3,10,661.52
16775.0,1691.51,11,439,2010-12-07 15:15:00,2011-11-29 15:22:00,153.77363636363637,357,0.03081232492997199,"£1,001–£2,500",Repeat,10,5,5,4,14,1691.5100000000002
16776.0,371.54,1,254,2011-10-10 13:04:00,2011-10-10 13:04:00,371.54,1,1.0,£0–£500,One-Time,60,3,2,2,7,371.54
16777.0,222.62,2,62,2011-03-27 14:34:00,2011-09-20 13:41:00,111.31,176,0.011363636363636364,£0–£500,Repeat,80,2,3,1,6,222.62
16778.0,245.94,2,194,2011-03-10 15:21:00,2011-09-26 13:48:00,122.97,199,0.010050251256281407,£0–£500,Repeat,74,2,3,1,6,245.94
16779.0,10611.720000000001,22,5301,2010-12-08 09:56:00,2011-12-07 14:54:00,482.35090909090917,364,0.06043956043956044,"Above £10,000",Repeat,2,5,5,5,15,10611.720000000001
16780.0,422.24,2,270,2011-03-25 17:34:00,2011-08-31 16:09:00,211.12,158,0.012658227848101266,£0–£500,Repeat,100,2,3,2,7,422.24
16781.0,311.25,1,113,2010-12-02 14:26:00,2010-12-02 14:26:00,311.25,1,1.0,£0–£500,One-Time,372,1,2,2,5,311.25
16782.0,2267.9500000000003,13,705,2010-12-09 11:28:00,2011-11-29 13:20:00,174.45769230769233,355,0.036619718309859155,"£1,001–£2,500",Repeat,10,5,5,5,15,2267.9500000000003
16784.0,107.6,1,24,2011-11-20 12:20:00,2011-11-20 12:20:00,107.6,1,1.0,£0–£500,One-Time,20,4,2,1,7,107.6
16788.0,594.39,2,304,2011-03-30 13:05:00,2011-08-08 14:53:00,297.195,131,0.015267175572519083,"£501–£1,000",Repeat,123,2,3,3,8,594.39
16789.0,80.8,1,32,2011-12-01 15:12:00,2011-12-01 15:12:00,80.8,1,1.0,£0–£500,One-Time,8,5,2,1,8,80.8
16790.0,1545.6200000000001,6,898,2011-11-02 11:23:00,2011-12-06 11:53:00,257.60333333333335,34,0.17647058823529413,"£1,001–£2,500",Repeat,4,5,5,4,14,1545.6200000000003
16791.0,1705.78,7,757,2011-01-11 15:42:00,2011-11-10 19:12:00,243.68285714285713,303,0.0231023102310231,"£1,001–£2,500",Repeat,29,4,5,4,13,1705.7799999999997
16792.0,110.38000000000001,2,44,2011-03-02 14:39:00,2011-03-02 14:41:00,55.190000000000005,1,2.0,£0–£500,Repeat,282,1,3,1,5,110.38000000000001
16793.0,243.84,1,146,2011-10-13 15:08:00,2011-10-13 15:08:00,243.84,1,1.0,£0–£500,One-Time,57,3,2,1,6,243.84
16794.0,1196.5,10,923,2011-06-12 14:15:00,2011-12-08 17:54:00,119.65,179,0.055865921787709494,"£1,001–£2,500",Repeat,1,5,5,4,14,1196.5
16795.0,414.88,1,239,2010-12-09 14:08:00,2010-12-09 14:08:00,414.88,1,1.0,£0–£500,One-Time,365,1,2,2,5,414.88
16796.0,305.62,1,186,2011-09-11 14:01:00,2011-09-11 14:01:00,305.62,1,1.0,£0–£500,One-Time,89,2,2,2,6,305.62
16800.0,1162.65,1,524,2011-11-28 14:06:00,2011-11-28 14:06:00,1162.65,1,1.0,"£1,001–£2,500",One-Time,11,5,2,4,11,1162.65
16801.0,1594.23,4,493,2011-03-11 13:56:00,2011-06-29 15:33:00,398.5575,110,0.03636363636363636,"£1,001–£2,500",Repeat,163,2,4,4,10,1594.23
16803.0,332.3,1,245,2011-10-05 14:28:00,2011-10-05 14:28:00,332.3,1,1.0,£0–£500,One-Time,65,3,2,2,7,332.3
16804.0,536.99,3,246,2011-03-14 15:48:00,2011-11-16 16:43:00,178.99666666666667,247,0.012145748987854251,"£501–£1,000",Repeat,23,4,4,3,11,536.99
16805.0,460.59,2,539,2010-12-14 13:35:00,2011-06-19 11:23:00,230.295,186,0.010752688172043012,£0–£500,Repeat,174,2,3,2,7,460.59000000000003
16806.0,762.16,4,356,2011-04-14 19:59:00,2011-08-28 15:27:00,190.54,135,0.02962962962962963,"£501–£1,000",Repeat,103,2,4,3,9,762.16
16807.0,1121.59,3,778,2011-03-14 09:46:00,2011-07-20 12:00:00,373.8633333333333,128,0.0234375,"£1,001–£2,500",Repeat,143,2,4,4,10,1121.59
16808.0,288.42,2,196,2011-03-10 19:05:00,2011-09-01 19:34:00,144.21,175,0.011428571428571429,£0–£500,Repeat,99,2,3,2,7,288.42
16809.0,914.69,5,652,2011-03-22 15:20:00,2011-11-16 15:45:00,182.93800000000002,239,0.02092050209205021,"£501–£1,000",Repeat,23,4,4,3,11,914.69
16810.0,309.54,1,114,2011-05-31 15:32:00,2011-05-31 15:32:00,309.54,1,1.0,£0–£500,One-Time,192,1,2,2,5,309.54
16811.0,547.07,2,477,2011-11-22 17:19:00,2011-12-05 11:39:00,273.535,12,0.16666666666666666,"£501–£1,000",Repeat,5,5,3,3,11,547.07
16812.0,479.35,1,81,2010-12-14 12:35:00,2010-12-14 12:35:00,479.35,1,1.0,£0–£500,One-Time,361,1,2,2,5,479.35
16813.0,1652.18,10,1501,2011-05-19 13:28:00,2011-12-01 14:03:00,165.21800000000002,196,0.05102040816326531,"£1,001–£2,500",Repeat,8,5,5,4,14,1652.18
16814.0,6416.7,21,2697,2010-12-05 11:45:00,2011-11-25 13:27:00,305.5571428571428,355,0.059154929577464786,"£5,001–£10,000",Repeat,14,4,5,5,14,6416.699999999999
16816.0,417.06,4,274,2010-12-16 17:01:00,2011-08-28 14:16:00,104.265,254,0.015748031496062992,£0–£500,Repeat,103,2,4,2,8,417.06
16817.0,1604.75,9,822,2010-12-06 14:19:00,2011-12-07 11:03:00,178.30555555555554,365,0.024657534246575342,"£1,001–£2,500",Repeat,3,5,5,4,14,1604.7499999999998
16818.0,3349.57,11,2164,2011-05-18 11:42:00,2011-11-29 10:41:00,304.50636363636363,194,0.05670103092783505,"£2,501–£5,000",Repeat,11,5,5,5,15,3349.57
16820.0,497.61,1,307,2011-09-05 12:06:00,2011-09-05 12:06:00,497.61,1,1.0,£0–£500,One-Time,96,2,2,3,7,497.61
16823.0,358.38,1,136,2011-04-26 15:00:00,2011-04-26 15:00:00,358.38,1,1.0,£0–£500,One-Time,227,1,2,2,5,358.38
16824.0,460.64,2,236,2011-06-28 13:36:00,2011-11-24 12:38:00,230.32,148,0.013513513513513514,£0–£500,Repeat,16,4,3,2,9,460.64000000000004
16825.0,775.1800000000001,2,566,2011-06-07 09:44:00,2011-11-01 11:51:00,387.59000000000003,147,0.013605442176870748,"£501–£1,000",Repeat,39,3,3,3,9,775.1800000000001
16826.0,341.7,1,158,2011-10-19 14:05:00,2011-10-19 14:05:00,341.7,1,1.0,£0–£500,One-Time,51,3,2,2,7,341.7
16828.0,128.5,2,59,2011-08-19 13:24:00,2011-09-07 15:10:00,64.25,19,0.10526315789473684,£0–£500,Repeat,93,2,3,1,6,128.5
16829.0,197.22,1,99,2011-07-06 10:48:00,2011-07-06 10:48:00,197.22,1,1.0,£0–£500,One-Time,157,2,2,1,5,197.22
16830.0,325.91,1,264,2011-11-01 11:35:00,2011-11-01 11:35:00,325.91,1,1.0,£0–£500,One-Time,39,3,2,2,7,325.91
16832.0,199.15,3,33,2011-05-06 14:12:00,2011-06-08 15:36:00,66.38333333333334,33,0.09090909090909091,£0–£500,Repeat,184,1,4,1,6,199.15000000000003
16833.0,1106.53,4,440,2011-01-09 13:02:00,2011-12-08 14:39:00,276.6325,333,0.012012012012012012,"£1,001–£2,500",Repeat,1,5,4,4,13,1106.53
16834.0,413.46,1,358,2011-04-26 09:37:00,2011-04-26 09:37:00,413.46,1,1.0,£0–£500,One-Time,228,1,2,2,5,413.46
16835.0,180.85,2,61,2010-12-01 17:15:00,2011-08-03 13:50:00,90.425,244,0.00819672131147541,£0–£500,Repeat,128,2,3,1,6,180.85
16836.0,251.87,2,165,2011-08-15 12:38:00,2011-10-31 10:05:00,125.935,76,0.02631578947368421,£0–£500,Repeat,40,3,3,2,8,251.86999999999998
16837.0,3170.98,11,1563,2011-04-08 08:48:00,2011-11-08 14:27:00,288.2709090909091,214,0.0514018691588785,"£2,501–£5,000",Repeat,31,4,5,5,14,3170.9799999999996
16838.0,588.85,2,185,2011-02-24 15:01:00,2011-05-26 13:13:00,294.425,90,0.022222222222222223,"£501–£1,000",Repeat,197,1,3,3,7,588.85
16839.0,16594.35,34,8975,2010-12-05 11:15:00,2011-12-01 09:03:00,488.06911764705876,360,0.09444444444444444,"Above £10,000",Repeat,9,5,5,5,15,16594.35
16841.0,1869.82,6,2250,2011-02-25 12:40:00,2011-11-03 11:51:00,311.63666666666666,250,0.024,"£1,001–£2,500",Repeat,37,3,5,4,12,1869.82
16842.0,1264.19,3,693,2011-02-10 14:51:00,2011-08-31 10:42:00,421.3966666666667,201,0.014925373134328358,"£1,001–£2,500",Repeat,101,2,4,4,10,1264.19
16843.0,10196.57,16,10159,2011-01-16 16:10:00,2011-10-28 09:06:00,637.285625,284,0.056338028169014086,"Above £10,000",Repeat,43,3,5,5,13,10196.57
16846.0,214.32,1,135,2011-10-20 13:55:00,2011-10-20 13:55:00,214.32,1,1.0,£0–£500,One-Time,50,3,2,1,6,214.32
16847.0,193.44,1,78,2011-10-27 13:29:00,2011-10-27 13:29:00,193.44,1,1.0,£0–£500,One-Time,43,3,2,1,6,193.44
16848.0,281.42,1,182,2011-10-18 08:42:00,2011-10-18 08:42:00,281.42,1,1.0,£0–£500,One-Time,53,3,2,2,7,281.42
16849.0,124.57,1,33,2011-06-06 09:16:00,2011-06-06 09:16:00,124.57,1,1.0,£0–£500,One-Time,187,1,2,1,4,124.57
16850.0,332.41,1,249,2011-01-10 11:09:00,2011-01-10 11:09:00,332.41,1,1.0,£0–£500,One-Time,334,1,2,2,5,332.41
16851.0,342.45,3,271,2011-10-19 09:48:00,2011-12-05 13:32:00,114.14999999999999,47,0.06382978723404255,£0–£500,Repeat,4,5,4,2,11,342.44999999999993
16852.0,144.91000000000003,2,56,2011-06-16 15:49:00,2011-11-29 13:22:00,72.45500000000001,165,0.012121212121212121,£0–£500,Repeat,10,5,3,1,9,144.91000000000003
16855.0,328.4,2,164,2011-10-27 16:31:00,2011-11-16 12:03:00,164.2,19,0.10526315789473684,£0–£500,Repeat,24,4,3,2,9,328.4
16856.0,35.400000000000006,1,12,2011-11-25 08:59:00,2011-11-25 08:59:00,35.400000000000006,1,1.0,£0–£500,One-Time,15,4,2,1,7,35.400000000000006
16858.0,375.69000000000005,1,91,2010-12-06 09:52:00,2010-12-06 09:52:00,375.69000000000005,1,1.0,£0–£500,One-Time,369,1,2,2,5,375.69000000000005
16859.0,747.81,2,827,2011-03-23 13:39:00,2011-07-18 12:19:00,373.905,116,0.017241379310344827,"£501–£1,000",Repeat,145,2,3,3,8,747.81
16861.0,173.76,2,140,2011-07-04 15:38:00,2011-10-11 09:05:00,86.88,98,0.02040816326530612,£0–£500,Repeat,60,3,3,1,7,173.75999999999996
16863.0,502.8,2,409,2010-12-08 08:58:00,2011-11-08 15:26:00,251.4,335,0.005970149253731343,"£501–£1,000",Repeat,31,4,3,3,10,502.8
16866.0,207.73999999999998,3,60,2011-07-01 12:34:00,2011-07-22 10:06:00,69.24666666666666,20,0.15,£0–£500,Repeat,141,2,4,1,7,207.73999999999998
16869.0,817.12,4,583,2011-06-17 13:01:00,2011-11-17 12:02:00,204.28,152,0.02631578947368421,"£501–£1,000",Repeat,23,4,4,3,11,817.12
16871.0,2812.34,6,1253,2011-03-14 10:31:00,2011-11-17 19:27:00,468.72333333333336,248,0.024193548387096774,"£2,501–£5,000",Repeat,22,4,5,5,14,2812.34
16872.0,680.02,3,600,2011-06-08 14:32:00,2011-09-23 16:05:00,226.67333333333332,107,0.028037383177570093,"£501–£1,000",Repeat,77,2,4,3,9,680.02
16873.0,7123.62,6,3840,2010-12-10 15:45:00,2011-12-05 12:05:00,1187.27,359,0.016713091922005572,"£5,001–£10,000",Repeat,5,5,5,5,15,7123.620000000001
16875.0,2095.53,5,1069,2011-01-04 10:37:00,2011-10-03 13:39:00,419.10600000000005,272,0.01838235294117647,"£1,001–£2,500",Repeat,67,3,4,5,12,2095.53
16877.0,846.62,6,458,2011-05-15 16:13:00,2011-11-27 13:47:00,141.10333333333332,195,0.03076923076923077,"£501–£1,000",Repeat,12,5,5,3,13,846.62
16878.0,13.3,1,12,2011-09-16 17:39:00,2011-09-16 17:39:00,13.3,1,1.0,£0–£500,One-Time,84,2,2,1,5,13.3
16880.0,1491.43,7,746,2011-06-03 16:45:00,2011-11-09 11:33:00,213.0614285714286,158,0.04430379746835443,"£1,001–£2,500",Repeat,31,4,5,4,13,1491.43
16881.0,432.0,1,600,2011-10-04 10:33:00,2011-10-04 10:33:00,432.0,1,1.0,£0–£500,One-Time,67,3,2,2,7,432.0
16882.0,705.12,3,424,2011-01-26 17:43:00,2011-10-04 10:42:00,235.04,250,0.012,"£501–£1,000",Repeat,67,3,4,3,10,705.12
16883.0,272.48,2,103,2010-12-03 10:33:00,2011-06-05 12:51:00,136.24,184,0.010869565217391304,£0–£500,Repeat,187,1,3,2,6,272.48
16884.0,429.84000000000003,2,320,2011-11-02 10:16:00,2011-11-02 11:52:00,214.92000000000002,1,2.0,£0–£500,Repeat,38,3,3,2,8,429.84000000000003
16885.0,450.41,3,178,2010-12-17 17:23:00,2011-11-24 13:40:00,150.13666666666668,341,0.008797653958944282,£0–£500,Repeat,15,4,4,2,10,450.4100000000001
16887.0,192.32999999999998,1,156,2011-11-04 14:07:00,2011-11-04 14:07:00,192.32999999999998,1,1.0,£0–£500,One-Time,35,3,2,1,6,192.32999999999998
16889.0,1578.67,3,925,2011-01-07 10:47:00,2011-05-29 11:05:00,526.2233333333334,142,0.02112676056338028,"£1,001–£2,500",Repeat,195,1,4,4,9,1578.67
16891.0,742.43,5,265,2010-12-03 11:35:00,2011-12-08 11:15:00,148.486,369,0.013550135501355014,"£501–£1,000",Repeat,2,5,4,3,12,742.4300000000001
16892.0,518.19,5,236,2011-06-09 11:35:00,2011-12-08 13:18:00,103.638,182,0.027472527472527472,"£501–£1,000",Repeat,1,5,4,3,12,518.19
16893.0,145.93,1,62,2010-12-08 12:06:00,2010-12-08 12:06:00,145.93,1,1.0,£0–£500,One-Time,367,1,2,1,4,145.93
16895.0,202.27,1,91,2011-10-06 12:15:00,2011-10-06 12:15:00,202.27,1,1.0,£0–£500,One-Time,65,3,2,1,6,202.27
16897.0,289.78,2,73,2011-01-30 11:52:00,2011-02-13 15:02:00,144.89,14,0.14285714285714285,£0–£500,Repeat,299,1,3,2,6,289.78
16898.0,501.03,3,412,2010-12-06 12:23:00,2011-11-13 15:44:00,167.01,342,0.008771929824561403,"£501–£1,000",Repeat,26,4,4,3,11,501.03
16899.0,1271.06,6,520,2010-12-14 13:11:00,2011-12-02 12:03:00,211.84333333333333,352,0.017045454545454544,"£1,001–£2,500",Repeat,8,5,5,4,14,1271.06
16900.0,887.11,3,833,2011-10-07 13:17:00,2011-11-23 10:32:00,295.7033333333333,46,0.06521739130434782,"£501–£1,000",Repeat,17,4,4,3,11,887.11
16902.0,1706.88,1,629,2011-08-15 14:17:00,2011-08-15 14:17:00,1706.88,1,1.0,"£1,001–£2,500",One-Time,116,2,2,4,8,1706.88
16903.0,363.2,1,247,2011-11-10 15:32:00,2011-11-10 15:32:00,363.2,1,1.0,£0–£500,One-Time,29,4,2,2,8,363.2
16904.0,3653.75,16,1984,2010-12-07 13:29:00,2011-12-05 13:10:00,228.359375,362,0.04419889502762431,"£2,501–£5,000",Repeat,4,5,5,5,15,3653.7499999999995
16905.0,3037.6,7,1381,2010-12-03 10:43:00,2011-12-04 14:01:00,433.9428571428571,366,0.01912568306010929,"£2,501–£5,000",Repeat,5,5,5,5,15,3037.6000000000004
16906.0,559.59,4,263,2011-04-05 12:30:00,2011-09-19 11:49:00,139.8975,166,0.024096385542168676,"£501–£1,000",Repeat,82,2,4,3,9,559.59
16907.0,928.76,5,286,2010-12-09 16:52:00,2011-11-10 18:04:00,185.752,336,0.01488095238095238,"£501–£1,000",Repeat,29,4,4,3,11,928.76
16909.0,379.14,1,436,2011-09-28 16:45:00,2011-09-28 16:45:00,379.14,1,1.0,£0–£500,One-Time,72,3,2,2,7,379.14
16910.0,1508.96,8,884,2011-09-09 14:14:00,2011-12-05 12:51:00,188.62,86,0.09302325581395349,"£1,001–£2,500",Repeat,4,5,5,4,14,1508.96
16912.0,2555.58,11,1025,2011-01-20 15:42:00,2011-11-11 12:18:00,232.32545454545453,294,0.03741496598639456,"£2,501–£5,000",Repeat,29,4,5,5,14,2555.58
16913.0,113.44,1,82,2011-02-22 12:56:00,2011-02-22 12:56:00,113.44,1,1.0,£0–£500,One-Time,290,1,2,1,4,113.44
16914.0,183.76,1,112,2011-11-03 15:27:00,2011-11-03 15:27:00,183.76,1,1.0,£0–£500,One-Time,36,3,2,1,6,183.76
16915.0,621.6800000000001,6,132,2011-03-01 09:52:00,2011-11-30 16:39:00,103.61333333333334,274,0.021897810218978103,"£501–£1,000",Repeat,9,5,5,3,13,621.6800000000001
16916.0,562.41,2,431,2010-12-02 13:14:00,2011-11-16 12:08:00,281.205,348,0.005747126436781609,"£501–£1,000",Repeat,24,4,3,3,10,562.41
16917.0,391.52,1,232,2011-03-08 11:55:00,2011-03-08 11:55:00,391.52,1,1.0,£0–£500,One-Time,277,1,2,2,5,391.52
16918.0,1068.82,6,721,2011-01-26 17:37:00,2011-10-21 12:50:00,178.13666666666666,267,0.02247191011235955,"£1,001–£2,500",Repeat,50,3,5,4,12,1068.8199999999997
16919.0,2592.25,11,1403,2010-12-06 12:52:00,2011-07-06 13:35:00,235.6590909090909,212,0.05188679245283019,"£2,501–£5,000",Repeat,156,2,5,5,12,2592.2500000000005
16921.0,154.18,1,154,2011-10-09 16:22:00,2011-10-09 16:22:00,154.18,1,1.0,£0–£500,One-Time,61,3,2,1,6,154.18
16923.0,7069.08,19,3344,2010-12-12 11:06:00,2011-11-27 13:00:00,372.0568421052632,350,0.054285714285714284,"£5,001–£10,000",Repeat,12,5,5,5,15,7069.08
16924.0,829.89,3,467,2011-09-16 12:54:00,2011-11-18 12:53:00,276.63,62,0.04838709677419355,"£501–£1,000",Repeat,21,4,4,3,11,829.89
16926.0,230.25,1,35,2010-12-03 13:42:00,2010-12-03 13:42:00,230.25,1,1.0,£0–£500,One-Time,371,1,2,1,4,230.25
16927.0,543.05,3,993,2010-12-13 11:57:00,2011-08-16 11:10:00,181.01666666666665,245,0.012244897959183673,"£501–£1,000",Repeat,116,2,4,3,9,543.05
16928.0,2814.7,17,2092,2010-12-01 15:21:00,2011-09-20 15:10:00,165.5705882352941,292,0.05821917808219178,"£2,501–£5,000",Repeat,80,2,5,5,12,2814.6999999999994
16929.0,1295.39,7,929,2011-07-07 12:39:00,2011-12-06 08:37:00,185.0557142857143,151,0.046357615894039736,"£1,001–£2,500",Repeat,4,5,5,4,14,1295.39
16930.0,378.89,3,339,2011-10-02 14:25:00,2011-11-13 16:13:00,126.29666666666667,42,0.07142857142857142,£0–£500,Repeat,26,4,4,2,10,378.89
16931.0,4554.87,21,3134,2010-12-05 11:40:00,2011-12-04 13:15:00,216.89857142857142,364,0.057692307692307696,"£2,501–£5,000",Repeat,5,5,5,5,15,4554.87
16932.0,150.23000000000002,1,82,2011-10-17 14:12:00,2011-10-17 14:12:00,150.23000000000002,1,1.0,£0–£500,One-Time,53,3,2,1,6,150.23000000000002
16933.0,563.23,2,288,2011-04-14 13:33:00,2011-12-08 12:54:00,281.615,237,0.008438818565400843,"£501–£1,000",Repeat,1,5,3,3,11,563.2299999999999
16934.0,931.03,2,397,2011-10-16 12:25:00,2011-10-16 12:40:00,465.515,1,2.0,"£501–£1,000",Repeat,55,3,3,3,9,931.03
16936.0,261.9,1,171,2011-11-14 11:04:00,2011-11-14 11:04:00,261.9,1,1.0,£0–£500,One-Time,26,4,2,2,8,261.9
16938.0,2711.6800000000003,4,2533,2011-02-04 09:34:00,2011-12-01 10:20:00,677.9200000000001,300,0.013333333333333334,"£2,501–£5,000",Repeat,9,5,4,5,14,2711.6800000000003
16940.0,3049.88,3,2169,2011-02-23 12:27:00,2011-10-18 13:15:00,1016.6266666666667,237,0.012658227848101266,"£2,501–£5,000",Repeat,52,3,4,5,12,3049.8799999999997
16942.0,1904.99,9,805,2011-04-26 11:59:00,2011-11-27 12:40:00,211.66555555555556,215,0.04186046511627907,"£1,001–£2,500",Repeat,13,5,5,4,14,1904.9899999999998
16943.0,816.73,3,145,2011-01-25 14:00:00,2011-05-12 11:57:00,272.24333333333334,106,0.02830188679245283,"£501–£1,000",Repeat,212,1,4,3,8,816.73
16945.0,4345.5,19,2725,2010-12-16 17:49:00,2011-11-18 11:39:00,228.71052631578948,336,0.05654761904761905,"£2,501–£5,000",Repeat,22,4,5,5,14,4345.5
16947.0,406.48,1,312,2011-04-18 09:38:00,2011-04-18 09:38:00,406.48,1,1.0,£0–£500,One-Time,236,1,2,2,5,406.48
16948.0,435.02,3,1614,2011-01-18 10:58:00,2011-07-24 12:46:00,145.00666666666666,187,0.016042780748663103,£0–£500,Repeat,139,2,4,2,8,435.02000000000004
16949.0,1286.27,6,791,2011-01-27 12:11:00,2011-12-06 11:07:00,214.37833333333333,312,0.019230769230769232,"£1,001–£2,500",Repeat,4,5,5,4,14,1286.27
16950.0,1178.56,3,644,2010-12-07 15:20:00,2011-10-14 09:06:00,392.8533333333333,310,0.00967741935483871,"£1,001–£2,500",Repeat,57,3,4,4,11,1178.56
16951.0,1277.75,3,1318,2011-02-08 14:58:00,2011-07-28 12:05:00,425.9166666666667,169,0.01775147928994083,"£1,001–£2,500",Repeat,135,2,4,4,10,1277.7500000000002
16952.0,167.61,2,92,2011-08-22 12:58:00,2011-08-22 13:03:00,83.805,1,2.0,£0–£500,Repeat,109,2,3,1,6,167.61
16953.0,20.8,1,10,2011-11-09 15:54:00,2011-11-09 15:54:00,20.8,1,1.0,£0–£500,One-Time,30,4,2,1,7,20.8
16954.0,2085.08,9,1054,2010-12-15 10:41:00,2011-12-09 09:46:00,231.67555555555555,358,0.025139664804469275,"£1,001–£2,500",Repeat,1,5,5,5,15,2085.08
16955.0,518.67,4,266,2010-12-01 13:31:00,2011-06-08 10:36:00,129.6675,188,0.02127659574468085,"£501–£1,000",Repeat,185,1,4,3,8,518.67
16956.0,308.74,1,114,2011-11-22 08:56:00,2011-11-22 08:56:00,308.74,1,1.0,£0–£500,One-Time,18,4,2,2,8,308.74
16957.0,416.64,2,172,2011-03-03 09:25:00,2011-04-14 13:56:00,208.32,42,0.047619047619047616,£0–£500,Repeat,239,1,3,2,6,416.64
16959.0,117.35000000000001,1,49,2011-09-13 15:03:00,2011-09-13 15:03:00,117.35000000000001,1,1.0,£0–£500,One-Time,87,2,2,1,5,117.35000000000001
16960.0,507.05,3,304,2011-04-01 11:54:00,2011-11-01 11:35:00,169.01666666666668,213,0.014084507042253521,"£501–£1,000",Repeat,39,3,4,3,10,507.05000000000007
16961.0,234.17,1,125,2011-08-15 13:46:00,2011-08-15 13:46:00,234.17,1,1.0,£0–£500,One-Time,116,2,2,1,5,234.17
16963.0,110.55000000000001,1,35,2011-06-05 13:48:00,2011-06-05 13:48:00,110.55000000000001,1,1.0,£0–£500,One-Time,187,1,2,1,4,110.55000000000001
16965.0,201.19,1,291,2011-04-27 12:08:00,2011-04-27 12:08:00,201.19,1,1.0,£0–£500,One-Time,227,1,2,1,4,201.19
16966.0,2154.97,7,1981,2011-04-13 14:17:00,2011-12-01 13:40:00,307.8528571428571,231,0.030303030303030304,"£1,001–£2,500",Repeat,8,5,5,5,15,2154.97
16967.0,319.02,1,333,2011-06-03 14:24:00,2011-06-03 14:24:00,319.02,1,1.0,£0–£500,One-Time,189,1,2,2,5,319.02
16968.0,439.43,2,326,2011-08-24 10:51:00,2011-12-05 15:02:00,219.715,103,0.019417475728155338,£0–£500,Repeat,4,5,3,2,10,439.43
16969.0,650.41,3,816,2011-06-01 12:10:00,2011-10-31 13:12:00,216.8033333333333,152,0.019736842105263157,"£501–£1,000",Repeat,39,3,4,3,10,650.41
16971.0,357.21,1,72,2011-11-01 15:06:00,2011-11-01 15:06:00,357.21,1,1.0,£0–£500,One-Time,38,3,2,2,7,357.21
16976.0,251.51999999999998,1,88,2011-03-17 16:33:00,2011-03-17 16:33:00,251.51999999999998,1,1.0,£0–£500,One-Time,267,1,2,2,5,251.51999999999998
16978.0,344.33,1,166,2011-09-23 12:50:00,2011-09-23 12:50:00,344.33,1,1.0,£0–£500,One-Time,78,2,2,2,6,344.33
16979.0,1852.0,6,865,2011-02-15 09:20:00,2011-12-06 12:21:00,308.6666666666667,294,0.02040816326530612,"£1,001–£2,500",Repeat,4,5,5,4,14,1851.9999999999998
16980.0,1028.46,2,739,2011-02-21 12:58:00,2011-03-29 16:36:00,514.23,36,0.05555555555555555,"£1,001–£2,500",Repeat,255,1,3,4,8,1028.46
16982.0,384.06,1,182,2011-10-10 12:28:00,2011-10-10 12:28:00,384.06,1,1.0,£0–£500,One-Time,61,3,2,2,7,384.06
16983.0,1905.87,7,1335,2010-12-05 12:34:00,2011-11-27 12:10:00,272.26714285714286,356,0.019662921348314606,"£1,001–£2,500",Repeat,13,5,5,4,14,1905.8700000000001
16984.0,4459.52,2,2380,2011-08-01 17:37:00,2011-09-12 13:43:00,2229.76,41,0.04878048780487805,"£2,501–£5,000",Repeat,88,2,3,5,10,4459.52
16985.0,5464.12,10,1832,2010-12-16 10:38:00,2011-11-22 13:33:00,546.412,341,0.02932551319648094,"£5,001–£10,000",Repeat,17,4,5,5,14,5464.120000000001
16986.0,1873.2,2,1040,2011-11-09 15:52:00,2011-11-10 11:55:00,936.6,1,2.0,"£1,001–£2,500",Repeat,30,4,3,4,11,1873.2
16987.0,1616.8,7,401,2011-05-18 15:55:00,2011-12-06 17:26:00,230.97142857142856,202,0.034653465346534656,"£1,001–£2,500",Repeat,3,5,5,4,14,1616.8
16988.0,126.12,1,43,2011-12-04 16:02:00,2011-12-04 16:02:00,126.12,1,1.0,£0–£500,One-Time,5,5,2,1,8,126.12
16989.0,1133.25,6,1233,2011-07-12 09:11:00,2011-12-02 16:39:00,188.875,143,0.04195804195804196,"£1,001–£2,500",Repeat,7,5,5,4,14,1133.25
16990.0,179.0,1,100,2011-05-05 08:30:00,2011-05-05 08:30:00,179.0,1,1.0,£0–£500,One-Time,219,1,2,1,4,179.0
16992.0,1614.31,5,860,2011-02-28 10:37:00,2011-11-29 11:50:00,322.86199999999997,274,0.01824817518248175,"£1,001–£2,500",Repeat,11,5,4,4,13,1614.3099999999997
16996.0,1456.96,6,544,2010-12-21 13:22:00,2011-11-09 16:43:00,242.82666666666668,323,0.018575851393188854,"£1,001–£2,500",Repeat,30,4,5,4,13,1456.96
16997.0,702.0,3,360,2011-01-18 11:51:00,2011-02-24 17:28:00,234.0,37,0.08108108108108109,"£501–£1,000",Repeat,288,1,4,3,8,702.0000000000001
16998.0,295.0,4,76,2011-02-08 15:42:00,2011-07-13 09:44:00,73.75,154,0.025974025974025976,£0–£500,Repeat,150,2,4,2,8,295.0
16999.0,484.82,2,294,2011-09-26 15:43:00,2011-11-16 13:53:00,242.41,50,0.04,£0–£500,Repeat,23,4,3,2,9,484.82000000000005
17001.0,3989.57,11,2164,2010-12-16 09:35:00,2011-12-09 09:38:00,362.6881818181818,358,0.030726256983240222,"£2,501–£5,000",Repeat,1,5,5,5,15,3989.5699999999997
17002.0,1493.73,3,679,2011-02-22 11:46:00,2011-09-15 12:40:00,497.91,205,0.014634146341463415,"£1,001–£2,500",Repeat,86,2,4,4,10,1493.7300000000002
17004.0,1312.1399999999999,2,771,2011-09-08 12:16:00,2011-10-24 14:25:00,656.0699999999999,46,0.043478260869565216,"£1,001–£2,500",Repeat,46,3,3,4,10,1312.1399999999999
17006.0,781.78,4,272,2011-09-25 12:15:00,2011-12-05 12:09:00,195.445,70,0.05714285714285714,"£501–£1,000",Repeat,5,5,4,3,12,781.78
17007.0,889.9300000000001,6,597,2010-12-17 13:57:00,2011-10-20 10:47:00,148.3216666666667,306,0.0196078431372549,"£501–£1,000",Repeat,51,3,5,3,11,889.9300000000001
17010.0,195.36,1,118,2011-11-21 14:49:00,2011-11-21 14:49:00,195.36,1,1.0,£0–£500,One-Time,18,4,2,1,7,195.36
17011.0,270.9,1,186,2011-11-09 13:30:00,2011-11-09 13:30:00,270.9,1,1.0,£0–£500,One-Time,30,4,2,2,8,270.9
17014.0,583.4300000000001,3,243,2011-10-04 11:36:00,2011-12-01 14:09:00,194.4766666666667,58,0.05172413793103448,"£501–£1,000",Repeat,8,5,4,3,12,583.4300000000001
17015.0,1838.6100000000001,3,1978,2011-06-07 13:19:00,2011-11-11 10:45:00,612.87,156,0.019230769230769232,"£1,001–£2,500",Repeat,29,4,4,4,12,1838.6100000000001
17017.0,8694.26,20,6673,2010-12-02 10:17:00,2011-12-07 09:32:00,434.713,369,0.05420054200542006,"£5,001–£10,000",Repeat,3,5,5,5,15,8694.26
17018.0,920.1,2,176,2011-01-18 08:46:00,2011-10-30 11:42:00,460.05,285,0.007017543859649123,"£501–£1,000",Repeat,41,3,3,3,9,920.1
17019.0,1258.08,4,820,2010-12-06 12:55:00,2011-11-28 13:06:00,314.52,357,0.011204481792717087,"£1,001–£2,500",Repeat,11,5,4,4,13,1258.08
17022.0,71.0,1,108,2011-11-08 17:09:00,2011-11-08 17:09:00,71.0,1,1.0,£0–£500,One-Time,31,4,2,1,7,71.0
17024.0,95.85,3,69,2011-07-05 09:31:00,2011-10-25 13:47:00,31.95,112,0.026785714285714284,£0–£500,Repeat,45,3,4,1,8,95.85
17025.0,357.77,3,235,2010-12-01 15:45:00,2011-10-10 09:06:00,119.25666666666666,312,0.009615384615384616,£0–£500,Repeat,61,3,4,2,9,357.77000000000004
17026.0,154.82999999999998,2,97,2010-12-05 12:47:00,2011-06-07 14:28:00,77.41499999999999,184,0.010869565217391304,£0–£500,Repeat,185,1,3,1,5,154.82999999999998
17027.0,877.5600000000001,6,416,2011-01-26 14:19:00,2011-09-22 12:24:00,146.26000000000002,238,0.025210084033613446,"£501–£1,000",Repeat,79,2,5,3,10,877.5600000000002
17029.0,716.0,2,400,2011-04-17 10:57:00,2011-08-21 11:06:00,358.0,126,0.015873015873015872,"£501–£1,000",Repeat,111,2,3,3,8,715.9999999999999
17030.0,146.87,1,146,2011-10-07 08:49:00,2011-10-07 08:49:00,146.87,1,1.0,£0–£500,One-Time,64,3,2,1,6,146.87
17031.0,380.35,2,235,2011-07-08 09:38:00,2011-11-28 10:23:00,190.175,143,0.013986013986013986,£0–£500,Repeat,12,5,3,2,10,380.34999999999997
17033.0,1030.14,3,750,2010-12-15 13:21:00,2011-09-14 14:34:00,343.38000000000005,273,0.01098901098901099,"£1,001–£2,500",Repeat,86,2,4,4,10,1030.14
17034.0,745.52,3,410,2011-02-25 10:10:00,2011-11-23 15:14:00,248.50666666666666,271,0.01107011070110701,"£501–£1,000",Repeat,16,4,4,3,11,745.52
17035.0,433.53000000000003,2,229,2011-02-01 12:27:00,2011-04-08 11:23:00,216.76500000000001,65,0.03076923076923077,£0–£500,Repeat,246,1,3,2,6,433.53000000000003
17037.0,1267.32,1,656,2011-09-13 12:49:00,2011-09-13 12:49:00,1267.32,1,1.0,"£1,001–£2,500",One-Time,88,2,2,4,8,1267.32
17038.0,112.4,1,28,2011-11-09 13:50:00,2011-11-09 13:50:00,112.4,1,1.0,£0–£500,One-Time,30,4,2,1,7,112.4
17040.0,449.73,1,181,2011-07-25 10:19:00,2011-07-25 10:19:00,449.73,1,1.0,£0–£500,One-Time,138,2,2,2,6,449.73
17041.0,1071.49,3,927,2010-12-14 11:43:00,2011-11-13 11:21:00,357.16333333333336,333,0.009009009009009009,"£1,001–£2,500",Repeat,27,4,4,4,12,1071.49
17042.0,1036.58,5,990,2011-04-06 14:53:00,2011-12-07 12:26:00,207.31599999999997,244,0.020491803278688523,"£1,001–£2,500",Repeat,3,5,4,4,13,1036.5799999999997
17043.0,1735.18,4,998,2011-03-18 14:53:00,2011-11-07 15:33:00,433.795,234,0.017094017094017096,"£1,001–£2,500",Repeat,32,4,4,4,12,1735.1800000000003
17044.0,948.48,1,504,2011-11-14 14:28:00,2011-11-14 14:28:00,948.48,1,1.0,"£501–£1,000",One-Time,25,4,2,4,10,948.48
17045.0,339.44,3,106,2011-04-06 12:08:00,2011-08-18 17:09:00,113.14666666666666,134,0.022388059701492536,£0–£500,Repeat,113,2,4,2,8,339.43999999999994
17046.0,642.02,1,510,2011-07-05 14:24:00,2011-07-05 14:24:00,642.02,1,1.0,"£501–£1,000",One-Time,157,2,2,3,7,642.02
17047.0,1100.9,3,533,2011-05-18 16:50:00,2011-09-15 13:27:00,366.9666666666667,119,0.025210084033613446,"£1,001–£2,500",Repeat,85,2,4,4,10,1100.9
17048.0,925.35,3,485,2011-01-12 16:51:00,2011-08-14 11:49:00,308.45,213,0.014084507042253521,"£501–£1,000",Repeat,118,2,4,3,9,925.3499999999999
17049.0,5655.03,9,2673,2011-03-09 08:33:00,2011-12-07 10:48:00,628.3366666666666,273,0.03296703296703297,"£5,001–£10,000",Repeat,3,5,5,5,15,5655.029999999999
17050.0,3185.64,6,1595,2011-02-13 12:41:00,2011-09-04 13:48:00,530.9399999999999,203,0.029556650246305417,"£2,501–£5,000",Repeat,96,2,5,5,12,3185.6399999999994
17051.0,240.89000000000001,1,179,2011-05-29 14:13:00,2011-05-29 14:13:00,240.89000000000001,1,1.0,£0–£500,One-Time,194,1,2,1,4,240.89000000000001
17052.0,399.09,1,251,2011-11-11 14:50:00,2011-11-11 14:50:00,399.09,1,1.0,£0–£500,One-Time,28,4,2,2,8,399.09
17053.0,498.48,1,122,2011-08-01 10:23:00,2011-08-01 10:23:00,498.48,1,1.0,£0–£500,One-Time,131,2,2,3,7,498.48
17054.0,1356.33,5,804,2011-04-08 13:14:00,2011-11-11 12:56:00,271.26599999999996,216,0.023148148148148147,"£1,001–£2,500",Repeat,28,4,4,4,12,1356.3299999999997
17058.0,1179.89,3,592,2011-04-14 09:18:00,2011-09-19 10:13:00,393.2966666666667,158,0.0189873417721519,"£1,001–£2,500",Repeat,82,2,4,4,10,1179.89
17059.0,3080.39,5,1850,2010-12-05 12:35:00,2011-11-10 12:27:00,616.078,339,0.014749262536873156,"£2,501–£5,000",Repeat,30,4,4,5,13,3080.3899999999994
17060.0,234.24,1,216,2011-03-18 13:27:00,2011-03-18 13:27:00,234.24,1,1.0,£0–£500,One-Time,266,1,2,1,4,234.24
17061.0,5232.2300000000005,11,1526,2011-04-21 13:29:00,2011-09-27 11:24:00,475.65727272727275,158,0.06962025316455696,"£5,001–£10,000",Repeat,74,2,5,5,12,5232.2300000000005
17062.0,533.33,4,418,2010-12-05 11:59:00,2011-01-30 11:01:00,133.3325,55,0.07272727272727272,"£501–£1,000",Repeat,314,1,4,3,8,533.33
17063.0,1461.14,7,770,2011-02-23 13:44:00,2011-11-18 16:19:00,208.73428571428573,268,0.026119402985074626,"£1,001–£2,500",Repeat,21,4,5,4,13,1461.14
17064.0,855.45,3,316,2011-01-16 16:10:00,2011-10-12 10:18:00,285.15000000000003,268,0.011194029850746268,"£501–£1,000",Repeat,59,3,4,3,10,855.45
17068.0,4552.14,21,2164,2010-12-06 13:58:00,2011-11-27 13:14:00,216.76857142857145,355,0.059154929577464786,"£2,501–£5,000",Repeat,12,5,5,5,15,4552.14
17069.0,2709.7000000000003,9,1506,2010-12-01 16:49:00,2011-11-11 17:13:00,301.0777777777778,345,0.02608695652173913,"£2,501–£5,000",Repeat,28,4,5,5,14,2709.7
17070.0,304.24,1,131,2011-08-17 17:01:00,2011-08-17 17:01:00,304.24,1,1.0,£0–£500,One-Time,114,2,2,2,6,304.24
17071.0,2429.03,9,1197,2011-02-03 08:18:00,2011-11-11 16:31:00,269.89222222222224,281,0.03202846975088968,"£1,001–£2,500",Repeat,28,4,5,5,14,2429.03
17073.0,1446.09,4,759,2011-08-22 14:37:00,2011-11-22 11:47:00,361.5225,91,0.04395604395604396,"£1,001–£2,500",Repeat,18,4,4,4,12,1446.0900000000001
17075.0,834.12,4,292,2011-01-26 13:20:00,2011-11-22 11:58:00,208.53,299,0.013377926421404682,"£501–£1,000",Repeat,18,4,4,3,11,834.12
17076.0,841.0799999999999,3,295,2010-12-10 10:08:00,2011-11-03 17:53:00,280.35999999999996,328,0.009146341463414634,"£501–£1,000",Repeat,36,3,4,3,10,841.0799999999998
17078.0,378.2,2,788,2011-11-03 18:49:00,2011-11-03 19:17:00,189.1,1,2.0,£0–£500,Repeat,36,3,3,2,8,378.2
17079.0,118.80000000000001,1,24,2011-09-22 15:34:00,2011-09-22 15:34:00,118.80000000000001,1,1.0,£0–£500,One-Time,78,2,2,1,5,118.80000000000001
17080.0,287.62,2,166,2011-03-15 12:05:00,2011-11-17 12:59:00,143.81,247,0.008097165991902834,£0–£500,Repeat,22,4,3,2,9,287.62
17081.0,288.91,2,77,2011-10-24 13:08:00,2011-11-14 12:56:00,144.455,20,0.1,£0–£500,Repeat,25,4,3,2,9,288.9100000000001
17082.0,2003.85,2,1049,2011-01-25 14:36:00,2011-11-06 15:17:00,1001.925,285,0.007017543859649123,"£1,001–£2,500",Repeat,33,4,3,4,11,2003.85
17083.0,1405.78,3,772,2011-02-09 11:38:00,2011-08-22 15:43:00,468.5933333333333,194,0.015463917525773196,"£1,001–£2,500",Repeat,109,2,4,4,10,1405.78
17084.0,2747.9900000000002,2,1702,2011-11-04 14:49:00,2011-11-04 14:54:00,1373.9950000000001,1,2.0,"£2,501–£5,000",Repeat,35,3,3,5,11,2747.9900000000002
17085.0,1562.4,5,785,2010-12-12 12:24:00,2011-08-08 14:15:00,312.48,239,0.02092050209205021,"£1,001–£2,500",Repeat,123,2,4,4,10,1562.4
17086.0,2050.08,6,1859,2011-10-07 11:22:00,2011-12-02 13:54:00,341.68,56,0.10714285714285714,"£1,001–£2,500",Repeat,7,5,5,4,14,2050.08
17088.0,1991.01,4,868,2011-03-31 09:48:00,2011-11-11 14:23:00,497.7525,225,0.017777777777777778,"£1,001–£2,500",Repeat,28,4,4,4,12,1991.01
17090.0,1974.65,7,903,2010-12-20 13:52:00,2011-12-05 13:44:00,282.09285714285716,349,0.02005730659025788,"£1,001–£2,500",Repeat,4,5,5,4,14,1974.6500000000003
17091.0,3827.76,9,1746,2010-12-07 09:55:00,2011-12-07 10:43:00,425.3066666666667,365,0.024657534246575342,"£2,501–£5,000",Repeat,3,5,5,5,15,3827.7599999999998
17092.0,1774.03,4,1130,2011-03-07 14:51:00,2011-10-20 19:51:00,443.5075,227,0.01762114537444934,"£1,001–£2,500",Repeat,50,3,4,4,11,1774.03
17094.0,302.0,1,152,2011-01-21 13:09:00,2011-01-21 13:09:00,302.0,1,1.0,£0–£500,One-Time,322,1,2,2,5,302.0
17095.0,1324.16,3,618,2011-01-09 11:05:00,2011-11-17 12:21:00,441.3866666666667,312,0.009615384615384616,"£1,001–£2,500",Repeat,23,4,4,4,12,1324.16
17096.0,1022.13,4,339,2011-03-23 12:05:00,2011-11-24 15:01:00,255.5325,246,0.016260162601626018,"£1,001–£2,500",Repeat,15,4,4,4,12,1022.1300000000001
17097.0,954.42,8,459,2010-12-09 14:55:00,2011-12-07 17:05:00,119.3025,363,0.02203856749311295,"£501–£1,000",Repeat,2,5,5,4,14,954.42
17100.0,971.74,2,800,2011-11-21 16:36:00,2011-11-21 16:36:00,485.87,1,2.0,"£501–£1,000",Repeat,18,4,3,4,11,971.74
17101.0,1621.73,4,815,2011-06-14 14:49:00,2011-11-29 13:57:00,405.4325,167,0.023952095808383235,"£1,001–£2,500",Repeat,10,5,4,4,13,1621.7300000000002
17102.0,25.5,1,2,2011-03-23 10:08:00,2011-03-23 10:08:00,25.5,1,1.0,£0–£500,One-Time,262,1,2,1,4,25.5
17105.0,665.78,2,693,2011-02-06 14:46:00,2011-07-03 15:53:00,332.89,147,0.013605442176870748,"£501–£1,000",Repeat,159,2,3,3,8,665.7799999999999
17107.0,10797.48,6,4826,2011-03-06 15:17:00,2011-11-06 14:14:00,1799.58,244,0.02459016393442623,"Above £10,000",Repeat,33,4,5,5,14,10797.48
17109.0,881.29,6,588,2011-04-21 15:46:00,2011-11-10 16:59:00,146.88166666666666,203,0.029556650246305417,"£501–£1,000",Repeat,29,4,5,3,12,881.29
17110.0,163.29999999999998,1,50,2011-06-27 12:58:00,2011-06-27 12:58:00,163.29999999999998,1,1.0,£0–£500,One-Time,165,2,2,1,5,163.29999999999998
17111.0,231.61,1,282,2011-10-23 15:59:00,2011-10-23 15:59:00,231.61,1,1.0,£0–£500,One-Time,47,3,2,1,6,231.61
17114.0,801.12,8,215,2011-01-09 11:39:00,2011-12-04 12:17:00,100.14,329,0.0243161094224924,"£501–£1,000",Repeat,6,5,5,3,13,801.12
17115.0,837.5,3,372,2011-04-20 14:46:00,2011-12-01 14:30:00,279.1666666666667,224,0.013392857142857142,"£501–£1,000",Repeat,8,5,4,3,12,837.5
17117.0,116.19999999999999,1,68,2011-02-24 13:54:00,2011-02-24 13:54:00,116.19999999999999,1,1.0,£0–£500,One-Time,288,1,2,1,4,116.19999999999999
17118.0,157.02,1,154,2011-01-26 12:19:00,2011-01-26 12:19:00,157.02,1,1.0,£0–£500,One-Time,318,1,2,1,4,157.02
17119.0,606.91,2,334,2011-10-11 11:03:00,2011-12-06 14:40:00,303.455,56,0.03571428571428571,"£501–£1,000",Repeat,3,5,3,3,11,606.91
17120.0,307.46,1,120,2011-04-20 15:21:00,2011-04-20 15:21:00,307.46,1,1.0,£0–£500,One-Time,233,1,2,2,5,307.46
17122.0,138.32,1,80,2011-08-12 14:33:00,2011-08-12 14:33:00,138.32,1,1.0,£0–£500,One-Time,119,2,2,1,5,138.32
17123.0,345.29999999999995,1,246,2011-07-01 10:47:00,2011-07-01 10:47:00,345.29999999999995,1,1.0,£0–£500,One-Time,162,2,2,2,6,345.29999999999995
17124.0,294.24,1,129,2011-06-07 14:02:00,2011-06-07 14:02:00,294.24,1,1.0,£0–£500,One-Time,185,1,2,2,5,294.24
17125.0,230.5,1,281,2011-10-20 14:41:00,2011-10-20 14:41:00,230.5,1,1.0,£0–£500,One-Time,50,3,2,1,6,230.5
17126.0,989.45,5,780,2010-12-12 11:26:00,2011-07-10 13:52:00,197.89000000000001,210,0.023809523809523808,"£501–£1,000",Repeat,152,2,4,4,10,989.45
17128.0,157.09,1,76,2011-01-09 12:02:00,2011-01-09 12:02:00,157.09,1,1.0,£0–£500,One-Time,335,1,2,1,4,157.09
17131.0,2463.17,5,983,2011-09-25 12:42:00,2011-12-04 12:52:00,492.634,70,0.07142857142857142,"£1,001–£2,500",Repeat,5,5,4,5,14,2463.17
17133.0,4892.240000000001,7,2730,2011-03-18 13:47:00,2011-11-24 12:27:00,698.8914285714287,250,0.028,"£2,501–£5,000",Repeat,16,4,5,5,14,4892.240000000001
17134.0,413.2,2,98,2011-03-20 11:56:00,2011-08-25 09:53:00,206.6,157,0.012738853503184714,£0–£500,Repeat,107,2,3,2,7,413.2
17135.0,1139.73,7,1224,2010-12-03 09:31:00,2011-11-23 16:48:00,162.81857142857143,355,0.01971830985915493,"£1,001–£2,500",Repeat,16,4,5,4,13,1139.73
17138.0,380.5,1,126,2011-03-09 11:54:00,2011-03-09 11:54:00,380.5,1,1.0,£0–£500,One-Time,276,1,2,2,5,380.5
17139.0,10650.77,12,5176,2011-02-24 09:32:00,2011-11-24 10:12:00,887.5641666666667,273,0.04395604395604396,"Above £10,000",Repeat,16,4,5,5,14,10650.77
17140.0,454.12,1,296,2011-04-06 13:33:00,2011-04-06 13:33:00,454.12,1,1.0,£0–£500,One-Time,247,1,2,2,5,454.12
17142.0,579.0,1,81,2011-04-14 18:22:00,2011-04-14 18:22:00,579.0,1,1.0,"£501–£1,000",One-Time,239,1,2,3,6,579.0
17144.0,984.57,2,483,2011-09-16 12:50:00,2011-12-08 17:57:00,492.285,83,0.024096385542168676,"£501–£1,000",Repeat,1,5,3,4,12,984.5700000000002
17146.0,749.78,3,212,2010-12-16 12:20:00,2011-08-26 12:44:00,249.92666666666665,253,0.011857707509881422,"£501–£1,000",Repeat,106,2,4,3,9,749.78
17147.0,1714.59,4,882,2011-02-01 09:36:00,2011-11-17 12:32:00,428.6475,289,0.01384083044982699,"£1,001–£2,500",Repeat,23,4,4,4,12,1714.5900000000001
17148.0,124.88,1,82,2011-10-19 09:59:00,2011-10-19 09:59:00,124.88,1,1.0,£0–£500,One-Time,52,3,2,1,6,124.88
17152.0,1689.5,3,517,2011-03-21 16:20:00,2011-05-29 12:19:00,563.1666666666666,68,0.04411764705882353,"£1,001–£2,500",Repeat,195,1,4,4,9,1689.5
17153.0,213.78,1,104,2011-11-15 13:42:00,2011-11-15 13:42:00,213.78,1,1.0,£0–£500,One-Time,24,4,2,1,7,213.78
17154.0,329.34,1,490,2011-09-25 13:42:00,2011-09-25 13:42:00,329.34,1,1.0,£0–£500,One-Time,75,2,2,2,6,329.34
17155.0,251.70000000000002,2,242,2011-06-15 10:22:00,2011-11-22 12:38:00,125.85000000000001,160,0.0125,£0–£500,Repeat,18,4,3,2,9,251.70000000000002
17157.0,319.0,2,172,2011-06-16 15:08:00,2011-12-02 09:10:00,159.5,168,0.011904761904761904,£0–£500,Repeat,8,5,3,2,10,319.0
17158.0,1266.97,3,778,2010-12-14 13:03:00,2011-11-07 15:15:00,422.3233333333333,328,0.009146341463414634,"£1,001–£2,500",Repeat,32,4,4,4,12,1266.9699999999998
17159.0,1538.88,3,1111,2011-06-21 09:49:00,2011-11-18 10:52:00,512.96,150,0.02,"£1,001–£2,500",Repeat,22,4,4,4,12,1538.8800000000003
17160.0,3518.03,6,2856,2011-04-12 12:00:00,2011-11-08 14:05:00,586.3383333333334,210,0.02857142857142857,"£2,501–£5,000",Repeat,31,4,5,5,14,3518.0300000000007
17162.0,1715.46,10,1001,2011-02-07 12:27:00,2011-11-11 11:34:00,171.546,276,0.036231884057971016,"£1,001–£2,500",Repeat,29,4,5,4,13,1715.4599999999998
17163.0,293.1,2,66,2011-09-22 15:54:00,2011-11-18 08:57:00,146.55,56,0.03571428571428571,£0–£500,Repeat,22,4,3,2,9,293.1
17164.0,2467.35,7,1501,2011-03-11 14:26:00,2011-11-07 09:14:00,352.4785714285714,240,0.029166666666666667,"£1,001–£2,500",Repeat,33,4,5,5,14,2467.35
17165.0,158.68,1,100,2011-02-28 16:39:00,2011-02-28 16:39:00,158.68,1,1.0,£0–£500,One-Time,284,1,2,1,4,158.68
17166.0,206.34,2,78,2011-05-20 08:18:00,2011-11-01 09:46:00,103.17,165,0.012121212121212121,£0–£500,Repeat,39,3,3,1,7,206.34
17169.0,835.78,2,526,2011-06-09 13:16:00,2011-10-13 10:25:00,417.89,125,0.016,"£501–£1,000",Repeat,58,3,3,3,9,835.78
17171.0,224.91,1,185,2011-02-23 16:37:00,2011-02-23 16:37:00,224.91,1,1.0,£0–£500,One-Time,289,1,2,1,4,224.91
17172.0,317.76,1,480,2011-09-22 09:36:00,2011-09-22 09:36:00,317.76,1,1.0,£0–£500,One-Time,79,2,2,2,6,317.76
17173.0,3766.6,8,1122,2011-07-31 15:26:00,2011-12-04 14:40:00,470.825,125,0.064,"£2,501–£5,000",Repeat,5,5,5,5,15,3766.6
17174.0,59.9,1,41,2011-05-06 11:47:00,2011-05-06 11:47:00,59.9,1,1.0,£0–£500,One-Time,218,1,2,1,4,59.9
17175.0,1443.69,4,866,2011-02-16 14:56:00,2011-10-26 15:31:00,360.9225,252,0.015873015873015872,"£1,001–£2,500",Repeat,44,3,4,4,11,1443.6899999999998
17176.0,306.13,1,170,2011-05-22 12:41:00,2011-05-22 12:41:00,306.13,1,1.0,£0–£500,One-Time,202,1,2,2,5,306.13
17179.0,711.79,3,290,2010-12-13 14:24:00,2011-06-14 16:48:00,237.26333333333332,183,0.01639344262295082,"£501–£1,000",Repeat,178,2,4,3,9,711.79
17180.0,783.97,4,670,2011-01-27 18:05:00,2011-10-14 15:46:00,195.9925,259,0.015444015444015444,"£501–£1,000",Repeat,56,3,4,3,10,783.9700000000001
17181.0,239.92000000000002,2,241,2010-12-01 12:38:00,2011-10-13 14:48:00,119.96000000000001,316,0.006329113924050633,£0–£500,Repeat,57,3,3,1,7,239.92000000000002
17183.0,3347.31,6,1296,2011-08-26 15:25:00,2011-12-02 10:07:00,557.885,97,0.061855670103092786,"£2,501–£5,000",Repeat,8,5,5,5,15,3347.31
17186.0,144.0,2,200,2011-10-10 12:52:00,2011-10-24 10:20:00,72.0,13,0.15384615384615385,£0–£500,Repeat,47,3,3,1,7,144.0
17187.0,203.95,1,144,2011-04-27 12:39:00,2011-04-27 12:39:00,203.95,1,1.0,£0–£500,One-Time,227,1,2,1,4,203.95
17188.0,2474.23,7,1328,2010-12-12 12:56:00,2011-11-28 13:53:00,353.4614285714286,351,0.019943019943019943,"£1,001–£2,500",Repeat,11,5,5,5,15,2474.23
17189.0,383.75,2,226,2010-12-15 17:28:00,2011-08-25 19:39:00,191.875,253,0.007905138339920948,£0–£500,Repeat,106,2,3,2,7,383.74999999999994
17190.0,444.74,2,161,2011-05-16 15:29:00,2011-10-12 11:33:00,222.37,148,0.013513513513513514,£0–£500,Repeat,59,3,3,2,8,444.74000000000007
17191.0,2093.68,7,1166,2010-12-06 14:36:00,2011-11-11 16:58:00,299.09714285714284,340,0.020588235294117647,"£1,001–£2,500",Repeat,28,4,5,5,14,2093.68
17193.0,1699.3000000000002,7,1254,2011-06-16 10:04:00,2011-11-04 12:47:00,242.7571428571429,141,0.04964539007092199,"£1,001–£2,500",Repeat,36,3,5,4,12,1699.3000000000004
17194.0,262.62,2,119,2010-12-14 12:06:00,2011-03-11 12:05:00,131.31,86,0.023255813953488372,£0–£500,Repeat,274,1,3,2,6,262.62
17197.0,1013.01,1,191,2011-11-10 10:32:00,2011-11-10 10:32:00,1013.01,1,1.0,"£1,001–£2,500",One-Time,30,4,2,4,10,1013.01
17198.0,692.22,3,357,2010-12-03 14:54:00,2011-11-16 10:39:00,230.74,347,0.008645533141210375,"£501–£1,000",Repeat,24,4,4,3,11,692.2200000000001
17201.0,289.78,1,231,2011-10-17 11:55:00,2011-10-17 11:55:00,289.78,1,1.0,£0–£500,One-Time,54,3,2,2,7,289.78
17203.0,3560.08,6,2846,2011-10-10 14:37:00,2011-11-04 12:27:00,593.3466666666667,24,0.25,"£2,501–£5,000",Repeat,36,3,5,5,13,3560.08
17204.0,1564.56,4,646,2011-03-21 12:42:00,2011-06-17 14:46:00,391.14,88,0.045454545454545456,"£1,001–£2,500",Repeat,175,2,4,4,10,1564.56
17205.0,384.08,1,884,2011-10-17 12:46:00,2011-10-17 12:46:00,384.08,1,1.0,£0–£500,One-Time,54,3,2,2,7,384.08
17206.0,204.24,1,76,2011-10-17 13:25:00,2011-10-17 13:25:00,204.24,1,1.0,£0–£500,One-Time,53,3,2,1,6,204.24
17211.0,2317.2200000000003,8,1323,2010-12-05 12:44:00,2011-11-13 12:03:00,289.65250000000003,342,0.023391812865497075,"£1,001–£2,500",Repeat,27,4,5,5,14,2317.2200000000003
17212.0,226.85,1,147,2011-03-31 19:42:00,2011-03-31 19:42:00,226.85,1,1.0,£0–£500,One-Time,253,1,2,1,4,226.85
17213.0,2781.23,7,1176,2010-12-08 13:03:00,2011-10-30 14:53:00,397.31857142857143,326,0.02147239263803681,"£2,501–£5,000",Repeat,40,3,5,5,13,2781.2300000000005
17214.0,1059.1200000000001,6,272,2010-12-15 15:14:00,2011-10-10 13:17:00,176.52,298,0.020134228187919462,"£1,001–£2,500",Repeat,60,3,5,4,12,1059.12
17217.0,113.5,1,24,2011-04-19 17:19:00,2011-04-19 17:19:00,113.5,1,1.0,£0–£500,One-Time,234,1,2,1,4,113.5
17218.0,1951.97,10,955,2010-12-06 15:25:00,2011-12-05 13:52:00,195.197,363,0.027548209366391185,"£1,001–£2,500",Repeat,4,5,5,4,14,1951.97
17219.0,114.23,1,89,2011-11-08 11:25:00,2011-11-08 11:25:00,114.23,1,1.0,£0–£500,One-Time,32,4,2,1,7,114.23
17220.0,3187.55,14,1897,2010-12-10 14:54:00,2011-11-15 13:47:00,227.68214285714288,339,0.04129793510324484,"£2,501–£5,000",Repeat,24,4,5,5,14,3187.55
17221.0,334.48,2,287,2011-11-03 17:39:00,2011-12-02 13:35:00,167.24,28,0.07142857142857142,£0–£500,Repeat,7,5,3,2,10,334.47999999999996
17222.0,328.65,1,122,2011-10-05 13:58:00,2011-10-05 13:58:00,328.65,1,1.0,£0–£500,One-Time,65,3,2,2,7,328.65
17223.0,416.89,2,110,2010-12-06 14:08:00,2011-02-02 15:57:00,208.445,58,0.034482758620689655,£0–£500,Repeat,310,1,3,2,6,416.89
17226.0,393.49,1,406,2011-02-04 11:52:00,2011-02-04 11:52:00,393.49,1,1.0,£0–£500,One-Time,309,1,2,2,5,393.49
17227.0,939.32,6,741,2010-12-06 11:16:00,2011-11-21 10:51:00,156.55333333333334,349,0.017191977077363897,"£501–£1,000",Repeat,19,4,5,4,13,939.32
17228.0,1906.09,8,1532,2010-12-02 16:00:00,2011-11-24 10:24:00,238.26125,356,0.02247191011235955,"£1,001–£2,500",Repeat,16,4,5,4,13,1906.09
17229.0,318.76,2,185,2011-07-20 12:38:00,2011-09-04 13:56:00,159.38,46,0.043478260869565216,£0–£500,Repeat,96,2,3,2,7,318.76
17230.0,3638.41,8,1651,2010-12-15 11:22:00,2011-03-20 16:12:00,454.80125,95,0.08421052631578947,"£2,501–£5,000",Repeat,264,1,5,5,11,3638.41
17231.0,3124.72,10,1724,2010-12-13 14:16:00,2011-11-27 15:18:00,312.472,349,0.02865329512893983,"£2,501–£5,000",Repeat,12,5,5,5,15,3124.72
17232.0,417.77,2,202,2011-11-25 12:24:00,2011-12-07 12:21:00,208.885,11,0.18181818181818182,£0–£500,Repeat,3,5,3,2,10,417.77
17233.0,190.88,1,131,2011-11-04 14:06:00,2011-11-04 14:06:00,190.88,1,1.0,£0–£500,One-Time,35,3,2,1,6,190.88
17234.0,149.89000000000001,1,55,2011-06-10 11:20:00,2011-06-10 11:20:00,149.89000000000001,1,1.0,£0–£500,One-Time,183,1,2,1,4,149.89000000000001
17235.0,550.06,2,224,2010-12-02 13:38:00,2011-11-14 15:51:00,275.03,347,0.005763688760806916,"£501–£1,000",Repeat,25,4,3,3,10,550.06
17236.0,916.13,6,474,2010-12-12 11:49:00,2011-11-27 12:00:00,152.68833333333333,350,0.017142857142857144,"£501–£1,000",Repeat,13,5,5,3,13,916.1300000000001
17237.0,314.69,2,105,2011-11-17 12:55:00,2011-11-28 15:02:00,157.345,11,0.18181818181818182,£0–£500,Repeat,11,5,3,2,10,314.69
17238.0,3719.1,17,1807,2010-12-03 15:05:00,2011-12-07 11:35:00,218.7705882352941,368,0.04619565217391304,"£2,501–£5,000",Repeat,3,5,5,5,15,3719.1
17239.0,382.5,1,150,2011-01-31 09:41:00,2011-01-31 09:41:00,382.5,1,1.0,£0–£500,One-Time,313,1,2,2,5,382.5
17242.0,1135.04,2,611,2011-06-12 13:04:00,2011-08-23 14:55:00,567.52,72,0.027777777777777776,"£1,001–£2,500",Repeat,108,2,3,4,9,1135.04
17243.0,8540.05,26,3320,2010-12-05 10:03:00,2011-12-08 13:26:00,328.4634615384615,368,0.07065217391304347,"£5,001–£10,000",Repeat,1,5,5,5,15,8540.049999999997
17244.0,954.9,1,616,2011-10-17 15:19:00,2011-10-17 15:19:00,954.9,1,1.0,"£501–£1,000",One-Time,53,3,2,4,9,954.9
17245.0,171.45,1,75,2011-05-19 10:43:00,2011-05-19 10:43:00,171.45,1,1.0,£0–£500,One-Time,205,1,2,1,4,171.45
17247.0,280.09000000000003,1,105,2011-11-24 15:21:00,2011-11-24 15:21:00,280.09000000000003,1,1.0,£0–£500,One-Time,15,4,2,2,8,280.09000000000003
17248.0,318.65,1,213,2011-08-11 13:34:00,2011-08-11 13:34:00,318.65,1,1.0,£0–£500,One-Time,120,2,2,2,6,318.65
17250.0,381.97,2,167,2011-03-23 16:45:00,2011-12-06 12:15:00,190.985,257,0.007782101167315175,£0–£500,Repeat,4,5,3,2,10,381.97
17251.0,269.83,1,108,2010-12-12 11:06:00,2010-12-12 11:06:00,269.83,1,1.0,£0–£500,One-Time,363,1,2,2,5,269.83
17252.0,348.91,2,192,2011-06-06 16:41:00,2011-08-15 09:45:00,174.455,69,0.028985507246376812,£0–£500,Repeat,117,2,3,2,7,348.9100000000001
17253.0,178.26,1,43,2011-11-21 12:59:00,2011-11-21 12:59:00,178.26,1,1.0,£0–£500,One-Time,18,4,2,1,7,178.26
17254.0,271.19,2,251,2011-11-24 14:09:00,2011-12-05 12:46:00,135.595,10,0.2,£0–£500,Repeat,5,5,3,2,10,271.19
17255.0,291.48,2,227,2011-02-13 15:18:00,2011-10-30 12:18:00,145.74,258,0.007751937984496124,£0–£500,Repeat,41,3,3,2,8,291.47999999999996
17256.0,240.0,2,141,2011-01-31 14:53:00,2011-08-24 13:30:00,120.0,204,0.00980392156862745,£0–£500,Repeat,107,2,3,1,6,240.0
17259.0,581.23,2,388,2010-12-06 12:55:00,2011-07-14 15:01:00,290.615,220,0.00909090909090909,"£501–£1,000",Repeat,148,2,3,3,8,581.2299999999999
17262.0,1253.3600000000001,5,367,2010-12-08 13:30:00,2011-10-18 12:56:00,250.67200000000003,313,0.01597444089456869,"£1,001–£2,500",Repeat,52,3,4,4,11,1253.3600000000001
17263.0,63.440000000000005,1,36,2011-05-15 14:32:00,2011-05-15 14:32:00,63.440000000000005,1,1.0,£0–£500,One-Time,208,1,2,1,4,63.440000000000005
17265.0,550.01,2,389,2011-06-12 12:00:00,2011-07-24 10:49:00,275.005,41,0.04878048780487805,"£501–£1,000",Repeat,139,2,3,3,8,550.01
17266.0,296.58,3,153,2011-07-15 11:57:00,2011-12-07 14:12:00,98.86,145,0.020689655172413793,£0–£500,Repeat,2,5,4,2,11,296.58000000000004
17267.0,317.2,2,158,2011-08-04 17:19:00,2011-08-04 17:22:00,158.6,1,2.0,£0–£500,Repeat,127,2,3,2,7,317.2
17268.0,763.64,4,844,2011-04-08 13:20:00,2011-08-24 10:06:00,190.91,137,0.029197080291970802,"£501–£1,000",Repeat,108,2,4,3,9,763.6399999999999
17272.0,2148.63,4,1778,2011-03-22 12:05:00,2011-10-28 16:37:00,537.1575,220,0.01818181818181818,"£1,001–£2,500",Repeat,42,3,4,5,12,2148.63
17274.0,107.82,1,77,2011-11-04 13:16:00,2011-11-04 13:16:00,107.82,1,1.0,£0–£500,One-Time,35,3,2,1,6,107.82
17277.0,1065.3500000000001,2,430,2011-01-21 12:37:00,2011-04-26 12:47:00,532.6750000000001,95,0.021052631578947368,"£1,001–£2,500",Repeat,228,1,3,4,8,1065.3500000000001
17278.0,246.04,1,179,2011-04-12 13:10:00,2011-04-12 13:10:00,246.04,1,1.0,£0–£500,One-Time,241,1,2,1,4,246.04
17279.0,187.82999999999998,1,48,2011-10-13 11:58:00,2011-10-13 11:58:00,187.82999999999998,1,1.0,£0–£500,One-Time,58,3,2,1,6,187.82999999999998
17282.0,1685.46,3,1866,2011-02-13 11:36:00,2011-08-01 14:29:00,561.82,169,0.01775147928994083,"£1,001–£2,500",Repeat,130,2,4,4,10,1685.4600000000003
17284.0,1647.48,6,1362,2011-01-07 14:31:00,2011-10-10 14:38:00,274.58,276,0.021739130434782608,"£1,001–£2,500",Repeat,60,3,5,4,12,1647.4799999999998
17286.0,151.37,1,117,2011-11-18 12:47:00,2011-11-18 12:47:00,151.37,1,1.0,£0–£500,One-Time,22,4,2,1,7,151.37
17287.0,1049.06,7,556,2010-12-02 12:22:00,2011-11-13 13:27:00,149.8657142857143,346,0.02023121387283237,"£1,001–£2,500",Repeat,26,4,5,4,13,1049.06
17288.0,1417.63,7,1201,2010-12-16 13:33:00,2011-11-30 16:09:00,202.51857142857145,349,0.02005730659025788,"£1,001–£2,500",Repeat,9,5,5,4,14,1417.63
17289.0,931.02,3,513,2011-06-12 13:51:00,2011-11-08 12:01:00,310.34,148,0.02027027027027027,"£501–£1,000",Repeat,32,4,4,3,11,931.02
17290.0,513.01,2,397,2011-11-23 15:53:00,2011-12-06 12:38:00,256.505,12,0.16666666666666666,"£501–£1,000",Repeat,4,5,3,3,11,513.01
17291.0,550.8000000000001,1,72,2011-02-04 13:04:00,2011-02-04 13:04:00,550.8000000000001,1,1.0,"£501–£1,000",One-Time,308,1,2,3,6,550.8000000000001
17293.0,1854.06,9,1135,2010-12-13 14:55:00,2011-12-01 14:37:00,206.00666666666666,352,0.02556818181818182,"£1,001–£2,500",Repeat,8,5,5,4,14,1854.0600000000002
17295.0,547.0,3,293,2011-10-06 12:22:00,2011-11-11 10:49:00,182.33333333333334,35,0.08571428571428572,"£501–£1,000",Repeat,29,4,4,3,11,547.0
17297.0,128.18,1,65,2011-11-22 14:43:00,2011-11-22 14:43:00,128.18,1,1.0,£0–£500,One-Time,17,4,2,1,7,128.18
17298.0,498.42,2,387,2011-08-07 12:21:00,2011-08-30 16:43:00,249.21,23,0.08695652173913043,£0–£500,Repeat,101,2,3,3,8,498.41999999999996
17299.0,656.61,4,668,2011-06-19 16:04:00,2011-11-28 12:01:00,164.1525,161,0.024844720496894408,"£501–£1,000",Repeat,12,5,4,3,12,656.6099999999999
17301.0,163.24,1,137,2011-11-18 13:43:00,2011-11-18 13:43:00,163.24,1,1.0,£0–£500,One-Time,21,4,2,1,7,163.24
17302.0,1135.63,5,575,2011-02-07 10:14:00,2011-11-25 09:36:00,227.12600000000003,290,0.017241379310344827,"£1,001–£2,500",Repeat,15,4,4,4,12,1135.63
17303.0,250.04,1,144,2010-12-13 13:32:00,2010-12-13 13:32:00,250.04,1,1.0,£0–£500,One-Time,361,1,2,2,5,250.04
17306.0,8631.31,19,11491,2010-12-21 13:34:00,2011-11-29 12:14:00,454.2794736842105,342,0.05555555555555555,"£5,001–£10,000",Repeat,11,5,5,5,15,8631.309999999998
17309.0,82.75,1,41,2011-09-05 15:20:00,2011-09-05 15:20:00,82.75,1,1.0,£0–£500,One-Time,95,2,2,1,5,82.75
17311.0,1384.85,2,1005,2011-01-27 10:56:00,2011-09-22 14:11:00,692.425,238,0.008403361344537815,"£1,001–£2,500",Repeat,78,2,3,4,9,1384.85
17312.0,644.3,3,372,2011-07-03 13:12:00,2011-07-24 11:52:00,214.76666666666665,20,0.15,"£501–£1,000",Repeat,139,2,4,3,9,644.3
17313.0,2328.84,1,1402,2011-11-08 15:45:00,2011-11-08 15:45:00,2328.84,1,1.0,"£1,001–£2,500",One-Time,31,4,2,5,11,2328.84
17314.0,2527.92,8,1896,2011-01-31 11:25:00,2011-11-15 09:41:00,315.99,287,0.027874564459930314,"£2,501–£5,000",Repeat,25,4,5,5,14,2527.92
17315.0,6281.23,38,3863,2010-12-17 12:24:00,2011-12-08 12:15:00,165.29552631578946,355,0.10704225352112676,"£5,001–£10,000",Repeat,2,5,5,5,15,6281.23
17317.0,2600.34,3,1146,2011-09-11 12:45:00,2011-10-24 17:19:00,866.7800000000001,43,0.06976744186046512,"£2,501–£5,000",Repeat,46,3,4,5,12,2600.34
17320.0,1200.6200000000001,3,634,2010-12-06 15:38:00,2011-08-31 13:31:00,400.2066666666667,267,0.011235955056179775,"£1,001–£2,500",Repeat,100,2,4,4,10,1200.6200000000001
17321.0,657.16,2,364,2011-10-03 11:34:00,2011-12-01 13:41:00,328.58,59,0.03389830508474576,"£501–£1,000",Repeat,8,5,3,3,11,657.16
17323.0,906.52,7,760,2011-02-20 14:38:00,2011-11-24 17:29:00,129.50285714285715,277,0.02527075812274368,"£501–£1,000",Repeat,15,4,5,3,12,906.52
17324.0,986.48,4,843,2010-12-08 12:45:00,2011-11-22 10:34:00,246.62,348,0.011494252873563218,"£501–£1,000",Repeat,18,4,4,4,12,986.48
17325.0,96.8,1,60,2011-03-04 13:09:00,2011-03-04 13:09:00,96.8,1,1.0,£0–£500,One-Time,280,1,2,1,4,96.8
17329.0,523.11,2,142,2011-01-28 15:29:00,2011-11-25 14:24:00,261.555,300,0.006666666666666667,"£501–£1,000",Repeat,14,4,3,3,10,523.1100000000001
17330.0,363.9,2,120,2011-10-03 11:26:00,2011-11-17 08:56:00,181.95,44,0.045454545454545456,£0–£500,Repeat,23,4,3,2,9,363.9
17331.0,175.2,1,16,2011-08-08 11:55:00,2011-08-08 11:55:00,175.2,1,1.0,£0–£500,One-Time,124,2,2,1,5,175.2
17333.0,494.25,1,375,2011-09-15 10:11:00,2011-09-15 10:11:00,494.25,1,1.0,£0–£500,One-Time,86,2,2,3,7,494.25
17334.0,307.02,2,315,2011-02-04 09:03:00,2011-02-10 14:59:00,153.51,6,0.3333333333333333,£0–£500,Repeat,302,1,3,2,6,307.02
17337.0,1981.06,4,1247,2011-02-02 17:06:00,2011-07-11 14:55:00,495.265,158,0.02531645569620253,"£1,001–£2,500",Repeat,151,2,4,4,10,1981.06
17338.0,6493.54,8,3059,2010-12-13 12:57:00,2011-11-22 14:23:00,811.6925,344,0.023255813953488372,"£5,001–£10,000",Repeat,17,4,5,5,14,6493.54
17339.0,243.36,2,152,2010-12-09 14:44:00,2011-09-06 13:29:00,121.68,270,0.007407407407407408,£0–£500,Repeat,94,2,3,1,6,243.36
17340.0,12353.29,11,5967,2010-12-08 15:56:00,2011-11-10 10:45:00,1123.0263636363636,336,0.03273809523809524,"Above £10,000",Repeat,30,4,5,5,14,12353.29
17341.0,682.29,3,443,2010-12-08 12:46:00,2011-07-06 12:33:00,227.42999999999998,209,0.014354066985645933,"£501–£1,000",Repeat,157,2,4,3,9,682.29
17343.0,193.64,1,56,2010-12-19 15:07:00,2010-12-19 15:07:00,193.64,1,1.0,£0–£500,One-Time,355,1,2,1,4,193.64
17344.0,157.62,1,65,2011-10-24 12:56:00,2011-10-24 12:56:00,157.62,1,1.0,£0–£500,One-Time,46,3,2,1,6,157.62
17345.0,519.6899999999999,4,341,2011-05-27 12:26:00,2011-11-24 15:03:00,129.92249999999999,181,0.022099447513812154,"£501–£1,000",Repeat,15,4,4,3,11,519.6899999999999
17346.0,2622.88,15,1617,2010-12-01 14:34:00,2011-12-06 12:18:00,174.85866666666666,369,0.04065040650406504,"£2,501–£5,000",Repeat,4,5,5,5,15,2622.88
17347.0,228.96,1,216,2011-09-14 13:12:00,2011-09-14 13:12:00,228.96,1,1.0,£0–£500,One-Time,86,2,2,1,5,228.96
17348.0,1156.6,5,1398,2011-02-15 10:49:00,2011-11-25 11:25:00,231.32,283,0.0176678445229682,"£1,001–£2,500",Repeat,15,4,4,4,12,1156.6000000000001
17349.0,98.25,1,102,2011-06-13 14:29:00,2011-06-13 14:29:00,98.25,1,1.0,£0–£500,One-Time,179,2,2,1,5,98.25
17350.0,1281.32,4,770,2011-10-19 16:05:00,2011-12-01 15:47:00,320.33,42,0.09523809523809523,"£1,001–£2,500",Repeat,8,5,4,4,13,1281.32
17351.0,587.15,3,113,2011-03-11 16:05:00,2011-11-03 18:45:00,195.71666666666667,237,0.012658227848101266,"£501–£1,000",Repeat,36,3,4,3,10,587.1500000000001
17353.0,1740.0,2,1200,2011-07-08 16:17:00,2011-08-02 17:19:00,870.0,25,0.08,"£1,001–£2,500",Repeat,129,2,3,4,9,1740.0000000000002
17354.0,1393.06,1,1006,2011-10-20 10:34:00,2011-10-20 10:34:00,1393.06,1,1.0,"£1,001–£2,500",One-Time,51,3,2,4,9,1393.06
17356.0,178.22,1,166,2011-02-01 11:07:00,2011-02-01 11:07:00,178.22,1,1.0,£0–£500,One-Time,312,1,2,1,4,178.22
17357.0,384.39,2,152,2011-11-15 16:29:00,2011-11-15 16:30:00,192.195,1,2.0,£0–£500,Repeat,24,4,3,2,9,384.39
17358.0,360.81,2,190,2010-12-19 14:16:00,2011-02-09 16:57:00,180.405,52,0.038461538461538464,£0–£500,Repeat,303,1,3,2,6,360.81000000000006
17359.0,127.86,1,161,2011-11-28 14:37:00,2011-11-28 14:37:00,127.86,1,1.0,£0–£500,One-Time,11,5,2,1,8,127.86
17360.0,568.24,3,328,2011-06-08 17:09:00,2011-11-22 13:11:00,189.41333333333333,166,0.018072289156626505,"£501–£1,000",Repeat,17,4,4,3,11,568.2399999999999
17361.0,488.2,3,157,2011-02-21 09:55:00,2011-10-21 15:43:00,162.73333333333332,242,0.012396694214876033,£0–£500,Repeat,49,3,4,3,10,488.2
17362.0,312.23,2,191,2011-02-03 10:26:00,2011-04-14 14:43:00,156.115,70,0.02857142857142857,£0–£500,Repeat,239,1,3,2,6,312.23
17364.0,4462.68,11,2692,2011-01-12 16:57:00,2011-12-09 09:00:00,405.69818181818187,330,0.03333333333333333,"£2,501–£5,000",Repeat,1,5,5,5,15,4462.68
17365.0,4767.36,8,4749,2011-01-11 12:11:00,2011-11-27 12:13:00,595.92,320,0.025,"£2,501–£5,000",Repeat,13,5,5,5,15,4767.36
17367.0,167.55,1,149,2011-04-15 14:21:00,2011-04-15 14:21:00,167.55,1,1.0,£0–£500,One-Time,238,1,2,1,4,167.55
17368.0,1878.87,8,1377,2011-01-06 11:57:00,2011-11-16 15:26:00,234.85875,314,0.025477707006369428,"£1,001–£2,500",Repeat,23,4,5,4,13,1878.87
17370.0,446.18,4,540,2011-06-23 11:50:00,2011-09-28 10:14:00,111.545,96,0.041666666666666664,£0–£500,Repeat,73,2,4,2,8,446.17999999999995
17371.0,418.4,3,151,2010-12-13 15:20:00,2011-11-22 13:30:00,139.46666666666667,343,0.008746355685131196,£0–£500,Repeat,17,4,4,2,10,418.4
17372.0,1337.18,8,747,2010-12-12 12:00:00,2011-10-30 11:37:00,167.1475,321,0.024922118380062305,"£1,001–£2,500",Repeat,41,3,5,4,12,1337.1799999999998
17373.0,646.92,4,408,2011-01-31 11:46:00,2011-10-30 15:28:00,161.73,272,0.014705882352941176,"£501–£1,000",Repeat,40,3,4,3,10,646.92
17374.0,495.77,2,85,2011-03-03 12:53:00,2011-05-05 09:05:00,247.885,62,0.03225806451612903,£0–£500,Repeat,219,1,3,3,7,495.77
17375.0,400.1,3,367,2010-12-13 15:16:00,2011-05-24 15:45:00,133.36666666666667,162,0.018518518518518517,£0–£500,Repeat,199,1,4,2,7,400.09999999999997
17376.0,203.2,2,86,2011-02-01 14:12:00,2011-09-30 12:36:00,101.6,240,0.008333333333333333,£0–£500,Repeat,71,3,3,1,7,203.2
17377.0,4058.32,20,2038,2010-12-01 12:35:00,2011-11-16 11:17:00,202.916,349,0.05730659025787966,"£2,501–£5,000",Repeat,24,4,5,5,14,4058.3200000000006
17379.0,389.71999999999997,1,623,2011-11-28 13:56:00,2011-11-28 13:56:00,389.71999999999997,1,1.0,£0–£500,One-Time,11,5,2,2,9,389.71999999999997
17381.0,20275.61,29,25649,2010-12-02 12:58:00,2011-12-01 11:59:00,699.1589655172414,363,0.07988980716253444,"Above £10,000",Repeat,9,5,5,5,15,20275.610000000004
17382.0,65.4,1,25,2011-10-05 13:05:00,2011-10-05 13:05:00,65.4,1,1.0,£0–£500,One-Time,65,3,2,1,6,65.4
17383.0,193.39000000000001,1,148,2011-12-05 17:36:00,2011-12-05 17:36:00,193.39000000000001,1,1.0,£0–£500,One-Time,4,5,2,1,8,193.39000000000001
17384.0,336.4,2,88,2011-05-04 16:07:00,2011-11-20 15:48:00,168.2,199,0.010050251256281407,£0–£500,Repeat,19,4,3,2,9,336.4
17385.0,256.11,1,197,2011-11-25 11:02:00,2011-11-25 11:02:00,256.11,1,1.0,£0–£500,One-Time,15,4,2,2,8,256.11
17386.0,2686.42,6,1902,2011-06-27 12:11:00,2011-12-02 11:28:00,447.7366666666667,157,0.03821656050955414,"£2,501–£5,000",Repeat,8,5,5,5,15,2686.42
17387.0,746.81,2,522,2011-11-06 11:25:00,2011-11-20 11:00:00,373.405,13,0.15384615384615385,"£501–£1,000",Repeat,20,4,3,3,10,746.8100000000001
17388.0,1259.56,4,1068,2011-02-25 12:28:00,2011-09-23 10:31:00,314.89,209,0.019138755980861243,"£1,001–£2,500",Repeat,78,2,4,4,10,1259.56
17389.0,31833.68,34,7612,2011-01-12 15:48:00,2011-12-09 09:38:00,936.2847058823529,330,0.10303030303030303,"Above £10,000",Repeat,1,5,5,5,15,31833.679999999997
17391.0,508.8,2,480,2011-06-28 12:21:00,2011-06-29 09:58:00,254.4,1,2.0,"£501–£1,000",Repeat,164,2,3,3,8,508.8
17392.0,417.27,2,277,2010-12-16 19:04:00,2011-02-06 12:48:00,208.635,51,0.0392156862745098,£0–£500,Repeat,307,1,3,2,6,417.27
17394.0,203.86999999999998,1,241,2011-05-04 13:22:00,2011-05-04 13:22:00,203.86999999999998,1,1.0,£0–£500,One-Time,219,1,2,1,4,203.86999999999998
17396.0,7330.8,8,2005,2010-12-03 09:45:00,2011-10-31 14:12:00,916.35,332,0.024096385542168676,"£5,001–£10,000",Repeat,39,3,5,5,13,7330.800000000001
17397.0,681.41,2,250,2011-11-17 13:58:00,2011-11-17 14:08:00,340.705,1,2.0,"£501–£1,000",Repeat,22,4,3,3,10,681.41
17398.0,653.38,3,310,2011-03-29 13:04:00,2011-08-17 09:48:00,217.79333333333332,140,0.02142857142857143,"£501–£1,000",Repeat,115,2,4,3,9,653.38
17400.0,2097.84,5,1088,2010-12-21 17:16:00,2011-08-05 15:38:00,419.56800000000004,226,0.022123893805309734,"£1,001–£2,500",Repeat,126,2,4,5,11,2097.84
17402.0,2633.85,13,701,2010-12-05 13:53:00,2011-12-05 10:15:00,202.60384615384615,364,0.03571428571428571,"£2,501–£5,000",Repeat,5,5,5,5,15,2633.85
17403.0,263.92,1,111,2011-11-03 15:18:00,2011-11-03 15:18:00,263.92,1,1.0,£0–£500,One-Time,36,3,2,2,7,263.92
17404.0,31906.82,15,32748,2010-12-14 13:28:00,2011-12-05 16:26:00,2127.1213333333335,356,0.042134831460674156,"Above £10,000",Repeat,4,5,5,5,15,31906.820000000003
17405.0,1031.41,3,726,2011-07-12 14:17:00,2011-12-08 17:12:00,343.80333333333334,149,0.020134228187919462,"£1,001–£2,500",Repeat,1,5,4,4,13,1031.41
17406.0,2184.42,3,780,2010-12-08 10:35:00,2011-01-10 15:07:00,728.14,33,0.09090909090909091,"£1,001–£2,500",Repeat,333,1,4,5,10,2184.4199999999996
17408.0,32.65,1,3,2011-06-29 12:53:00,2011-06-29 12:53:00,32.65,1,1.0,£0–£500,One-Time,163,2,2,1,5,32.65
17409.0,771.85,2,105,2011-04-05 16:42:00,2011-06-08 10:36:00,385.925,63,0.031746031746031744,"£501–£1,000",Repeat,185,1,3,3,7,771.85
17410.0,1214.72,5,616,2011-05-08 15:21:00,2011-11-23 15:46:00,242.94400000000002,199,0.02512562814070352,"£1,001–£2,500",Repeat,16,4,4,4,12,1214.7200000000003
17411.0,778.94,3,306,2011-03-23 13:44:00,2011-11-27 14:25:00,259.6466666666667,249,0.012048192771084338,"£501–£1,000",Repeat,12,5,4,3,12,778.9400000000002
17412.0,1258.06,7,738,2010-12-02 16:29:00,2011-12-07 11:36:00,179.72285714285712,369,0.018970189701897018,"£1,001–£2,500",Repeat,3,5,5,4,14,1258.0599999999997
17414.0,778.0,2,2100,2011-06-08 11:43:00,2011-10-27 12:13:00,389.0,141,0.014184397163120567,"£501–£1,000",Repeat,44,3,3,3,9,778.0
17415.0,507.84,1,114,2011-09-21 12:50:00,2011-09-21 12:50:00,507.84,1,1.0,"£501–£1,000",One-Time,80,2,2,3,7,507.84
17416.0,6893.42,7,4302,2011-03-03 13:45:00,2011-11-10 12:47:00,984.7742857142857,251,0.027888446215139442,"£5,001–£10,000",Repeat,30,4,5,5,14,6893.42
17418.0,463.46000000000004,2,289,2011-01-20 11:39:00,2011-10-28 13:00:00,231.73000000000002,281,0.0071174377224199285,£0–£500,Repeat,42,3,3,2,8,463.46000000000004
17419.0,4226.57,12,1876,2010-12-07 15:03:00,2011-11-28 13:47:00,352.21416666666664,355,0.03380281690140845,"£2,501–£5,000",Repeat,11,5,5,5,15,4226.57
17420.0,598.83,3,265,2010-12-01 09:56:00,2011-10-20 14:52:00,199.61,323,0.009287925696594427,"£501–£1,000",Repeat,50,3,4,3,10,598.83
17422.0,1979.37,6,2253,2011-02-16 14:44:00,2011-11-23 13:27:00,329.895,279,0.021505376344086023,"£1,001–£2,500",Repeat,16,4,5,4,13,1979.3700000000001
17423.0,698.41,2,459,2011-05-06 09:14:00,2011-10-24 13:36:00,349.205,171,0.011695906432748537,"£501–£1,000",Repeat,46,3,3,3,9,698.41
17425.0,759.17,2,407,2011-10-10 11:37:00,2011-11-20 15:30:00,379.585,41,0.04878048780487805,"£501–£1,000",Repeat,19,4,3,3,10,759.17
17426.0,5037.26,6,3094,2011-03-02 16:34:00,2011-12-01 18:07:00,839.5433333333334,274,0.021897810218978103,"£5,001–£10,000",Repeat,8,5,5,5,15,5037.26
17427.0,100.8,1,34,2011-09-29 11:29:00,2011-09-29 11:29:00,100.8,1,1.0,£0–£500,One-Time,72,3,2,1,6,100.8
17428.0,17256.85,28,9474,2010-12-06 09:37:00,2011-12-09 09:45:00,616.3160714285714,368,0.07608695652173914,"Above £10,000",Repeat,1,5,5,5,15,17256.850000000002
17429.0,524.9200000000001,3,624,2011-05-05 09:53:00,2011-08-03 13:22:00,174.97333333333336,90,0.03333333333333333,"£501–£1,000",Repeat,128,2,4,3,9,524.9200000000001
17430.0,265.76,2,190,2010-12-09 13:05:00,2011-11-07 09:24:00,132.88,332,0.006024096385542169,£0–£500,Repeat,33,4,3,2,9,265.76
17431.0,403.3,1,292,2011-01-30 14:36:00,2011-01-30 14:36:00,403.3,1,1.0,£0–£500,One-Time,313,1,2,2,5,403.3
17432.0,365.76,2,207,2011-11-02 17:30:00,2011-11-21 17:33:00,182.88,19,0.10526315789473684,£0–£500,Repeat,18,4,3,2,9,365.76
17433.0,303.15999999999997,1,185,2011-09-12 14:24:00,2011-09-12 14:24:00,303.15999999999997,1,1.0,£0–£500,One-Time,88,2,2,2,6,303.15999999999997
17434.0,2373.82,7,1693,2011-09-15 13:54:00,2011-12-07 13:16:00,339.1171428571429,82,0.08536585365853659,"£1,001–£2,500",Repeat,2,5,5,5,15,2373.82
17436.0,216.29999999999998,2,90,2011-04-27 11:33:00,2011-12-08 12:30:00,108.14999999999999,225,0.008888888888888889,£0–£500,Repeat,2,5,3,1,9,216.29999999999998
17438.0,388.45000000000005,1,103,2011-03-31 10:26:00,2011-03-31 10:26:00,388.45000000000005,1,1.0,£0–£500,One-Time,254,1,2,2,5,388.45000000000005
17440.0,186.42000000000002,3,246,2011-04-06 12:05:00,2011-07-06 11:54:00,62.14000000000001,90,0.03333333333333333,£0–£500,Repeat,157,2,4,1,7,186.42000000000002
17442.0,2248.56,6,1496,2011-02-22 13:02:00,2011-11-03 09:17:00,374.76,253,0.023715415019762844,"£1,001–£2,500",Repeat,37,3,5,5,13,2248.56
17443.0,534.24,1,504,2011-05-04 10:47:00,2011-05-04 10:47:00,534.24,1,1.0,"£501–£1,000",One-Time,220,1,2,3,6,534.24
17444.0,2940.04,3,2119,2011-06-20 09:04:00,2011-07-15 12:05:00,980.0133333333333,25,0.12,"£2,501–£5,000",Repeat,148,2,4,5,11,2940.04
17446.0,120.9,2,198,2011-02-02 14:40:00,2011-06-16 10:42:00,60.45,133,0.015037593984962405,£0–£500,Repeat,177,2,3,1,6,120.89999999999999
17447.0,541.53,2,443,2011-09-29 10:10:00,2011-10-30 14:18:00,270.765,31,0.06451612903225806,"£501–£1,000",Repeat,40,3,3,3,9,541.53
17449.0,2519.21,7,1121,2010-12-15 10:57:00,2011-12-07 16:56:00,359.88714285714286,357,0.0196078431372549,"£2,501–£5,000",Repeat,2,5,5,5,15,2519.21
17450.0,194390.79,46,69973,2010-12-07 09:23:00,2011-12-01 13:29:00,4225.886739130435,359,0.12813370473537605,"Above £10,000",Repeat,8,5,5,5,15,194390.79000000004
17451.0,1721.4,7,1203,2011-08-26 11:54:00,2011-12-08 15:02:00,245.91428571428574,104,0.0673076923076923,"£1,001–£2,500",Repeat,1,5,5,4,14,1721.4
17453.0,486.71999999999997,2,219,2011-10-06 17:02:00,2011-11-22 09:42:00,243.35999999999999,46,0.043478260869565216,£0–£500,Repeat,18,4,3,2,9,486.71999999999997
17454.0,517.53,4,243,2010-12-15 10:54:00,2011-05-31 13:58:00,129.3825,167,0.023952095808383235,"£501–£1,000",Repeat,192,1,4,3,8,517.5300000000001
17455.0,131.7,1,66,2011-05-20 12:31:00,2011-05-20 12:31:00,131.7,1,1.0,£0–£500,One-Time,204,1,2,1,4,131.7
17456.0,249.86,1,222,2010-12-09 15:23:00,2010-12-09 15:23:00,249.86,1,1.0,£0–£500,One-Time,365,1,2,2,5,249.86
17457.0,1737.7,5,826,2011-01-04 14:33:00,2011-08-05 12:48:00,347.54,212,0.02358490566037736,"£1,001–£2,500",Repeat,127,2,4,4,10,1737.7
17458.0,316.5,1,170,2011-11-24 13:01:00,2011-11-24 13:01:00,316.5,1,1.0,£0–£500,One-Time,15,4,2,2,8,316.5
17459.0,657.3,2,537,2011-10-10 17:00:00,2011-10-27 13:25:00,328.65,16,0.125,"£501–£1,000",Repeat,43,3,3,3,9,657.3
17460.0,622.4300000000001,6,236,2010-12-01 16:24:00,2011-09-06 15:04:00,103.73833333333334,278,0.02158273381294964,"£501–£1,000",Repeat,94,2,5,3,10,622.4300000000001
17461.0,735.82,3,770,2011-11-10 12:01:00,2011-11-17 10:21:00,245.27333333333334,6,0.5,"£501–£1,000",Repeat,23,4,4,3,11,735.82
17462.0,675.69,2,227,2011-02-28 17:01:00,2011-10-10 13:56:00,337.845,223,0.008968609865470852,"£501–£1,000",Repeat,60,3,3,3,9,675.69
17463.0,1875.86,5,1086,2011-01-30 15:48:00,2011-11-23 13:40:00,375.17199999999997,296,0.016891891891891893,"£1,001–£2,500",Repeat,16,4,4,4,12,1875.8600000000001
17464.0,289.96000000000004,1,220,2011-07-04 13:19:00,2011-07-04 13:19:00,289.96000000000004,1,1.0,£0–£500,One-Time,158,2,2,2,6,289.96000000000004
17466.0,763.28,2,306,2011-09-22 09:16:00,2011-11-29 13:15:00,381.64,68,0.029411764705882353,"£501–£1,000",Repeat,10,5,3,3,11,763.28
17468.0,137.0,2,116,2011-11-25 12:52:00,2011-11-29 15:33:00,68.5,4,0.5,£0–£500,Repeat,10,5,3,1,9,137.0
17469.0,1870.97,5,787,2011-05-19 08:55:00,2011-11-23 13:15:00,374.194,188,0.026595744680851064,"£1,001–£2,500",Repeat,16,4,4,4,12,1870.97
17470.0,1125.07,5,1675,2010-12-07 09:57:00,2011-10-26 12:42:00,225.01399999999998,323,0.015479876160990712,"£1,001–£2,500",Repeat,45,3,4,4,11,1125.07
17472.0,697.54,3,455,2011-02-13 14:40:00,2011-06-01 14:57:00,232.51333333333332,108,0.027777777777777776,"£501–£1,000",Repeat,191,1,4,3,8,697.54
17475.0,194.37,1,178,2011-09-21 14:55:00,2011-09-21 14:55:00,194.37,1,1.0,£0–£500,One-Time,79,2,2,1,5,194.37
17480.0,511.82,1,338,2011-09-23 11:39:00,2011-09-23 11:39:00,511.82,1,1.0,"£501–£1,000",One-Time,78,2,2,3,7,511.82
17481.0,1255.59,4,1061,2011-09-07 09:57:00,2011-12-06 12:28:00,313.8975,90,0.044444444444444446,"£1,001–£2,500",Repeat,4,5,4,4,13,1255.59
17483.0,414.04,3,191,2011-06-09 19:40:00,2011-10-05 13:10:00,138.01333333333335,117,0.02564102564102564,£0–£500,Repeat,65,3,4,2,9,414.04
17486.0,396.87,1,191,2011-03-23 14:00:00,2011-03-23 14:00:00,396.87,1,1.0,£0–£500,One-Time,261,1,2,2,5,396.87
17489.0,376.64,2,428,2011-05-11 11:34:00,2011-10-12 08:56:00,188.32,153,0.013071895424836602,£0–£500,Repeat,59,3,3,2,8,376.64
17490.0,2092.32,7,1134,2011-06-16 09:15:00,2011-12-09 09:08:00,298.90285714285716,175,0.04,"£1,001–£2,500",Repeat,1,5,5,5,15,2092.32
17491.0,3558.87,10,2013,2010-12-07 12:18:00,2011-12-08 16:18:00,355.887,366,0.0273224043715847,"£2,501–£5,000",Repeat,1,5,5,5,15,3558.8700000000003
17492.0,374.57,1,155,2011-04-05 15:21:00,2011-04-05 15:21:00,374.57,1,1.0,£0–£500,One-Time,248,1,2,2,5,374.57
17495.0,497.56,2,229,2011-11-01 12:06:00,2011-12-02 12:08:00,248.78,31,0.06451612903225806,£0–£500,Repeat,8,5,3,3,11,497.56
17496.0,271.05,1,79,2010-12-16 08:39:00,2010-12-16 08:39:00,271.05,1,1.0,£0–£500,One-Time,359,1,2,2,5,271.05
17498.0,272.22,1,394,2011-09-25 12:25:00,2011-09-25 12:25:00,272.22,1,1.0,£0–£500,One-Time,76,2,2,2,6,272.22
17499.0,622.88,1,711,2011-02-23 09:14:00,2011-02-23 09:14:00,622.88,1,1.0,"£501–£1,000",One-Time,290,1,2,3,6,622.88
17500.0,1138.0,3,17,2011-11-10 09:08:00,2011-11-22 14:25:00,379.3333333333333,12,0.25,"£1,001–£2,500",Repeat,17,4,4,4,12,1138.0
17501.0,288.6,2,160,2011-05-03 09:46:00,2011-05-03 09:47:00,144.3,1,2.0,£0–£500,Repeat,221,1,3,2,6,288.6
17502.0,689.1,4,376,2011-11-10 16:39:00,2011-11-30 13:13:00,172.275,19,0.21052631578947367,"£501–£1,000",Repeat,9,5,4,3,12,689.1
17503.0,558.96,2,486,2011-11-01 11:12:00,2011-12-07 09:18:00,279.48,35,0.05714285714285714,"£501–£1,000",Repeat,3,5,3,3,11,558.96
17504.0,2997.0299999999997,9,1664,2011-01-21 11:09:00,2011-05-17 12:59:00,333.00333333333333,116,0.07758620689655173,"£2,501–£5,000",Repeat,206,1,5,5,11,2997.0299999999997
17505.0,1145.84,2,556,2011-05-18 09:01:00,2011-07-01 12:50:00,572.92,44,0.045454545454545456,"£1,001–£2,500",Repeat,162,2,3,4,9,1145.84
17506.0,302.2,1,139,2011-09-25 11:39:00,2011-09-25 11:39:00,302.2,1,1.0,£0–£500,One-Time,76,2,2,2,6,302.2
17507.0,605.58,2,359,2011-02-03 18:08:00,2011-03-23 11:48:00,302.79,47,0.0425531914893617,"£501–£1,000",Repeat,262,1,3,3,7,605.58
17508.0,387.31,1,289,2011-03-04 08:10:00,2011-03-04 08:10:00,387.31,1,1.0,£0–£500,One-Time,281,1,2,2,5,387.31
17509.0,6083.64,8,3512,2011-10-07 13:14:00,2011-10-13 10:26:00,760.455,5,1.6,"£5,001–£10,000",Repeat,58,3,5,5,13,6083.64
17510.0,308.48,1,214,2011-11-15 10:00:00,2011-11-15 10:00:00,308.48,1,1.0,£0–£500,One-Time,25,4,2,2,8,308.48
17511.0,91062.38,31,64549,2010-12-01 10:19:00,2011-12-07 10:12:00,2937.496129032258,370,0.08378378378378379,"Above £10,000",Repeat,3,5,5,5,15,91062.38
17512.0,2924.9900000000002,10,2753,2011-02-11 12:22:00,2011-11-11 12:11:00,292.499,272,0.03676470588235294,"£2,501–£5,000",Repeat,29,4,5,5,14,2924.9900000000007
17513.0,513.2,1,254,2011-09-28 16:42:00,2011-09-28 16:42:00,513.2,1,1.0,"£501–£1,000",One-Time,72,3,2,3,8,513.2
17514.0,208.65,1,135,2011-08-03 15:45:00,2011-08-03 15:45:00,208.65,1,1.0,£0–£500,One-Time,128,2,2,1,5,208.65
17515.0,639.02,4,243,2011-01-25 14:33:00,2011-11-08 14:04:00,159.755,286,0.013986013986013986,"£501–£1,000",Repeat,31,4,4,3,11,639.02
17516.0,764.88,5,414,2011-02-27 12:41:00,2011-11-24 16:51:00,152.976,270,0.018518518518518517,"£501–£1,000",Repeat,15,4,4,3,11,764.88
17517.0,153.94,1,102,2011-02-04 11:48:00,2011-02-04 11:48:00,153.94,1,1.0,£0–£500,One-Time,309,1,2,1,4,153.94
17519.0,1844.02,6,1236,2010-12-06 15:18:00,2011-11-22 16:43:00,307.33666666666664,351,0.017094017094017096,"£1,001–£2,500",Repeat,17,4,5,4,13,1844.02
17520.0,546.81,1,365,2011-10-17 12:04:00,2011-10-17 12:04:00,546.81,1,1.0,"£501–£1,000",One-Time,54,3,2,3,8,546.81
17521.0,723.2099999999999,3,519,2011-05-24 15:14:00,2011-11-10 11:22:00,241.06999999999996,169,0.01775147928994083,"£501–£1,000",Repeat,30,4,4,3,11,723.2099999999998
17522.0,1070.71,5,1034,2011-05-05 16:31:00,2011-12-08 12:31:00,214.142,216,0.023148148148148147,"£1,001–£2,500",Repeat,2,5,4,4,13,1070.7099999999998
17523.0,652.74,4,872,2011-11-20 13:40:00,2011-11-28 13:20:00,163.185,7,0.5714285714285714,"£501–£1,000",Repeat,11,5,4,3,12,652.74
17524.0,145.0,1,90,2010-12-13 14:32:00,2010-12-13 14:32:00,145.0,1,1.0,£0–£500,One-Time,361,1,2,1,4,145.0
17525.0,422.70000000000005,1,82,2010-12-15 12:05:00,2010-12-15 12:05:00,422.70000000000005,1,1.0,£0–£500,One-Time,360,1,2,2,5,422.70000000000005
17526.0,1195.8999999999999,4,310,2010-12-09 12:20:00,2011-12-05 11:05:00,298.97499999999997,360,0.011111111111111112,"£1,001–£2,500",Repeat,5,5,4,4,13,1195.8999999999999
17527.0,939.37,4,488,2011-05-05 13:43:00,2011-10-17 12:32:00,234.8425,164,0.024390243902439025,"£501–£1,000",Repeat,54,3,4,4,11,939.3700000000001
17528.0,3628.5,8,2138,2011-09-29 13:04:00,2011-12-08 13:27:00,453.5625,70,0.11428571428571428,"£2,501–£5,000",Repeat,1,5,5,5,15,3628.4999999999995
17530.0,2367.12,10,1514,2010-12-09 20:01:00,2011-12-08 18:42:00,236.712,363,0.027548209366391185,"£1,001–£2,500",Repeat,1,5,5,5,15,2367.12
17531.0,296.7,1,136,2011-06-02 19:17:00,2011-06-02 19:17:00,296.7,1,1.0,£0–£500,One-Time,190,1,2,2,5,296.7
17534.0,223.36,1,103,2011-10-17 12:47:00,2011-10-17 12:47:00,223.36,1,1.0,£0–£500,One-Time,54,3,2,1,6,223.36
17535.0,164.4,1,136,2011-03-04 15:20:00,2011-03-04 15:20:00,164.4,1,1.0,£0–£500,One-Time,280,1,2,1,4,164.4
17536.0,76.5,1,6,2011-06-15 13:23:00,2011-06-15 13:23:00,76.5,1,1.0,£0–£500,One-Time,177,2,2,1,5,76.5
17537.0,887.67,2,699,2011-02-09 13:37:00,2011-11-10 10:56:00,443.835,273,0.007326007326007326,"£501–£1,000",Repeat,30,4,3,3,10,887.67
17538.0,98.42,1,134,2011-11-14 12:12:00,2011-11-14 12:12:00,98.42,1,1.0,£0–£500,One-Time,26,4,2,1,7,98.42
17540.0,578.9,2,194,2011-01-27 14:35:00,2011-11-15 11:56:00,289.45,291,0.006872852233676976,"£501–£1,000",Repeat,25,4,3,3,10,578.9
17542.0,170.75,1,134,2011-03-15 11:45:00,2011-03-15 11:45:00,170.75,1,1.0,£0–£500,One-Time,270,1,2,1,4,170.75
17545.0,642.32,3,337,2011-10-27 13:48:00,2011-10-27 14:04:00,214.10666666666668,1,3.0,"£501–£1,000",Repeat,43,3,4,3,10,642.32
17548.0,103.3,1,58,2011-04-20 12:01:00,2011-04-20 12:01:00,103.3,1,1.0,£0–£500,One-Time,234,1,2,1,4,103.3
17549.0,148.86,2,210,2011-10-19 10:05:00,2011-11-16 09:59:00,74.43,27,0.07407407407407407,£0–£500,Repeat,24,4,3,1,8,148.86
17550.0,267.16,3,86,2011-04-10 15:19:00,2011-05-26 14:09:00,89.05333333333334,45,0.06666666666666667,£0–£500,Repeat,197,1,4,2,7,267.16
17551.0,290.34,1,142,2010-12-15 14:12:00,2010-12-15 14:12:00,290.34,1,1.0,£0–£500,One-Time,359,1,2,2,5,290.34
17552.0,930.41,4,719,2010-12-02 18:45:00,2011-10-10 17:00:00,232.6025,311,0.012861736334405145,"£501–£1,000",Repeat,60,3,4,3,10,930.41
17553.0,1487.6,1,1048,2011-08-02 10:00:00,2011-08-02 10:00:00,1487.6,1,1.0,"£1,001–£2,500",One-Time,130,2,2,4,8,1487.6
17554.0,1952.45,5,1763,2011-07-14 20:01:00,2011-12-08 14:15:00,390.49,146,0.03424657534246575,"£1,001–£2,500",Repeat,1,5,4,4,13,1952.45
17555.0,480.31,2,348,2011-01-09 12:31:00,2011-11-20 12:22:00,240.155,314,0.006369426751592357,£0–£500,Repeat,20,4,3,2,9,480.31
17556.0,157.9,1,101,2011-05-18 10:48:00,2011-05-18 10:48:00,157.9,1,1.0,£0–£500,One-Time,206,1,2,1,4,157.9
17557.0,541.46,3,306,2011-09-19 14:23:00,2011-11-25 12:57:00,180.48666666666668,66,0.045454545454545456,"£501–£1,000",Repeat,14,4,4,3,11,541.46
17560.0,854.95,4,635,2011-02-02 11:14:00,2011-09-06 09:18:00,213.7375,215,0.018604651162790697,"£501–£1,000",Repeat,95,2,4,3,9,854.95
17561.0,165.12,1,144,2011-11-20 12:53:00,2011-11-20 12:53:00,165.12,1,1.0,£0–£500,One-Time,19,4,2,1,7,165.12
17562.0,1122.38,7,817,2011-06-19 13:06:00,2011-11-25 14:21:00,160.34,159,0.0440251572327044,"£1,001–£2,500",Repeat,14,4,5,4,13,1122.3799999999999
17564.0,454.01,3,146,2011-09-20 14:00:00,2011-11-15 13:27:00,151.33666666666667,55,0.05454545454545454,£0–£500,Repeat,24,4,4,2,10,454.01
17566.0,869.77,2,497,2011-11-14 13:42:00,2011-12-01 19:54:00,434.885,17,0.11764705882352941,"£501–£1,000",Repeat,8,5,3,3,11,869.77
17567.0,4331.48,8,2632,2010-12-02 15:18:00,2011-12-02 15:48:00,541.435,365,0.021917808219178082,"£2,501–£5,000",Repeat,7,5,5,5,15,4331.48
17569.0,344.14,1,159,2011-01-11 14:15:00,2011-01-11 14:15:00,344.14,1,1.0,£0–£500,One-Time,332,1,2,2,5,344.14
17571.0,1425.67,4,876,2011-02-14 15:15:00,2011-10-20 15:57:00,356.4175,248,0.016129032258064516,"£1,001–£2,500",Repeat,50,3,4,4,11,1425.67
17572.0,226.75000000000003,4,95,2010-12-01 12:51:00,2011-09-29 17:53:00,56.68750000000001,302,0.013245033112582781,£0–£500,Repeat,71,3,4,1,8,226.75000000000003
17573.0,380.6,3,308,2011-09-07 10:36:00,2011-11-10 13:01:00,126.86666666666667,64,0.046875,£0–£500,Repeat,29,4,4,2,10,380.6
17574.0,185.65,1,77,2011-04-11 09:47:00,2011-04-11 09:47:00,185.65,1,1.0,£0–£500,One-Time,243,1,2,1,4,185.65
17576.0,3564.83,19,1967,2010-12-09 16:57:00,2011-12-01 17:56:00,187.62263157894736,357,0.05322128851540616,"£2,501–£5,000",Repeat,8,5,5,5,15,3564.83
17578.0,143.45999999999998,1,138,2011-05-05 18:38:00,2011-05-05 18:38:00,143.45999999999998,1,1.0,£0–£500,One-Time,218,1,2,1,4,143.45999999999998
17579.0,448.90000000000003,3,258,2011-06-13 14:12:00,2011-12-05 12:28:00,149.63333333333335,174,0.017241379310344827,£0–£500,Repeat,5,5,4,2,11,448.90000000000003
17580.0,215.72,3,88,2010-12-16 15:27:00,2011-04-01 12:41:00,71.90666666666667,105,0.02857142857142857,£0–£500,Repeat,253,1,4,1,6,215.72
17581.0,11025.24,25,5915,2010-12-02 14:47:00,2011-12-09 12:21:00,441.0096,371,0.0673854447439353,"Above £10,000",Repeat,1,5,5,5,15,11025.24
17582.0,175.27,1,123,2011-04-17 13:18:00,2011-04-17 13:18:00,175.27,1,1.0,£0–£500,One-Time,236,1,2,1,4,175.27
17584.0,1242.3,2,458,2011-08-04 14:12:00,2011-12-02 17:12:00,621.15,120,0.016666666666666666,"£1,001–£2,500",Repeat,7,5,3,4,12,1242.3
17585.0,1116.68,4,1650,2011-01-05 15:09:00,2011-08-22 13:30:00,279.17,228,0.017543859649122806,"£1,001–£2,500",Repeat,109,2,4,4,10,1116.68
17588.0,1240.2,3,676,2011-04-21 10:31:00,2011-08-31 13:37:00,413.40000000000003,132,0.022727272727272728,"£1,001–£2,500",Repeat,100,2,4,4,10,1240.2
17589.0,2404.17,4,1631,2011-04-13 13:47:00,2011-10-10 16:58:00,601.0425,180,0.022222222222222223,"£1,001–£2,500",Repeat,60,3,4,5,12,2404.17
17590.0,1468.02,3,822,2011-10-30 14:05:00,2011-12-07 12:55:00,489.34,37,0.08108108108108109,"£1,001–£2,500",Repeat,2,5,4,4,13,1468.02
17591.0,2203.67,7,1000,2010-12-07 15:39:00,2011-09-27 13:42:00,314.81,293,0.023890784982935155,"£1,001–£2,500",Repeat,73,2,5,5,12,2203.67
17593.0,3923.86,5,3089,2010-12-22 10:29:00,2011-12-06 10:30:00,784.772,349,0.014326647564469915,"£2,501–£5,000",Repeat,4,5,4,5,14,3923.8600000000006
17594.0,993.18,2,550,2011-03-30 10:32:00,2011-09-15 16:34:00,496.59,169,0.011834319526627219,"£501–£1,000",Repeat,85,2,3,4,9,993.1799999999998
17595.0,386.69,2,228,2011-11-02 16:19:00,2011-11-27 16:08:00,193.345,24,0.08333333333333333,£0–£500,Repeat,12,5,3,2,10,386.68999999999994
17596.0,2806.69,7,4376,2010-12-06 12:34:00,2011-11-16 14:11:00,400.9557142857143,345,0.020289855072463767,"£2,501–£5,000",Repeat,23,4,5,5,14,2806.69
17597.0,2044.3700000000001,1,1176,2011-05-10 11:54:00,2011-05-10 11:54:00,2044.3700000000001,1,1.0,"£1,001–£2,500",One-Time,214,1,2,4,7,2044.3700000000001
17600.0,161.67000000000002,1,144,2011-11-22 09:43:00,2011-11-22 09:43:00,161.67000000000002,1,1.0,£0–£500,One-Time,18,4,2,1,7,161.67000000000002
17601.0,116.00999999999999,1,103,2011-04-14 18:02:00,2011-04-14 18:02:00,116.00999999999999,1,1.0,£0–£500,One-Time,239,1,2,1,4,116.00999999999999
17602.0,5054.42,6,4116,2011-01-19 16:18:00,2011-12-07 13:53:00,842.4033333333333,321,0.018691588785046728,"£5,001–£10,000",Repeat,2,5,5,5,15,5054.419999999999
17603.0,394.72,1,74,2011-09-22 14:18:00,2011-09-22 14:18:00,394.72,1,1.0,£0–£500,One-Time,78,2,2,2,6,394.72
17604.0,309.36,2,169,2011-01-31 15:09:00,2011-05-06 13:43:00,154.68,94,0.02127659574468085,£0–£500,Repeat,217,1,3,2,6,309.36
17608.0,191.99,2,229,2011-11-06 13:00:00,2011-11-06 13:06:00,95.995,1,2.0,£0–£500,Repeat,33,4,3,1,8,191.99
17609.0,1105.78,5,719,2011-01-16 16:23:00,2011-10-30 12:28:00,221.156,286,0.017482517482517484,"£1,001–£2,500",Repeat,41,3,4,4,11,1105.7800000000002
17611.0,3961.12,15,2550,2010-12-13 13:52:00,2011-12-02 13:29:00,264.07466666666664,353,0.042492917847025496,"£2,501–£5,000",Repeat,7,5,5,5,15,3961.1199999999994
17612.0,2048.45,6,1808,2011-02-15 10:40:00,2011-10-17 14:59:00,341.4083333333333,244,0.02459016393442623,"£1,001–£2,500",Repeat,53,3,5,4,12,2048.45
17613.0,4544.55,14,2490,2011-02-07 11:20:00,2011-11-17 10:51:00,324.6107142857143,282,0.04964539007092199,"£2,501–£5,000",Repeat,23,4,5,5,14,4544.55
17614.0,386.32,1,235,2011-10-13 16:01:00,2011-10-13 16:01:00,386.32,1,1.0,£0–£500,One-Time,57,3,2,2,7,386.32
17615.0,329.6,3,140,2011-05-01 15:33:00,2011-08-01 14:06:00,109.86666666666667,91,0.03296703296703297,£0–£500,Repeat,130,2,4,2,8,329.6
17616.0,571.1999999999999,3,224,2010-12-07 10:04:00,2011-06-19 10:11:00,190.39999999999998,194,0.015463917525773196,"£501–£1,000",Repeat,174,2,4,3,9,571.1999999999999
17618.0,930.28,3,319,2010-12-12 16:05:00,2011-12-04 11:50:00,310.0933333333333,356,0.008426966292134831,"£501–£1,000",Repeat,6,5,4,3,12,930.2799999999999
17619.0,214.37,1,124,2011-01-31 14:18:00,2011-01-31 14:18:00,214.37,1,1.0,£0–£500,One-Time,312,1,2,1,4,214.37
17620.0,81.44,1,60,2011-10-11 12:08:00,2011-10-11 12:08:00,81.44,1,1.0,£0–£500,One-Time,60,3,2,1,6,81.44
17621.0,1379.9,3,514,2010-12-20 13:31:00,2011-11-18 17:11:00,459.9666666666667,333,0.009009009009009009,"£1,001–£2,500",Repeat,21,4,4,4,12,1379.9
17623.0,527.0500000000001,1,265,2011-11-07 11:32:00,2011-11-07 11:32:00,527.0500000000001,1,1.0,"£501–£1,000",One-Time,33,4,2,3,9,527.0500000000001
17624.0,843.48,2,554,2011-05-05 17:59:00,2011-11-25 10:52:00,421.74,203,0.009852216748768473,"£501–£1,000",Repeat,15,4,3,3,10,843.48
17625.0,2020.4,4,1180,2011-03-27 12:21:00,2011-11-21 13:36:00,505.1,239,0.016736401673640166,"£1,001–£2,500",Repeat,18,4,4,4,12,2020.3999999999999
17628.0,75.75,1,79,2011-09-19 15:21:00,2011-09-19 15:21:00,75.75,1,1.0,£0–£500,One-Time,81,2,2,1,5,75.75
17629.0,1814.12,8,1629,2010-12-15 09:58:00,2011-12-04 10:56:00,226.765,354,0.022598870056497175,"£1,001–£2,500",Repeat,6,5,5,4,14,1814.12
17630.0,503.59999999999997,2,158,2011-04-21 14:03:00,2011-06-23 11:58:00,251.79999999999998,62,0.03225806451612903,"£501–£1,000",Repeat,170,2,3,3,8,503.5999999999999
17631.0,528.33,3,334,2011-04-21 13:22:00,2011-12-08 09:47:00,176.11,230,0.013043478260869565,"£501–£1,000",Repeat,2,5,4,3,12,528.33
17633.0,1324.84,4,644,2011-08-11 15:43:00,2011-11-08 13:25:00,331.21,88,0.045454545454545456,"£1,001–£2,500",Repeat,31,4,4,4,12,1324.84
17634.0,2358.59,9,838,2011-01-06 12:45:00,2011-11-03 13:09:00,262.0655555555556,301,0.029900332225913623,"£1,001–£2,500",Repeat,36,3,5,5,13,2358.5900000000006
17636.0,285.56,1,182,2011-11-20 14:40:00,2011-11-20 14:40:00,285.56,1,1.0,£0–£500,One-Time,19,4,2,2,8,285.56
17637.0,547.0600000000001,2,280,2011-08-16 13:25:00,2011-11-08 12:51:00,273.53000000000003,83,0.024096385542168676,"£501–£1,000",Repeat,31,4,3,3,10,547.0600000000001
17639.0,108.5,1,49,2011-03-08 15:22:00,2011-03-08 15:22:00,108.5,1,1.0,£0–£500,One-Time,276,1,2,1,4,108.5
17640.0,621.66,1,250,2011-09-14 09:13:00,2011-09-14 09:13:00,621.66,1,1.0,"£501–£1,000",One-Time,87,2,2,3,7,621.66
17642.0,712.29,2,474,2011-06-16 12:55:00,2011-08-12 09:11:00,356.145,56,0.03571428571428571,"£501–£1,000",Repeat,120,2,3,3,8,712.29
17643.0,101.55,1,71,2010-12-01 14:38:00,2010-12-01 14:38:00,101.55,1,1.0,£0–£500,One-Time,373,1,2,1,4,101.55
17644.0,2895.64,11,1793,2011-03-24 09:44:00,2011-12-08 13:43:00,263.24,259,0.04247104247104247,"£2,501–£5,000",Repeat,1,5,5,5,15,2895.64
17646.0,1008.39,3,323,2010-12-09 14:28:00,2011-05-04 13:17:00,336.13,145,0.020689655172413793,"£1,001–£2,500",Repeat,219,1,4,4,9,1008.39
17647.0,133.06,1,30,2011-10-05 15:38:00,2011-10-05 15:38:00,133.06,1,1.0,£0–£500,One-Time,65,3,2,1,6,133.06
17648.0,1797.5,4,487,2011-04-04 10:29:00,2011-10-10 09:41:00,449.375,188,0.02127659574468085,"£1,001–£2,500",Repeat,61,3,4,4,11,1797.4999999999998
17649.0,868.49,1,399,2011-07-24 15:53:00,2011-07-24 15:53:00,868.49,1,1.0,"£501–£1,000",One-Time,138,2,2,3,7,868.49
17650.0,166.08,1,150,2011-11-18 14:52:00,2011-11-18 14:52:00,166.08,1,1.0,£0–£500,One-Time,21,4,2,1,7,166.08
17651.0,3945.0,10,3112,2011-06-15 15:57:00,2011-11-28 10:29:00,394.5,165,0.06060606060606061,"£2,501–£5,000",Repeat,12,5,5,5,15,3945.0
17652.0,4867.72,12,2509,2011-03-03 14:05:00,2011-11-14 12:55:00,405.6433333333334,255,0.047058823529411764,"£2,501–£5,000",Repeat,25,4,5,5,14,4867.72
17653.0,1207.56,4,1409,2011-08-11 15:24:00,2011-11-03 12:46:00,301.89,83,0.04819277108433735,"£1,001–£2,500",Repeat,37,3,4,4,11,1207.56
17654.0,117.55,1,41,2011-03-07 13:17:00,2011-03-07 13:17:00,117.55,1,1.0,£0–£500,One-Time,277,1,2,1,4,117.55
17655.0,2638.94,7,1116,2010-12-08 16:45:00,2011-11-29 11:34:00,376.99142857142857,355,0.01971830985915493,"£2,501–£5,000",Repeat,11,5,5,5,15,2638.9400000000005
17656.0,1674.69,5,1399,2011-08-03 10:45:00,2011-09-27 13:04:00,334.938,55,0.09090909090909091,"£1,001–£2,500",Repeat,73,2,4,4,10,1674.69
17658.0,595.42,2,616,2011-05-12 15:23:00,2011-11-14 12:07:00,297.71,185,0.010810810810810811,"£501–£1,000",Repeat,26,4,3,3,10,595.4200000000001
17659.0,2999.46,12,1525,2010-12-02 16:46:00,2011-11-22 13:29:00,249.955,354,0.03389830508474576,"£2,501–£5,000",Repeat,17,4,5,5,14,2999.4600000000005
17660.0,178.75,1,121,2011-07-21 13:37:00,2011-07-21 13:37:00,178.75,1,1.0,£0–£500,One-Time,141,2,2,1,5,178.75
17663.0,1802.91,7,797,2011-02-25 14:11:00,2011-11-14 08:56:00,257.55857142857144,261,0.02681992337164751,"£1,001–£2,500",Repeat,26,4,5,4,13,1802.91
17664.0,604.64,2,604,2011-05-11 14:17:00,2011-11-21 11:29:00,302.32,193,0.010362694300518135,"£501–£1,000",Repeat,19,4,3,3,10,604.64
17666.0,728.16,2,596,2011-10-05 11:06:00,2011-12-06 09:06:00,364.08,61,0.03278688524590164,"£501–£1,000",Repeat,4,5,3,3,11,728.16
17667.0,2055.51,5,1033,2011-02-14 09:24:00,2011-10-04 14:32:00,411.10200000000003,232,0.021551724137931036,"£1,001–£2,500",Repeat,66,3,4,5,12,2055.51
17668.0,347.75,2,93,2011-11-01 14:45:00,2011-12-08 13:25:00,173.875,36,0.05555555555555555,£0–£500,Repeat,1,5,3,2,10,347.75
17669.0,3406.7200000000003,7,1916,2011-04-04 10:11:00,2011-10-28 08:53:00,486.67428571428576,206,0.03398058252427184,"£2,501–£5,000",Repeat,43,3,5,5,13,3406.72
17670.0,205.7,1,110,2011-04-26 09:12:00,2011-04-26 09:12:00,205.7,1,1.0,£0–£500,One-Time,228,1,2,1,4,205.7
17671.0,1572.71,4,772,2010-12-09 14:27:00,2011-11-24 12:21:00,393.1775,349,0.011461318051575931,"£1,001–£2,500",Repeat,16,4,4,4,12,1572.71
17672.0,3178.17,2,1690,2011-02-03 13:29:00,2011-10-20 14:18:00,1589.085,259,0.007722007722007722,"£2,501–£5,000",Repeat,50,3,3,5,11,3178.17
17673.0,1594.97,6,1462,2011-01-23 15:16:00,2011-12-08 12:50:00,265.8283333333333,318,0.018867924528301886,"£1,001–£2,500",Repeat,2,5,5,4,14,1594.9699999999998
17674.0,551.04,2,672,2010-12-06 10:20:00,2011-09-26 13:35:00,275.52,294,0.006802721088435374,"£501–£1,000",Repeat,74,2,3,3,8,551.04
17675.0,20374.28,31,8360,2010-12-07 13:22:00,2011-12-08 18:03:00,657.2348387096774,366,0.08469945355191257,"Above £10,000",Repeat,1,5,5,5,15,20374.280000000002
17676.0,1371.18,6,922,2010-12-08 13:49:00,2011-12-05 15:16:00,228.53,362,0.016574585635359115,"£1,001–£2,500",Repeat,4,5,5,4,14,1371.18
17677.0,16345.38,30,9772,2010-12-06 08:42:00,2011-12-08 09:56:00,544.846,367,0.08174386920980926,"Above £10,000",Repeat,2,5,5,5,15,16345.38
17678.0,298.11,1,207,2011-03-21 11:52:00,2011-03-21 11:52:00,298.11,1,1.0,£0–£500,One-Time,264,1,2,2,5,298.11
17679.0,1992.1100000000001,2,729,2011-09-15 10:35:00,2011-10-18 07:43:00,996.0550000000001,32,0.0625,"£1,001–£2,500",Repeat,53,3,3,4,10,1992.1100000000001
17680.0,184.4,1,96,2011-11-16 12:42:00,2011-11-16 12:42:00,184.4,1,1.0,£0–£500,One-Time,24,4,2,1,7,184.4
17682.0,2474.33,6,1367,2010-12-06 13:35:00,2011-11-29 15:59:00,412.3883333333333,358,0.01675977653631285,"£1,001–£2,500",Repeat,10,5,5,5,15,2474.33
17684.0,239.41,1,145,2011-10-27 11:10:00,2011-10-27 11:10:00,239.41,1,1.0,£0–£500,One-Time,44,3,2,1,6,239.41
17685.0,3155.83,7,1907,2010-12-02 14:42:00,2011-11-23 11:36:00,450.8328571428571,355,0.01971830985915493,"£2,501–£5,000",Repeat,17,4,5,5,14,3155.83
17686.0,5739.46,7,2478,2011-02-10 10:18:00,2011-12-02 15:39:00,819.9228571428572,295,0.023728813559322035,"£5,001–£10,000",Repeat,7,5,5,5,15,5739.46
17690.0,4726.8,15,1769,2010-12-01 16:15:00,2011-11-09 15:17:00,315.12,342,0.043859649122807015,"£2,501–£5,000",Repeat,30,4,5,5,14,4726.8
17691.0,290.40000000000003,2,134,2010-12-06 11:10:00,2010-12-16 17:20:00,145.20000000000002,10,0.2,£0–£500,Repeat,358,1,3,2,6,290.4000000000001
17692.0,740.9399999999999,4,672,2010-12-15 13:37:00,2011-08-04 14:01:00,185.23499999999999,232,0.017241379310344827,"£501–£1,000",Repeat,127,2,4,3,9,740.9399999999999
17693.0,200.47,1,231,2011-07-25 15:48:00,2011-07-25 15:48:00,200.47,1,1.0,£0–£500,One-Time,137,2,2,1,5,200.47
17694.0,283.12,1,184,2011-07-21 12:00:00,2011-07-21 12:00:00,283.12,1,1.0,£0–£500,One-Time,142,2,2,2,6,283.12
17695.0,765.34,2,779,2011-06-21 12:35:00,2011-07-31 10:40:00,382.67,39,0.05128205128205128,"£501–£1,000",Repeat,132,2,3,3,8,765.34
17696.0,2285.71,8,1756,2010-12-10 09:51:00,2011-11-01 13:43:00,285.71375,326,0.024539877300613498,"£1,001–£2,500",Repeat,38,3,5,5,13,2285.71
17697.0,338.95,1,93,2011-04-17 15:40:00,2011-04-17 15:40:00,338.95,1,1.0,£0–£500,One-Time,236,1,2,2,5,338.95
17698.0,154.95,1,93,2011-03-24 11:34:00,2011-03-24 11:34:00,154.95,1,1.0,£0–£500,One-Time,261,1,2,1,4,154.95
17700.0,2534.64,4,1266,2011-03-03 16:34:00,2011-11-23 11:51:00,633.66,264,0.015151515151515152,"£2,501–£5,000",Repeat,17,4,4,5,13,2534.6400000000003
17701.0,417.95,1,109,2011-04-01 12:25:00,2011-04-01 12:25:00,417.95,1,1.0,£0–£500,One-Time,253,1,2,2,5,417.95
17702.0,1824.37,4,1353,2011-05-17 16:23:00,2011-11-09 16:03:00,456.0925,175,0.022857142857142857,"£1,001–£2,500",Repeat,30,4,4,4,12,1824.37
17703.0,798.74,3,590,2011-07-24 13:30:00,2011-11-04 15:51:00,266.24666666666667,103,0.02912621359223301,"£501–£1,000",Repeat,35,3,4,3,10,798.74
17704.0,885.19,2,343,2011-04-14 09:28:00,2011-06-24 09:40:00,442.595,71,0.028169014084507043,"£501–£1,000",Repeat,169,2,3,3,8,885.19
17705.0,1823.52,9,963,2011-02-11 10:57:00,2011-12-06 13:45:00,202.61333333333334,298,0.030201342281879196,"£1,001–£2,500",Repeat,3,5,5,4,14,1823.5200000000002
17706.0,10504.49,17,3899,2010-12-08 11:02:00,2011-12-05 13:34:00,617.9111764705882,362,0.04696132596685083,"Above £10,000",Repeat,4,5,5,5,15,10504.49
17707.0,152.4,2,144,2011-01-07 13:30:00,2011-06-07 15:03:00,76.2,151,0.013245033112582781,£0–£500,Repeat,185,1,3,1,5,152.40000000000003
17708.0,263.33,2,90,2011-01-19 10:09:00,2011-06-05 10:12:00,131.665,137,0.014598540145985401,£0–£500,Repeat,188,1,3,2,6,263.33
17709.0,137.45,1,17,2011-06-23 11:55:00,2011-06-23 11:55:00,137.45,1,1.0,£0–£500,One-Time,170,2,2,1,5,137.45
17711.0,385.1,2,246,2011-02-23 11:32:00,2011-11-29 11:40:00,192.55,279,0.007168458781362007,£0–£500,Repeat,11,5,3,2,10,385.1
17712.0,522.91,1,215,2011-10-26 12:28:00,2011-10-26 12:28:00,522.91,1,1.0,"£501–£1,000",One-Time,45,3,2,3,8,522.91
17714.0,153.0,1,92,2011-01-23 10:32:00,2011-01-23 10:32:00,153.0,1,1.0,£0–£500,One-Time,321,1,2,1,4,153.0
17715.0,326.4,1,384,2011-05-23 12:32:00,2011-05-23 12:32:00,326.4,1,1.0,£0–£500,One-Time,201,1,2,2,5,326.4
17716.0,5655.99,11,3072,2011-03-17 10:38:00,2011-11-17 12:00:00,514.180909090909,245,0.044897959183673466,"£5,001–£10,000",Repeat,23,4,5,5,14,5655.989999999999
17718.0,139.35,1,83,2011-04-21 13:39:00,2011-04-21 13:39:00,139.35,1,1.0,£0–£500,One-Time,232,1,2,1,4,139.35
17719.0,5396.04,15,2466,2011-03-29 11:29:00,2011-11-02 10:36:00,359.736,217,0.06912442396313365,"£5,001–£10,000",Repeat,38,3,5,5,13,5396.04
17720.0,1195.94,4,576,2010-12-07 10:43:00,2011-11-13 15:04:00,298.985,341,0.011730205278592375,"£1,001–£2,500",Repeat,26,4,4,4,12,1195.94
17722.0,2424.04,4,1595,2010-12-08 12:41:00,2011-09-04 15:22:00,606.01,270,0.014814814814814815,"£1,001–£2,500",Repeat,96,2,4,5,11,2424.0400000000004
17723.0,3276.4000000000005,6,792,2011-05-09 14:44:00,2011-08-04 18:37:00,546.0666666666667,87,0.06896551724137931,"£2,501–£5,000",Repeat,127,2,5,5,12,3276.4
17724.0,1033.0,3,300,2011-07-24 13:26:00,2011-09-29 15:26:00,344.3333333333333,67,0.04477611940298507,"£1,001–£2,500",Repeat,71,3,4,4,11,1033.0
17725.0,3439.08,11,2162,2011-03-17 19:47:00,2011-11-23 16:34:00,312.64363636363635,250,0.044,"£2,501–£5,000",Repeat,16,4,5,5,14,3439.0799999999995
17727.0,1060.25,1,645,2011-11-24 17:06:00,2011-11-24 17:06:00,1060.25,1,1.0,"£1,001–£2,500",One-Time,15,4,2,4,10,1060.25
17728.0,2876.01,3,1469,2011-09-14 11:39:00,2011-12-06 08:52:00,958.6700000000001,82,0.036585365853658534,"£2,501–£5,000",Repeat,4,5,4,5,14,2876.0099999999998
17730.0,5298.4800000000005,13,3576,2011-01-17 14:49:00,2011-12-06 15:43:00,407.5753846153847,323,0.04024767801857585,"£5,001–£10,000",Repeat,3,5,5,5,15,5298.4800000000005
17731.0,1240.11,4,493,2011-06-09 14:18:00,2011-09-21 15:02:00,310.0275,104,0.038461538461538464,"£1,001–£2,500",Repeat,79,2,4,4,10,1240.11
17732.0,303.97,1,93,2010-12-02 09:29:00,2010-12-02 09:29:00,303.97,1,1.0,£0–£500,One-Time,373,1,2,2,5,303.97
17733.0,692.19,2,463,2011-03-23 09:54:00,2011-11-01 08:16:00,346.095,222,0.009009009009009009,"£501–£1,000",Repeat,39,3,3,3,9,692.19
17734.0,700.63,3,422,2011-04-20 10:04:00,2011-10-17 12:33:00,233.54333333333332,180,0.016666666666666666,"£501–£1,000",Repeat,54,3,4,3,10,700.63
17735.0,13110.02,19,8439,2010-12-07 10:32:00,2011-12-07 16:47:00,690.001052631579,365,0.052054794520547946,"Above £10,000",Repeat,2,5,5,5,15,13110.020000000002
17736.0,377.44,3,238,2011-08-18 14:33:00,2011-11-30 15:36:00,125.81333333333333,104,0.028846153846153848,£0–£500,Repeat,9,5,4,2,11,377.44000000000005
17737.0,168.24,2,108,2011-10-12 14:42:00,2011-11-30 15:16:00,84.12,49,0.04081632653061224,£0–£500,Repeat,9,5,3,1,9,168.23999999999998
17738.0,1879.05,4,1029,2011-03-02 16:26:00,2011-11-20 15:05:00,469.7625,262,0.015267175572519083,"£1,001–£2,500",Repeat,19,4,4,4,12,1879.05
17739.0,2791.35,7,861,2010-12-14 14:26:00,2011-11-28 09:12:00,398.7642857142857,348,0.020114942528735632,"£2,501–£5,000",Repeat,12,5,5,5,15,2791.35
17742.0,355.11,2,89,2011-01-11 10:04:00,2011-08-18 15:28:00,177.555,219,0.0091324200913242,£0–£500,Repeat,113,2,3,2,7,355.10999999999996
17744.0,2322.4,6,3412,2010-12-16 14:17:00,2011-12-06 12:11:00,387.06666666666666,354,0.01694915254237288,"£1,001–£2,500",Repeat,4,5,5,5,15,2322.4
17746.0,110.25,1,29,2011-04-13 14:31:00,2011-04-13 14:31:00,110.25,1,1.0,£0–£500,One-Time,240,1,2,1,4,110.25
17747.0,71.4,1,12,2011-08-19 08:13:00,2011-08-19 08:13:00,71.4,1,1.0,£0–£500,One-Time,113,2,2,1,5,71.4
17749.0,674.52,2,320,2011-03-28 13:39:00,2011-06-14 15:45:00,337.26,78,0.02564102564102564,"£501–£1,000",Repeat,178,2,3,3,8,674.5199999999999
17750.0,1710.45,9,3747,2011-06-28 15:44:00,2011-12-04 14:09:00,190.05,158,0.056962025316455694,"£1,001–£2,500",Repeat,5,5,5,4,14,1710.45
17752.0,80.64,1,192,2010-12-15 16:19:00,2010-12-15 16:19:00,80.64,1,1.0,£0–£500,One-Time,359,1,2,1,4,80.64
17754.0,1664.65,5,1816,2011-03-24 13:54:00,2011-12-09 11:20:00,332.93,259,0.019305019305019305,"£1,001–£2,500",Repeat,1,5,4,4,13,1664.65
17757.0,5593.39,30,3318,2010-12-02 17:17:00,2011-12-08 15:31:00,186.44633333333334,370,0.08108108108108109,"£5,001–£10,000",Repeat,1,5,5,5,15,5593.39
17758.0,3408.2000000000003,8,2054,2011-04-03 15:22:00,2011-11-20 14:45:00,426.02500000000003,230,0.034782608695652174,"£2,501–£5,000",Repeat,19,4,5,5,14,3408.2000000000003
17759.0,819.96,3,697,2011-06-23 13:35:00,2011-11-22 16:02:00,273.32,152,0.019736842105263157,"£501–£1,000",Repeat,17,4,4,3,11,819.9599999999999
17760.0,287.59,2,239,2010-12-01 15:08:00,2011-11-18 10:56:00,143.795,351,0.005698005698005698,£0–£500,Repeat,22,4,3,2,9,287.59
17761.0,712.78,1,398,2011-11-07 10:23:00,2011-11-07 10:23:00,712.78,1,1.0,"£501–£1,000",One-Time,33,4,2,3,9,712.78
17763.0,15.0,1,12,2011-03-21 14:25:00,2011-03-21 14:25:00,15.0,1,1.0,£0–£500,One-Time,263,1,2,1,4,15.0
17764.0,772.55,2,351,2011-05-12 16:11:00,2011-10-20 11:03:00,386.275,160,0.0125,"£501–£1,000",Repeat,51,3,3,3,9,772.55
17765.0,367.63,3,143,2011-03-28 11:58:00,2011-07-04 12:41:00,122.54333333333334,98,0.030612244897959183,£0–£500,Repeat,159,2,4,2,8,367.63
17767.0,271.2,1,128,2011-11-24 14:42:00,2011-11-24 14:42:00,271.2,1,1.0,£0–£500,One-Time,15,4,2,2,8,271.2
17768.0,2081.9,3,1122,2011-06-26 13:46:00,2011-12-01 13:22:00,693.9666666666667,157,0.01910828025477707,"£1,001–£2,500",Repeat,8,5,4,5,14,2081.9
17769.0,3957.43,10,1850,2011-01-23 11:15:00,2011-11-27 11:18:00,395.743,308,0.032467532467532464,"£2,501–£5,000",Repeat,13,5,5,5,15,3957.4299999999994
17770.0,1143.27,5,365,2011-03-02 13:35:00,2011-05-25 12:34:00,228.654,83,0.060240963855421686,"£1,001–£2,500",Repeat,199,1,4,4,9,1143.27
17771.0,245.81,2,287,2011-01-20 14:13:00,2011-10-14 11:43:00,122.905,266,0.007518796992481203,£0–£500,Repeat,57,3,3,1,7,245.80999999999997
17772.0,173.45,2,55,2011-11-29 10:57:00,2011-11-29 11:05:00,86.725,1,2.0,£0–£500,Repeat,11,5,3,1,9,173.45
17774.0,1213.73,4,508,2011-02-07 13:13:00,2011-09-04 12:49:00,303.4325,208,0.019230769230769232,"£1,001–£2,500",Repeat,97,2,4,4,10,1213.73
17775.0,56.4,1,72,2011-03-30 10:50:00,2011-03-30 10:50:00,56.4,1,1.0,£0–£500,One-Time,255,1,2,1,4,56.4
17777.0,647.56,3,501,2011-08-31 14:35:00,2011-11-15 12:02:00,215.85333333333332,75,0.04,"£501–£1,000",Repeat,25,4,4,3,11,647.56
17779.0,650.32,3,396,2011-07-19 12:19:00,2011-11-18 14:15:00,216.77333333333334,122,0.02459016393442623,"£501–£1,000",Repeat,21,4,4,3,11,650.3199999999999
17781.0,188.02,2,34,2011-03-31 19:54:00,2011-07-03 16:00:00,94.01,93,0.021505376344086023,£0–£500,Repeat,159,2,3,1,6,188.02
17783.0,283.47,2,354,2011-04-06 10:07:00,2011-09-28 16:07:00,141.735,175,0.011428571428571429,£0–£500,Repeat,72,3,3,2,8,283.47
17785.0,131.94,1,67,2011-10-17 13:43:00,2011-10-17 13:43:00,131.94,1,1.0,£0–£500,One-Time,53,3,2,1,6,131.94
17786.0,266.85,2,195,2011-01-26 14:35:00,2011-09-15 12:51:00,133.425,231,0.008658008658008658,£0–£500,Repeat,85,2,3,2,7,266.85
17787.0,1817.54,4,896,2010-12-03 13:43:00,2011-07-10 11:24:00,454.385,218,0.01834862385321101,"£1,001–£2,500",Repeat,153,2,4,4,10,1817.54
17788.0,1117.9,2,211,2011-08-02 10:38:00,2011-09-27 10:09:00,558.95,55,0.03636363636363636,"£1,001–£2,500",Repeat,74,2,3,4,9,1117.9
17789.0,225.9,1,74,2011-03-03 13:14:00,2011-03-03 13:14:00,225.9,1,1.0,£0–£500,One-Time,281,1,2,1,4,225.9
17790.0,1964.3,14,835,2010-12-10 10:47:00,2011-11-13 11:30:00,140.30714285714285,338,0.04142011834319527,"£1,001–£2,500",Repeat,27,4,5,4,13,1964.3
17791.0,106.1,1,46,2011-11-10 12:09:00,2011-11-10 12:09:00,106.1,1,1.0,£0–£500,One-Time,30,4,2,1,7,106.1
17793.0,300.34,1,226,2011-11-14 14:24:00,2011-11-14 14:24:00,300.34,1,1.0,£0–£500,One-Time,25,4,2,2,8,300.34
17795.0,342.83,2,305,2011-03-20 12:02:00,2011-06-13 12:36:00,171.415,85,0.023529411764705882,£0–£500,Repeat,180,1,3,2,6,342.83
17796.0,690.0,4,176,2010-12-05 12:23:00,2011-10-30 15:38:00,172.5,329,0.0121580547112462,"£501–£1,000",Repeat,40,3,4,3,10,690.0
17797.0,780.43,3,498,2011-06-10 11:29:00,2011-11-17 13:21:00,260.1433333333333,160,0.01875,"£501–£1,000",Repeat,22,4,4,3,11,780.43
17799.0,3039.17,10,1753,2010-12-13 13:10:00,2011-11-17 15:16:00,303.91700000000003,339,0.029498525073746312,"£2,501–£5,000",Repeat,22,4,5,5,14,3039.17
17800.0,1187.21,9,732,2011-01-09 13:50:00,2011-11-02 12:57:00,131.91222222222223,296,0.030405405405405407,"£1,001–£2,500",Repeat,37,3,5,4,12,1187.21
17802.0,1285.04,3,752,2010-12-02 13:44:00,2011-09-18 14:56:00,428.34666666666664,290,0.010344827586206896,"£1,001–£2,500",Repeat,82,2,4,4,10,1285.04
17805.0,512.31,1,478,2011-09-27 11:49:00,2011-09-27 11:49:00,512.31,1,1.0,"£501–£1,000",One-Time,74,2,2,3,7,512.31
17806.0,546.04,1,727,2011-11-28 14:12:00,2011-11-28 14:12:00,546.04,1,1.0,"£501–£1,000",One-Time,11,5,2,3,10,546.04
17809.0,5411.91,12,2057,2010-12-01 09:41:00,2011-11-23 12:59:00,450.9925,357,0.03361344537815126,"£5,001–£10,000",Repeat,16,4,5,5,14,5411.91
17811.0,7761.82,39,4146,2011-01-10 10:58:00,2011-12-05 13:46:00,199.02102564102563,329,0.11854103343465046,"£5,001–£10,000",Repeat,4,5,5,5,15,7761.82
17812.0,699.81,4,329,2010-12-06 15:27:00,2011-11-27 11:47:00,174.9525,355,0.011267605633802818,"£501–£1,000",Repeat,13,5,4,3,12,699.81
17813.0,1698.07,5,752,2011-09-29 15:57:00,2011-11-25 16:13:00,339.614,57,0.08771929824561403,"£1,001–£2,500",Repeat,14,4,4,4,12,1698.0699999999997
17816.0,36.56,4,30,2010-12-09 14:10:00,2011-11-03 11:34:00,9.14,328,0.012195121951219513,£0–£500,Repeat,37,3,4,1,8,36.56
17817.0,387.68,3,67,2011-03-07 17:30:00,2011-12-05 14:39:00,129.22666666666666,272,0.011029411764705883,£0–£500,Repeat,4,5,4,2,11,387.68
17819.0,3704.87,7,1031,2010-12-03 14:26:00,2011-09-29 10:52:00,529.2671428571429,299,0.023411371237458192,"£2,501–£5,000",Repeat,72,3,5,5,13,3704.8699999999994
17824.0,298.4,1,408,2011-10-19 14:14:00,2011-10-19 14:14:00,298.4,1,1.0,£0–£500,One-Time,51,3,2,2,7,298.4
17827.0,1987.33,5,1240,2010-12-10 10:18:00,2011-12-04 15:00:00,397.466,359,0.013927576601671309,"£1,001–£2,500",Repeat,5,5,4,4,13,1987.33
17828.0,1820.09,4,667,2011-06-08 08:31:00,2011-11-17 08:41:00,455.0225,162,0.024691358024691357,"£1,001–£2,500",Repeat,23,4,4,4,12,1820.0899999999997
17829.0,889.24,1,496,2011-02-14 12:46:00,2011-02-14 12:46:00,889.24,1,1.0,"£501–£1,000",One-Time,299,1,2,3,6,889.24
17830.0,398.7,3,92,2011-02-24 10:15:00,2011-12-08 12:28:00,132.9,287,0.010452961672473868,£0–£500,Repeat,2,5,4,2,11,398.70000000000005
17831.0,35.400000000000006,1,12,2011-11-06 15:09:00,2011-11-06 15:09:00,35.400000000000006,1,1.0,£0–£500,One-Time,33,4,2,1,7,35.400000000000006
17832.0,155.37,1,208,2011-10-21 11:43:00,2011-10-21 11:43:00,155.37,1,1.0,£0–£500,One-Time,50,3,2,1,6,155.37
17835.0,342.24,3,344,2011-11-16 16:30:00,2011-12-07 11:48:00,114.08,20,0.15,£0–£500,Repeat,3,5,4,2,11,342.23999999999995
17836.0,110.21000000000001,1,88,2011-10-23 16:13:00,2011-10-23 16:13:00,110.21000000000001,1,1.0,£0–£500,One-Time,47,3,2,1,6,110.21000000000001
17837.0,1541.23,8,510,2011-06-29 16:44:00,2011-10-28 16:13:00,192.65375,120,0.06666666666666667,"£1,001–£2,500",Repeat,42,3,5,4,12,1541.23
17838.0,2720.8,5,1831,2010-12-02 15:55:00,2011-11-13 11:20:00,544.1600000000001,345,0.014492753623188406,"£2,501–£5,000",Repeat,27,4,4,5,13,2720.8000000000006
17839.0,318.15,1,257,2011-10-28 17:27:00,2011-10-28 17:27:00,318.15,1,1.0,£0–£500,One-Time,42,3,2,2,7,318.15
17841.0,40519.84,124,22834,2010-12-01 14:41:00,2011-12-08 12:07:00,326.77290322580643,371,0.33423180592991913,"Above £10,000",Repeat,2,5,5,5,15,40519.84
17843.0,205.48,1,113,2011-02-09 15:33:00,2011-02-09 15:33:00,205.48,1,1.0,£0–£500,One-Time,303,1,2,1,4,205.48
17844.0,51.559999999999995,1,52,2011-08-25 11:27:00,2011-08-25 11:27:00,51.559999999999995,1,1.0,£0–£500,One-Time,107,2,2,1,5,51.559999999999995
17846.0,2033.1,1,1,2011-09-15 15:20:00,2011-09-15 15:20:00,2033.1,1,1.0,"£1,001–£2,500",One-Time,85,2,2,4,8,2033.1
17848.0,901.1999999999999,9,398,2010-12-16 18:38:00,2011-09-19 16:49:00,100.13333333333333,276,0.03260869565217391,"£501–£1,000",Repeat,81,2,5,3,10,901.1999999999999
17849.0,605.8000000000001,4,114,2011-01-10 11:59:00,2011-05-05 13:46:00,151.45000000000002,115,0.034782608695652174,"£501–£1,000",Repeat,218,1,4,3,8,605.8000000000001
17850.0,5391.21,34,1733,2010-12-01 08:26:00,2010-12-02 15:27:00,158.565,1,34.0,"£5,001–£10,000",Repeat,372,1,5,5,11,5391.21
17852.0,114.34,2,53,2011-11-28 12:31:00,2011-11-28 12:36:00,57.17,1,2.0,£0–£500,Repeat,12,5,3,1,9,114.34
17854.0,311.26,2,84,2011-04-26 16:53:00,2011-06-07 16:21:00,155.63,41,0.04878048780487805,£0–£500,Repeat,185,1,3,2,6,311.26
17855.0,208.97,1,197,2010-12-02 09:44:00,2010-12-02 09:44:00,208.97,1,1.0,£0–£500,One-Time,373,1,2,1,4,208.97
17856.0,1418.03,4,842,2011-03-03 11:40:00,2011-12-08 09:40:00,354.5075,279,0.014336917562724014,"£1,001–£2,500",Repeat,2,5,4,4,13,1418.03
17857.0,26879.04,23,19256,2010-12-09 11:35:00,2011-12-05 13:13:00,1168.6539130434783,361,0.06371191135734072,"Above £10,000",Repeat,4,5,5,5,15,26879.040000000005
17858.0,5140.66,12,2694,2010-12-05 13:08:00,2011-12-04 11:56:00,428.3883333333333,363,0.03305785123966942,"£5,001–£10,000",Repeat,6,5,5,5,15,5140.66
17859.0,141.92000000000002,1,102,2011-02-08 10:32:00,2011-02-08 10:32:00,141.92000000000002,1,1.0,£0–£500,One-Time,305,1,2,1,4,141.92000000000002
17860.0,226.45000000000002,1,93,2010-12-06 12:41:00,2010-12-06 12:41:00,226.45000000000002,1,1.0,£0–£500,One-Time,369,1,2,1,4,226.45000000000002
17861.0,2097.88,8,1985,2011-01-24 11:34:00,2011-12-06 16:21:00,262.235,316,0.02531645569620253,"£1,001–£2,500",Repeat,3,5,5,5,15,2097.88
17862.0,330.9,1,100,2011-01-20 12:23:00,2011-01-20 12:23:00,330.9,1,1.0,£0–£500,One-Time,324,1,2,2,5,330.9
17863.0,3160.0,6,2638,2010-12-05 13:21:00,2011-10-11 13:45:00,526.6666666666666,310,0.01935483870967742,"£2,501–£5,000",Repeat,59,3,5,5,13,3160.0
17864.0,554.85,3,706,2011-03-09 11:44:00,2011-11-27 11:15:00,184.95000000000002,262,0.011450381679389313,"£501–£1,000",Repeat,13,5,4,3,12,554.8500000000001
17865.0,10526.32,20,5757,2010-12-10 14:53:00,2011-11-09 12:08:00,526.316,333,0.06006006006006006,"Above £10,000",Repeat,31,4,5,5,14,10526.320000000002
17866.0,329.65,1,174,2011-07-20 11:07:00,2011-07-20 11:07:00,329.65,1,1.0,£0–£500,One-Time,143,2,2,2,6,329.65
17867.0,1157.8700000000001,6,508,2011-02-24 12:25:00,2011-11-09 14:15:00,192.97833333333335,258,0.023255813953488372,"£1,001–£2,500",Repeat,30,4,5,4,13,1157.8700000000001
17869.0,428.18,5,111,2010-12-06 17:16:00,2011-08-24 16:16:00,85.636,260,0.019230769230769232,£0–£500,Repeat,107,2,4,2,8,428.18
17870.0,1865.89,12,1351,2010-12-08 08:12:00,2011-12-07 15:07:00,155.49083333333334,364,0.03296703296703297,"£1,001–£2,500",Repeat,2,5,5,4,14,1865.89
17871.0,155.9,1,182,2011-05-19 11:32:00,2011-05-19 11:32:00,155.9,1,1.0,£0–£500,One-Time,205,1,2,1,4,155.9
17873.0,1848.96,5,1035,2010-12-01 14:54:00,2011-09-20 16:41:00,369.79200000000003,293,0.017064846416382253,"£1,001–£2,500",Repeat,80,2,4,4,10,1848.9600000000003
17874.0,683.46,6,221,2011-03-29 11:25:00,2011-06-07 12:54:00,113.91000000000001,70,0.08571428571428572,"£501–£1,000",Repeat,185,1,5,3,9,683.46
17877.0,237.61,1,98,2011-06-22 13:00:00,2011-06-22 13:00:00,237.61,1,1.0,£0–£500,One-Time,170,2,2,1,5,237.61
17878.0,379.45,1,401,2011-10-27 11:24:00,2011-10-27 11:24:00,379.45,1,1.0,£0–£500,One-Time,44,3,2,2,7,379.45
17879.0,178.51999999999998,1,45,2011-06-19 12:36:00,2011-06-19 12:36:00,178.51999999999998,1,1.0,£0–£500,One-Time,174,2,2,1,5,178.51999999999998
17880.0,458.92,1,314,2010-12-10 10:21:00,2010-12-10 10:21:00,458.92,1,1.0,£0–£500,One-Time,365,1,2,2,5,458.92
17881.0,133.35000000000002,1,32,2011-02-08 17:16:00,2011-02-08 17:16:00,133.35000000000002,1,1.0,£0–£500,One-Time,304,1,2,1,4,133.35000000000002
17883.0,664.34,4,374,2011-04-07 19:16:00,2011-12-06 17:49:00,166.085,242,0.01652892561983471,"£501–£1,000",Repeat,3,5,4,3,12,664.34
17884.0,695.0699999999999,4,817,2010-12-03 12:11:00,2011-12-06 11:33:00,173.76749999999998,367,0.010899182561307902,"£501–£1,000",Repeat,4,5,4,3,12,695.0699999999999
17885.0,156.34,1,110,2011-11-27 14:40:00,2011-11-27 14:40:00,156.34,1,1.0,£0–£500,One-Time,12,5,2,1,8,156.34
17886.0,869.28,3,469,2011-04-04 12:34:00,2011-11-08 10:09:00,289.76,217,0.013824884792626729,"£501–£1,000",Repeat,32,4,4,3,11,869.2800000000001
17887.0,111.35,1,30,2011-08-02 17:29:00,2011-08-02 17:29:00,111.35,1,1.0,£0–£500,One-Time,129,2,2,1,5,111.35
17888.0,716.0,8,973,2010-12-17 13:56:00,2011-11-18 13:45:00,89.5,335,0.023880597014925373,"£501–£1,000",Repeat,21,4,5,3,12,716.0
17889.0,201.37,2,77,2011-01-21 17:14:00,2011-05-11 16:26:00,100.685,109,0.01834862385321101,£0–£500,Repeat,212,1,3,1,5,201.37000000000003
17890.0,586.89,2,402,2010-12-13 15:12:00,2011-01-21 11:19:00,293.445,38,0.05263157894736842,"£501–£1,000",Repeat,323,1,3,3,7,586.89
17891.0,203.85999999999999,1,393,2011-06-30 20:08:00,2011-06-30 20:08:00,203.85999999999999,1,1.0,£0–£500,One-Time,162,2,2,1,5,203.85999999999999
17892.0,244.1,3,109,2011-07-07 12:56:00,2011-10-14 16:49:00,81.36666666666666,99,0.030303030303030304,£0–£500,Repeat,56,3,4,1,8,244.1
17893.0,107.21,1,149,2011-04-28 13:50:00,2011-04-28 13:50:00,107.21,1,1.0,£0–£500,One-Time,225,1,2,1,4,107.21
17894.0,1118.96,8,404,2010-12-08 14:50:00,2011-09-29 09:23:00,139.87,294,0.027210884353741496,"£1,001–£2,500",Repeat,72,3,5,4,12,1118.96
17895.0,95.45,1,127,2011-10-26 17:00:00,2011-10-26 17:00:00,95.45,1,1.0,£0–£500,One-Time,44,3,2,1,6,95.45
17896.0,256.32,1,288,2011-11-16 13:59:00,2011-11-16 13:59:00,256.32,1,1.0,£0–£500,One-Time,23,4,2,2,8,256.32
17897.0,541.8100000000001,3,222,2010-12-01 12:31:00,2011-06-20 11:23:00,180.60333333333335,200,0.015,"£501–£1,000",Repeat,173,2,4,3,9,541.8100000000001
17898.0,152.06,2,190,2011-05-16 17:13:00,2011-09-15 14:56:00,76.03,121,0.01652892561983471,£0–£500,Repeat,85,2,3,1,6,152.06
17899.0,154.55,1,170,2011-07-03 14:58:00,2011-07-03 14:58:00,154.55,1,1.0,£0–£500,One-Time,159,2,2,1,5,154.55
17900.0,112.19999999999999,2,73,2011-06-02 14:28:00,2011-06-02 14:38:00,56.099999999999994,1,2.0,£0–£500,Repeat,190,1,3,1,5,112.19999999999999
17901.0,110.38,1,24,2011-11-10 17:29:00,2011-11-10 17:29:00,110.38,1,1.0,£0–£500,One-Time,29,4,2,1,7,110.38
17904.0,181.07,1,59,2011-11-18 12:57:00,2011-11-18 12:57:00,181.07,1,1.0,£0–£500,One-Time,21,4,2,1,7,181.07
17905.0,798.99,4,406,2010-12-01 13:21:00,2011-09-29 17:33:00,199.7475,302,0.013245033112582781,"£501–£1,000",Repeat,71,3,4,3,10,798.9899999999999
17906.0,72.9,1,26,2011-04-06 17:25:00,2011-04-06 17:25:00,72.9,1,1.0,£0–£500,One-Time,247,1,2,1,4,72.9
17908.0,232.03,1,169,2010-12-01 11:45:00,2010-12-01 11:45:00,232.03,1,1.0,£0–£500,One-Time,374,1,2,1,4,232.03
17911.0,366.23,1,223,2011-11-30 14:52:00,2011-11-30 14:52:00,366.23,1,1.0,£0–£500,One-Time,9,5,2,2,9,366.23
17912.0,310.06,5,184,2010-12-10 11:11:00,2011-02-02 14:25:00,62.012,54,0.09259259259259259,£0–£500,Repeat,310,1,4,2,7,310.06
17913.0,408.65,2,288,2010-12-19 11:35:00,2011-10-12 10:45:00,204.325,296,0.006756756756756757,£0–£500,Repeat,59,3,3,2,8,408.65
17914.0,329.36,1,457,2011-12-06 11:58:00,2011-12-06 11:58:00,329.36,1,1.0,£0–£500,One-Time,4,5,2,2,9,329.36
17917.0,335.03,3,184,2010-12-12 12:08:00,2011-10-25 13:20:00,111.67666666666666,317,0.00946372239747634,£0–£500,Repeat,45,3,4,2,9,335.03000000000003
17919.0,1304.04,1,756,2011-09-12 13:41:00,2011-09-12 13:41:00,1304.04,1,1.0,"£1,001–£2,500",One-Time,88,2,2,4,8,1304.04
17920.0,4119.5,17,2473,2010-12-01 11:49:00,2011-12-05 14:29:00,242.3235294117647,369,0.04607046070460705,"£2,501–£5,000",Repeat,4,5,5,5,15,4119.5
17921.0,820.23,4,425,2011-03-18 13:19:00,2011-10-06 18:56:00,205.0575,202,0.019801980198019802,"£501–£1,000",Repeat,64,3,4,3,10,820.2299999999999
17923.0,207.50000000000003,1,50,2011-03-02 15:15:00,2011-03-02 15:15:00,207.50000000000003,1,1.0,£0–£500,One-Time,282,1,2,1,4,207.50000000000003
17924.0,2962.5,7,1160,2010-12-01 10:51:00,2011-11-28 09:11:00,423.2142857142857,361,0.019390581717451522,"£2,501–£5,000",Repeat,12,5,5,5,15,2962.5
17925.0,244.08,1,72,2010-12-02 10:10:00,2010-12-02 10:10:00,244.08,1,1.0,£0–£500,One-Time,373,1,2,1,4,244.08
17926.0,397.29,2,306,2011-05-20 09:24:00,2011-07-29 14:39:00,198.645,70,0.02857142857142857,£0–£500,Repeat,133,2,3,2,7,397.29
17928.0,212.54,2,140,2011-04-07 18:03:00,2011-10-25 13:52:00,106.27,200,0.01,£0–£500,Repeat,45,3,3,1,7,212.54
17929.0,843.0,4,108,2011-02-04 11:40:00,2011-11-28 16:01:00,210.75,297,0.013468013468013467,"£501–£1,000",Repeat,11,5,4,3,12,843.0
17930.0,1740.48,5,1594,2011-04-14 15:46:00,2011-11-04 10:23:00,348.096,203,0.024630541871921183,"£1,001–£2,500",Repeat,36,3,4,4,11,1740.48
17931.0,408.36,2,249,2011-03-29 12:31:00,2011-07-28 18:33:00,204.18,121,0.01652892561983471,£0–£500,Repeat,134,2,3,2,7,408.36
17932.0,1331.57,3,789,2011-05-12 13:58:00,2011-11-10 19:49:00,443.8566666666666,182,0.016483516483516484,"£1,001–£2,500",Repeat,29,4,4,4,12,1331.57
17934.0,704.25,2,478,2011-10-12 10:50:00,2011-10-19 11:16:00,352.125,7,0.2857142857142857,"£501–£1,000",Repeat,52,3,3,3,9,704.2499999999999
17935.0,145.79,2,82,2011-07-21 11:23:00,2011-07-24 13:18:00,72.895,3,0.6666666666666666,£0–£500,Repeat,138,2,3,1,6,145.79
17936.0,380.13,1,257,2011-12-04 13:32:00,2011-12-04 13:32:00,380.13,1,1.0,£0–£500,One-Time,5,5,2,2,9,380.13
17937.0,4301.22,7,1754,2010-12-12 14:43:00,2011-12-01 11:45:00,614.46,353,0.019830028328611898,"£2,501–£5,000",Repeat,9,5,5,5,15,4301.22
17939.0,99.14,1,40,2011-07-03 12:27:00,2011-07-03 12:27:00,99.14,1,1.0,£0–£500,One-Time,160,2,2,1,5,99.14
17940.0,4020.04,10,9323,2011-02-10 09:29:00,2011-10-21 13:27:00,402.004,253,0.039525691699604744,"£2,501–£5,000",Repeat,49,3,5,5,13,4020.04
17941.0,304.56,1,252,2011-08-01 08:30:00,2011-08-01 08:30:00,304.56,1,1.0,£0–£500,One-Time,131,2,2,2,6,304.56
17942.0,77.50000000000001,1,38,2011-12-02 10:45:00,2011-12-02 10:45:00,77.50000000000001,1,1.0,£0–£500,One-Time,8,5,2,1,8,77.50000000000001
17946.0,149.57999999999998,2,75,2011-03-25 14:34:00,2011-04-20 17:00:00,74.78999999999999,26,0.07692307692307693,£0–£500,Repeat,233,1,3,1,5,149.57999999999998
17947.0,176.68,1,168,2011-11-02 13:05:00,2011-11-02 13:05:00,176.68,1,1.0,£0–£500,One-Time,37,3,2,1,6,176.68
17948.0,358.56000000000006,1,144,2011-07-15 12:58:00,2011-07-15 12:58:00,358.56000000000006,1,1.0,£0–£500,One-Time,147,2,2,2,6,358.56000000000006
17949.0,58510.48,45,30546,2010-12-03 13:12:00,2011-12-08 18:46:00,1300.232888888889,370,0.12162162162162163,"Above £10,000",Repeat,1,5,5,5,15,58510.48000000001
17950.0,482.2,3,366,2010-12-09 15:16:00,2011-09-28 15:18:00,160.73333333333332,293,0.010238907849829351,£0–£500,Repeat,72,3,4,2,9,482.19999999999993
17951.0,1008.5400000000001,3,616,2010-12-01 12:40:00,2011-10-31 12:30:00,336.18,333,0.009009009009009009,"£1,001–£2,500",Repeat,40,3,4,4,11,1008.54
17954.0,2314.13,12,2221,2010-12-03 14:18:00,2011-12-04 14:15:00,192.84416666666667,365,0.03287671232876712,"£1,001–£2,500",Repeat,5,5,5,5,15,2314.1299999999997
17955.0,557.3,4,273,2011-05-04 12:29:00,2011-05-25 12:00:00,139.325,20,0.2,"£501–£1,000",Repeat,199,1,4,3,8,557.3
17956.0,12.75,1,1,2011-04-04 13:47:00,2011-04-04 13:47:00,12.75,1,1.0,£0–£500,One-Time,249,1,2,1,4,12.75
17957.0,111.68,1,287,2011-10-04 14:58:00,2011-10-04 14:58:00,111.68,1,1.0,£0–£500,One-Time,66,3,2,1,6,111.68
17958.0,508.4599999999999,1,84,2011-08-15 12:19:00,2011-08-15 12:19:00,508.4599999999999,1,1.0,"£501–£1,000",One-Time,117,2,2,3,7,508.4599999999999
17960.0,73.78,1,41,2011-06-21 14:15:00,2011-06-21 14:15:00,73.78,1,1.0,£0–£500,One-Time,171,2,2,1,5,73.78
17961.0,1296.44,39,560,2010-12-02 19:18:00,2011-11-18 16:55:00,33.242051282051285,350,0.11142857142857143,"£1,001–£2,500",Repeat,21,4,5,4,13,1296.44
17962.0,102.41,1,127,2011-07-20 14:16:00,2011-07-20 14:16:00,102.41,1,1.0,£0–£500,One-Time,142,2,2,1,5,102.41
17964.0,463.21,2,294,2010-12-02 13:32:00,2011-11-08 10:44:00,231.605,340,0.0058823529411764705,£0–£500,Repeat,32,4,3,2,9,463.21
17965.0,2599.19,14,1532,2010-12-05 15:54:00,2011-11-02 09:31:00,185.65642857142856,331,0.04229607250755287,"£2,501–£5,000",Repeat,38,3,5,5,13,2599.19
17966.0,1098.43,5,2571,2011-03-23 17:25:00,2011-11-02 10:26:00,219.686,223,0.02242152466367713,"£1,001–£2,500",Repeat,38,3,4,4,11,1098.4299999999998
17967.0,112.27,1,73,2010-12-03 11:19:00,2010-12-03 11:19:00,112.27,1,1.0,£0–£500,One-Time,372,1,2,1,4,112.27
17968.0,265.1,1,151,2010-12-01 12:23:00,2010-12-01 12:23:00,265.1,1,1.0,£0–£500,One-Time,374,1,2,2,5,265.1
17969.0,228.2,2,152,2010-12-13 15:34:00,2011-06-26 13:00:00,114.1,194,0.010309278350515464,£0–£500,Repeat,166,2,3,1,6,228.19999999999996
17970.0,562.79,1,513,2011-05-12 20:03:00,2011-05-12 20:03:00,562.79,1,1.0,"£501–£1,000",One-Time,211,1,2,3,6,562.79
17972.0,135.19,1,36,2011-04-12 12:16:00,2011-04-12 12:16:00,135.19,1,1.0,£0–£500,One-Time,242,1,2,1,4,135.19
17973.0,337.04,1,176,2011-10-19 10:34:00,2011-10-19 10:34:00,337.04,1,1.0,£0–£500,One-Time,52,3,2,2,7,337.04
17974.0,703.99,3,500,2011-05-04 11:50:00,2011-11-15 11:37:00,234.66333333333333,194,0.015463917525773196,"£501–£1,000",Repeat,25,4,4,3,11,703.99
17975.0,4483.26,13,1565,2010-12-08 11:38:00,2011-11-24 13:27:00,344.86615384615385,351,0.037037037037037035,"£2,501–£5,000",Repeat,15,4,5,5,14,4483.26
17976.0,321.79,1,93,2010-12-02 13:49:00,2010-12-02 13:49:00,321.79,1,1.0,£0–£500,One-Time,372,1,2,2,5,321.79
17977.0,288.14,1,342,2011-11-10 13:28:00,2011-11-10 13:28:00,288.14,1,1.0,£0–£500,One-Time,29,4,2,2,8,288.14
17978.0,300.91999999999996,1,499,2010-12-09 14:05:00,2010-12-09 14:05:00,300.91999999999996,1,1.0,£0–£500,One-Time,365,1,2,2,5,300.91999999999996
17979.0,732.41,4,383,2011-03-25 11:34:00,2011-11-04 12:05:00,183.1025,224,0.017857142857142856,"£501–£1,000",Repeat,36,3,4,3,10,732.41
17980.0,811.45,3,682,2010-12-15 15:50:00,2011-06-27 12:01:00,270.48333333333335,193,0.015544041450777202,"£501–£1,000",Repeat,166,2,4,3,9,811.4500000000002
17984.0,152.68,1,98,2011-07-17 15:59:00,2011-07-17 15:59:00,152.68,1,1.0,£0–£500,One-Time,145,2,2,1,5,152.68
17985.0,631.35,1,171,2011-11-17 14:24:00,2011-11-17 14:24:00,631.35,1,1.0,"£501–£1,000",One-Time,22,4,2,3,9,631.35
17986.0,20.8,1,10,2011-10-14 14:22:00,2011-10-14 14:22:00,20.8,1,1.0,£0–£500,One-Time,56,3,2,1,6,20.8
17987.0,198.57,1,261,2011-06-07 14:22:00,2011-06-07 14:22:00,198.57,1,1.0,£0–£500,One-Time,185,1,2,1,4,198.57
17988.0,201.12,7,43,2011-01-17 11:59:00,2011-11-28 11:00:00,28.731428571428573,314,0.022292993630573247,£0–£500,Repeat,12,5,5,1,11,201.11999999999998
17990.0,630.84,3,414,2010-12-13 12:10:00,2011-04-17 11:44:00,210.28,124,0.024193548387096774,"£501–£1,000",Repeat,237,1,4,3,8,630.8399999999999
17991.0,93.35,2,25,2011-04-27 16:39:00,2011-04-28 15:58:00,46.675,1,2.0,£0–£500,Repeat,225,1,3,1,5,93.35
17994.0,674.89,4,495,2011-02-22 11:02:00,2011-08-10 11:41:00,168.7225,169,0.023668639053254437,"£501–£1,000",Repeat,122,2,4,3,9,674.89
17995.0,76.1,1,133,2011-03-03 12:30:00,2011-03-03 12:30:00,76.1,1,1.0,£0–£500,One-Time,282,1,2,1,4,76.1
17997.0,1962.46,8,2273,2011-06-28 17:28:00,2011-09-26 16:13:00,245.3075,89,0.0898876404494382,"£1,001–£2,500",Repeat,74,2,5,4,11,1962.4599999999998
17999.0,380.39,2,219,2010-12-08 15:17:00,2011-11-02 15:56:00,190.195,329,0.0060790273556231,£0–£500,Repeat,37,3,3,2,8,380.39
18001.0,415.13,2,362,2011-09-14 11:21:00,2011-11-27 16:02:00,207.565,74,0.02702702702702703,£0–£500,Repeat,12,5,3,2,10,415.13
18004.0,157.92,1,75,2010-12-12 13:47:00,2010-12-12 13:47:00,157.92,1,1.0,£0–£500,One-Time,362,1,2,1,4,157.92
18005.0,226.47,2,86,2011-10-23 14:40:00,2011-12-06 11:51:00,113.235,43,0.046511627906976744,£0–£500,Repeat,4,5,3,1,9,226.47
18006.0,444.68,1,220,2011-11-16 16:52:00,2011-11-16 16:52:00,444.68,1,1.0,£0–£500,One-Time,23,4,2,2,8,444.68
18008.0,2116.19,9,1581,2011-01-25 12:26:00,2011-09-30 15:17:00,235.13222222222223,248,0.036290322580645164,"£1,001–£2,500",Repeat,70,3,5,5,13,2116.19
18009.0,247.39,1,125,2011-04-18 13:36:00,2011-04-18 13:36:00,247.39,1,1.0,£0–£500,One-Time,235,1,2,1,4,247.39
18010.0,174.8,1,60,2011-03-28 12:27:00,2011-03-28 12:27:00,174.8,1,1.0,£0–£500,One-Time,257,1,2,1,4,174.8
18011.0,102.78999999999999,1,71,2010-12-01 17:35:00,2010-12-01 17:35:00,102.78999999999999,1,1.0,£0–£500,One-Time,373,1,2,1,4,102.78999999999999
18013.0,187.29,2,285,2011-07-07 14:08:00,2011-07-07 14:11:00,93.645,1,2.0,£0–£500,Repeat,155,2,3,1,6,187.29
18014.0,162.22,1,66,2011-11-11 15:28:00,2011-11-11 15:28:00,162.22,1,1.0,£0–£500,One-Time,28,4,2,1,7,162.22
18015.0,120.03,1,157,2011-12-05 14:49:00,2011-12-05 14:49:00,120.03,1,1.0,£0–£500,One-Time,4,5,2,1,8,120.03
18016.0,1477.66,5,1027,2010-12-10 17:14:00,2011-11-07 13:25:00,295.53200000000004,331,0.015105740181268883,"£1,001–£2,500",Repeat,32,4,4,4,12,1477.6600000000003
18017.0,523.0,3,300,2011-02-02 13:57:00,2011-09-19 16:15:00,174.33333333333334,229,0.013100436681222707,"£501–£1,000",Repeat,81,2,4,3,9,523.0
18018.0,122.14,2,55,2011-05-24 13:22:00,2011-08-23 17:37:00,61.07,91,0.02197802197802198,£0–£500,Repeat,108,2,3,1,6,122.14
18019.0,38.45,1,7,2011-10-19 12:10:00,2011-10-19 12:10:00,38.45,1,1.0,£0–£500,One-Time,52,3,2,1,6,38.45
18022.0,612.72,1,703,2011-11-04 12:45:00,2011-11-04 12:45:00,612.72,1,1.0,"£501–£1,000",One-Time,36,3,2,3,8,612.72
18024.0,389.78,2,184,2011-07-10 12:28:00,2011-07-10 12:40:00,194.89,1,2.0,£0–£500,Repeat,153,2,3,2,7,389.78
18027.0,115.31,1,78,2011-09-02 10:38:00,2011-09-02 10:38:00,115.31,1,1.0,£0–£500,One-Time,99,2,2,1,5,115.31
18030.0,230.64999999999998,2,67,2011-10-28 13:55:00,2011-12-05 16:37:00,115.32499999999999,38,0.05263157894736842,£0–£500,Repeat,4,5,3,1,9,230.64999999999998
18032.0,73.5,1,42,2011-01-09 15:32:00,2011-01-09 15:32:00,73.5,1,1.0,£0–£500,One-Time,334,1,2,1,4,73.5
18033.0,93.82000000000001,1,252,2011-10-05 17:28:00,2011-10-05 17:28:00,93.82000000000001,1,1.0,£0–£500,One-Time,65,3,2,1,6,93.82000000000001
18034.0,418.68,2,559,2011-11-18 12:08:00,2011-11-18 12:22:00,209.34,1,2.0,£0–£500,Repeat,22,4,3,2,9,418.68
18035.0,713.89,3,584,2011-10-27 17:48:00,2011-11-04 12:39:00,237.96333333333334,7,0.42857142857142855,"£501–£1,000",Repeat,36,3,4,3,10,713.8899999999999
18036.0,403.12,3,232,2011-04-08 11:26:00,2011-11-07 14:40:00,134.37333333333333,213,0.014084507042253521,£0–£500,Repeat,32,4,4,2,10,403.12
18037.0,70.02,6,20,2010-12-12 16:20:00,2011-07-08 13:39:00,11.67,207,0.028985507246376812,£0–£500,Repeat,154,2,5,1,8,70.02
18040.0,357.20000000000005,2,148,2011-04-08 08:27:00,2011-11-20 14:20:00,178.60000000000002,226,0.008849557522123894,£0–£500,Repeat,19,4,3,2,9,357.20000000000005
18041.0,4097.37,21,3758,2010-12-02 11:21:00,2011-11-28 11:39:00,195.11285714285714,361,0.05817174515235457,"£2,501–£5,000",Repeat,12,5,5,5,15,4097.37
18042.0,165.04999999999998,1,33,2011-10-17 11:49:00,2011-10-17 11:49:00,165.04999999999998,1,1.0,£0–£500,One-Time,54,3,2,1,6,165.04999999999998
18043.0,529.29,3,265,2010-12-08 12:35:00,2011-11-15 12:48:00,176.42999999999998,342,0.008771929824561403,"£501–£1,000",Repeat,25,4,4,3,11,529.29
18044.0,2088.6,10,1033,2010-12-14 12:25:00,2011-12-05 14:26:00,208.85999999999999,356,0.028089887640449437,"£1,001–£2,500",Repeat,4,5,5,5,15,2088.6
18045.0,178.34,1,138,2011-10-25 13:07:00,2011-10-25 13:07:00,178.34,1,1.0,£0–£500,One-Time,45,3,2,1,6,178.34
18048.0,172.29000000000002,2,127,2011-05-20 14:54:00,2011-05-20 14:58:00,86.14500000000001,1,2.0,£0–£500,Repeat,203,1,3,1,5,172.29000000000002
18050.0,74.4,1,40,2010-12-15 14:25:00,2010-12-15 14:25:00,74.4,1,1.0,£0–£500,One-Time,359,1,2,1,4,74.4
18053.0,300.02,1,302,2011-09-30 09:05:00,2011-09-30 09:05:00,300.02,1,1.0,£0–£500,One-Time,71,3,2,2,7,300.02
18055.0,6761.34,10,2452,2010-12-05 10:52:00,2011-12-02 14:25:00,676.134,362,0.027624309392265192,"£5,001–£10,000",Repeat,7,5,5,5,15,6761.339999999999
18056.0,363.65,1,211,2011-02-24 14:27:00,2011-02-24 14:27:00,363.65,1,1.0,£0–£500,One-Time,288,1,2,2,5,363.65
18058.0,170.16,1,88,2011-11-30 08:38:00,2011-11-30 08:38:00,170.16,1,1.0,£0–£500,One-Time,10,5,2,1,8,170.16
18059.0,306.46,3,258,2011-10-03 09:30:00,2011-11-16 16:49:00,102.15333333333332,44,0.06818181818181818,£0–£500,Repeat,23,4,4,2,10,306.46
18061.0,2119.41,10,955,2010-12-08 13:03:00,2011-11-18 11:20:00,211.94099999999997,344,0.029069767441860465,"£1,001–£2,500",Repeat,22,4,5,5,14,2119.41
18062.0,720.52,3,396,2011-01-06 10:03:00,2011-06-19 14:47:00,240.17333333333332,164,0.018292682926829267,"£501–£1,000",Repeat,173,2,4,3,9,720.5199999999999
18064.0,814.0,2,384,2011-04-18 15:08:00,2011-07-29 16:39:00,407.0,102,0.0196078431372549,"£501–£1,000",Repeat,133,2,3,3,8,814.0
18065.0,2392.83,14,1027,2010-12-10 12:44:00,2011-12-04 10:30:00,170.91642857142855,358,0.03910614525139665,"£1,001–£2,500",Repeat,6,5,5,5,15,2392.83
18066.0,318.0,1,108,2011-09-25 15:30:00,2011-09-25 15:30:00,318.0,1,1.0,£0–£500,One-Time,75,2,2,2,6,318.0
18067.0,396.33,1,189,2011-10-30 15:58:00,2011-10-30 15:58:00,396.33,1,1.0,£0–£500,One-Time,40,3,2,2,7,396.33
18068.0,101.69999999999999,1,6,2011-02-23 14:50:00,2011-02-23 14:50:00,101.69999999999999,1,1.0,£0–£500,One-Time,289,1,2,1,4,101.69999999999999
18069.0,2009.24,5,1296,2011-01-16 15:50:00,2011-11-13 16:03:00,401.848,301,0.016611295681063124,"£1,001–£2,500",Repeat,26,4,4,4,12,2009.2400000000002
18071.0,453.0,2,260,2010-12-09 10:33:00,2011-03-27 11:59:00,226.5,108,0.018518518518518517,£0–£500,Repeat,258,1,3,2,6,453.0
18072.0,247.44,1,288,2011-06-07 10:44:00,2011-06-07 10:44:00,247.44,1,1.0,£0–£500,One-Time,186,1,2,1,4,247.44
18073.0,3859.82,12,3102,2011-05-26 19:38:00,2011-08-17 14:02:00,321.6516666666667,82,0.14634146341463414,"£2,501–£5,000",Repeat,114,2,5,5,12,3859.82
18074.0,489.6,1,190,2010-12-01 09:53:00,2010-12-01 09:53:00,489.6,1,1.0,£0–£500,One-Time,374,1,2,3,6,489.6
18075.0,2611.75,10,1464,2010-12-14 10:48:00,2011-11-16 15:21:00,261.175,337,0.02967359050445104,"£2,501–£5,000",Repeat,23,4,5,5,14,2611.7500000000005
18077.0,2584.41,11,1839,2010-12-08 10:21:00,2011-12-01 13:32:00,234.94636363636363,358,0.030726256983240222,"£2,501–£5,000",Repeat,8,5,5,5,15,2584.41
18078.0,336.13,2,145,2011-03-25 15:08:00,2011-05-06 14:32:00,168.065,41,0.04878048780487805,£0–£500,Repeat,217,1,3,2,6,336.13000000000005
18079.0,3613.15,4,7347,2011-04-15 12:14:00,2011-10-25 15:27:00,903.2875,193,0.02072538860103627,"£2,501–£5,000",Repeat,45,3,4,5,12,3613.15
18080.0,1231.5,2,642,2011-04-11 10:10:00,2011-11-21 08:02:00,615.75,223,0.008968609865470852,"£1,001–£2,500",Repeat,19,4,3,4,11,1231.5
18081.0,343.45,3,195,2011-07-29 11:56:00,2011-11-03 16:30:00,114.48333333333333,97,0.030927835051546393,£0–£500,Repeat,36,3,4,2,9,343.45000000000005
18082.0,680.84,1,608,2011-11-14 12:45:00,2011-11-14 12:45:00,680.84,1,1.0,"£501–£1,000",One-Time,26,4,2,3,9,680.84
18084.0,90.47999999999999,1,312,2011-11-23 13:57:00,2011-11-23 13:57:00,90.47999999999999,1,1.0,£0–£500,One-Time,16,4,2,1,7,90.47999999999999
18085.0,689.95,2,265,2010-12-01 12:08:00,2011-01-13 15:17:00,344.975,43,0.046511627906976744,"£501–£1,000",Repeat,330,1,3,3,7,689.95
18086.0,101.34,1,106,2011-03-10 13:34:00,2011-03-10 13:34:00,101.34,1,1.0,£0–£500,One-Time,274,1,2,1,4,101.34
18087.0,4055.7199999999993,2,3907,2011-02-22 10:43:00,2011-09-02 15:12:00,2027.8599999999997,192,0.010416666666666666,"£2,501–£5,000",Repeat,98,2,3,5,10,4055.719999999999
18088.0,166.03,1,107,2011-10-09 13:41:00,2011-10-09 13:41:00,166.03,1,1.0,£0–£500,One-Time,61,3,2,1,6,166.03
18092.0,9068.26,11,4252,2010-12-09 10:00:00,2011-12-07 13:14:00,824.3872727272727,363,0.030303030303030304,"£5,001–£10,000",Repeat,2,5,5,5,15,9068.26
18093.0,2106.52,4,1392,2011-02-10 12:15:00,2011-09-07 15:43:00,526.63,209,0.019138755980861243,"£1,001–£2,500",Repeat,93,2,4,5,11,2106.52
18094.0,3017.3,7,2518,2011-02-21 08:50:00,2011-09-19 09:28:00,431.04285714285714,210,0.03333333333333333,"£2,501–£5,000",Repeat,82,2,5,5,12,3017.3
18095.0,580.0500000000001,2,419,2011-01-11 12:37:00,2011-01-31 12:50:00,290.02500000000003,20,0.1,"£501–£1,000",Repeat,313,1,3,3,7,580.0500000000001
18096.0,849.06,3,788,2011-10-07 11:55:00,2011-11-28 12:44:00,283.02,52,0.057692307692307696,"£501–£1,000",Repeat,12,5,4,3,12,849.0600000000001
18097.0,2662.4,6,1662,2010-12-20 14:49:00,2011-12-02 11:16:00,443.73333333333335,346,0.017341040462427744,"£2,501–£5,000",Repeat,8,5,5,5,15,2662.4
18099.0,168.31,1,149,2011-08-04 15:52:00,2011-08-04 15:52:00,168.31,1,1.0,£0–£500,One-Time,127,2,2,1,5,168.31
18101.0,222.4,2,87,2011-07-19 13:05:00,2011-11-28 13:37:00,111.2,132,0.015151515151515152,£0–£500,Repeat,11,5,3,1,9,222.40000000000003
18102.0,259657.3,60,64124,2010-12-07 16:42:00,2011-12-09 11:50:00,4327.621666666667,366,0.16393442622950818,"Above £10,000",Repeat,1,5,5,5,15,259657.3
18104.0,754.64,1,362,2011-11-02 14:07:00,2011-11-02 14:07:00,754.64,1,1.0,"£501–£1,000",One-Time,37,3,2,3,8,754.64
18105.0,113.48000000000002,1,46,2011-11-02 12:04:00,2011-11-02 12:04:00,113.48000000000002,1,1.0,£0–£500,One-Time,38,3,2,1,6,113.48000000000002
18106.0,421.9,1,126,2011-01-14 12:23:00,2011-01-14 12:23:00,421.9,1,1.0,£0–£500,One-Time,330,1,2,2,5,421.9
18108.0,271.0,1,84,2011-03-30 13:56:00,2011-03-30 13:56:00,271.0,1,1.0,£0–£500,One-Time,254,1,2,2,5,271.0
18109.0,8004.92,26,4230,2010-12-05 10:58:00,2011-12-08 11:36:00,307.88153846153847,368,0.07065217391304347,"£5,001–£10,000",Repeat,2,5,5,5,15,8004.919999999999
18110.0,198.8,1,72,2011-11-20 12:34:00,2011-11-20 12:34:00,198.8,1,1.0,£0–£500,One-Time,20,4,2,1,7,198.8
18112.0,352.69,2,255,2011-06-26 13:56:00,2011-11-27 14:43:00,176.345,154,0.012987012987012988,£0–£500,Repeat,12,5,3,2,10,352.69
18113.0,76.32000000000001,1,72,2010-12-06 12:31:00,2010-12-06 12:31:00,76.32000000000001,1,1.0,£0–£500,One-Time,369,1,2,1,4,76.32000000000001
18114.0,220.1,1,55,2011-02-22 13:20:00,2011-02-22 13:20:00,220.1,1,1.0,£0–£500,One-Time,290,1,2,1,4,220.1
18116.0,1403.1100000000001,8,837,2010-12-10 12:14:00,2011-10-03 11:00:00,175.38875000000002,296,0.02702702702702703,"£1,001–£2,500",Repeat,68,3,5,4,12,1403.1100000000001
18117.0,315.65,1,605,2011-11-14 12:47:00,2011-11-14 12:47:00,315.65,1,1.0,£0–£500,One-Time,26,4,2,2,8,315.65
18118.0,5625.08,26,2865,2010-12-05 12:13:00,2011-11-29 11:32:00,216.34923076923076,358,0.07262569832402235,"£5,001–£10,000",Repeat,11,5,5,5,15,5625.08
18119.0,180.7,1,124,2010-12-07 11:59:00,2010-12-07 11:59:00,180.7,1,1.0,£0–£500,One-Time,368,1,2,1,4,180.7
18120.0,111.15,1,31,2011-05-09 13:45:00,2011-05-09 13:45:00,111.15,1,1.0,£0–£500,One-Time,214,1,2,1,4,111.15
18121.0,653.3,2,438,2011-07-08 12:14:00,2011-07-13 12:53:00,326.65,5,0.4,"£501–£1,000",Repeat,149,2,3,3,8,653.3
18122.0,1793.06,6,1225,2011-07-12 11:37:00,2011-12-01 13:08:00,298.8433333333333,142,0.04225352112676056,"£1,001–£2,500",Repeat,8,5,5,4,14,1793.0599999999997
18123.0,574.4399999999999,2,582,2011-11-08 13:31:00,2011-11-15 14:23:00,287.21999999999997,7,0.2857142857142857,"£501–£1,000",Repeat,24,4,3,3,10,574.4399999999998
18125.0,1131.75,4,800,2011-01-27 15:02:00,2011-11-10 12:29:00,282.9375,286,0.013986013986013986,"£1,001–£2,500",Repeat,30,4,4,4,12,1131.75
18126.0,200.92000000000002,1,135,2011-10-10 12:19:00,2011-10-10 12:19:00,200.92000000000002,1,1.0,£0–£500,One-Time,61,3,2,1,6,200.92000000000002
18127.0,347.08,3,187,2011-07-29 10:06:00,2011-11-20 14:05:00,115.69333333333333,114,0.02631578947368421,£0–£500,Repeat,19,4,4,2,10,347.08
18129.0,112.55000000000001,1,48,2011-04-10 14:16:00,2011-04-10 14:16:00,112.55000000000001,1,1.0,£0–£500,One-Time,243,1,2,1,4,112.55000000000001
18130.0,1059.39,3,824,2011-10-13 15:58:00,2011-11-24 14:40:00,353.13000000000005,41,0.07317073170731707,"£1,001–£2,500",Repeat,15,4,4,4,12,1059.39
18133.0,931.4999999999999,1,1350,2011-05-11 14:14:00,2011-05-11 14:14:00,931.4999999999999,1,1.0,"£501–£1,000",One-Time,212,1,2,3,6,931.4999999999999
18135.0,681.9100000000001,5,349,2011-06-02 14:04:00,2011-11-10 19:32:00,136.382,161,0.031055900621118012,"£501–£1,000",Repeat,29,4,4,3,11,681.91
18136.0,784.33,3,379,2011-01-24 12:08:00,2011-10-07 15:40:00,261.4433333333333,256,0.01171875,"£501–£1,000",Repeat,63,3,4,3,10,784.3299999999999
18138.0,152.65,1,38,2011-02-17 14:51:00,2011-02-17 14:51:00,152.65,1,1.0,£0–£500,One-Time,295,1,2,1,4,152.65
18139.0,8438.34,6,5557,2011-11-21 14:06:00,2011-11-22 10:44:00,1406.39,1,6.0,"£5,001–£10,000",Repeat,18,4,5,5,14,8438.34
18142.0,1019.52,2,1276,2011-05-08 12:31:00,2011-07-05 13:19:00,509.76,58,0.034482758620689655,"£1,001–£2,500",Repeat,157,2,3,4,9,1019.52
18143.0,1000.16,2,570,2011-07-21 10:44:00,2011-08-15 12:07:00,500.08,25,0.08,"£1,001–£2,500",Repeat,117,2,3,4,9,1000.16
18144.0,2888.75,12,1343,2010-12-01 13:45:00,2011-12-02 12:46:00,240.72916666666666,365,0.03287671232876712,"£2,501–£5,000",Repeat,8,5,5,5,15,2888.7499999999995
18145.0,2861.55,4,2625,2011-01-31 12:10:00,2011-11-27 11:22:00,715.3875,299,0.013377926421404682,"£2,501–£5,000",Repeat,13,5,4,5,14,2861.55
18146.0,160.35000000000002,2,153,2011-05-03 16:35:00,2011-07-22 12:08:00,80.17500000000001,79,0.02531645569620253,£0–£500,Repeat,141,2,3,1,6,160.35000000000002
18147.0,179.33999999999997,2,203,2011-08-23 12:22:00,2011-10-25 11:46:00,89.66999999999999,62,0.03225806451612903,£0–£500,Repeat,46,3,3,1,7,179.33999999999997
18149.0,612.0799999999999,3,310,2011-03-11 12:44:00,2011-10-20 12:04:00,204.02666666666664,222,0.013513513513513514,"£501–£1,000",Repeat,51,3,4,3,10,612.0799999999999
18150.0,566.58,3,332,2011-05-22 10:47:00,2011-11-07 16:49:00,188.86,169,0.01775147928994083,"£501–£1,000",Repeat,32,4,4,3,11,566.58
18151.0,653.35,2,355,2011-02-23 08:29:00,2011-07-28 11:35:00,326.675,155,0.012903225806451613,"£501–£1,000",Repeat,135,2,3,3,8,653.3499999999999
18154.0,399.19,2,255,2011-10-27 10:40:00,2011-12-06 16:41:00,199.595,40,0.05,£0–£500,Repeat,3,5,3,2,10,399.19000000000005
18155.0,371.62,3,266,2011-02-21 10:36:00,2011-09-25 13:32:00,123.87333333333333,216,0.013888888888888888,£0–£500,Repeat,75,2,4,2,8,371.62
18156.0,675.64,2,283,2010-12-05 12:29:00,2011-11-27 12:24:00,337.82,356,0.0056179775280898875,"£501–£1,000",Repeat,13,5,3,3,11,675.64
18158.0,453.4,2,354,2011-09-12 09:03:00,2011-11-30 16:19:00,226.7,79,0.02531645569620253,£0–£500,Repeat,9,5,3,2,10,453.4
18159.0,530.15,1,139,2011-02-11 14:26:00,2011-02-11 14:26:00,530.15,1,1.0,"£501–£1,000",One-Time,301,1,2,3,6,530.15
18160.0,638.0600000000001,2,294,2011-05-23 13:41:00,2011-10-13 15:50:00,319.03000000000003,143,0.013986013986013986,"£501–£1,000",Repeat,57,3,3,3,9,638.0600000000001
18161.0,1618.69,5,812,2011-01-24 11:56:00,2011-11-24 16:40:00,323.738,304,0.01644736842105263,"£1,001–£2,500",Repeat,15,4,4,4,12,1618.6899999999998
18164.0,399.65000000000003,1,184,2011-11-02 12:56:00,2011-11-02 12:56:00,399.65000000000003,1,1.0,£0–£500,One-Time,37,3,2,2,7,399.65000000000003
18165.0,302.46000000000004,1,254,2011-06-15 13:23:00,2011-06-15 13:23:00,302.46000000000004,1,1.0,£0–£500,One-Time,177,2,2,2,6,302.46000000000004
18167.0,1384.8600000000001,3,382,2011-08-26 11:40:00,2011-11-16 15:56:00,461.62000000000006,82,0.036585365853658534,"£1,001–£2,500",Repeat,23,4,4,4,12,1384.8600000000001
18168.0,1160.04,6,592,2010-12-02 18:08:00,2011-06-16 19:21:00,193.34,196,0.030612244897959183,"£1,001–£2,500",Repeat,176,2,5,4,11,1160.04
18169.0,202.65,1,61,2011-10-10 12:18:00,2011-10-10 12:18:00,202.65,1,1.0,£0–£500,One-Time,61,3,2,1,6,202.65
18170.0,980.31,3,409,2011-05-06 15:13:00,2011-11-06 14:35:00,326.77,183,0.01639344262295082,"£501–£1,000",Repeat,33,4,4,4,12,980.3100000000001
18171.0,1231.31,5,481,2011-01-10 09:55:00,2011-10-12 09:13:00,246.262,274,0.01824817518248175,"£1,001–£2,500",Repeat,59,3,4,4,11,1231.31
18172.0,7561.68,20,3184,2011-02-23 10:44:00,2011-11-25 11:12:00,378.084,275,0.07272727272727272,"£5,001–£10,000",Repeat,15,4,5,5,14,7561.679999999999
18173.0,2106.84,4,1220,2011-03-10 11:56:00,2011-09-14 11:26:00,526.71,187,0.0213903743315508,"£1,001–£2,500",Repeat,87,2,4,5,11,2106.84
18174.0,104.0,1,50,2011-12-02 16:56:00,2011-12-02 16:56:00,104.0,1,1.0,£0–£500,One-Time,7,5,2,1,8,104.0
18176.0,476.35,1,283,2010-12-16 15:45:00,2010-12-16 15:45:00,476.35,1,1.0,£0–£500,One-Time,358,1,2,2,5,476.35
18177.0,1340.8700000000001,6,709,2011-03-29 08:46:00,2011-11-08 14:44:00,223.47833333333335,224,0.026785714285714284,"£1,001–£2,500",Repeat,31,4,5,4,13,1340.87
18178.0,1590.81,4,983,2010-12-10 12:42:00,2011-08-03 09:30:00,397.7025,235,0.01702127659574468,"£1,001–£2,500",Repeat,129,2,4,4,10,1590.81
18179.0,1793.17,6,1360,2011-01-07 14:22:00,2011-11-30 16:23:00,298.8616666666667,327,0.01834862385321101,"£1,001–£2,500",Repeat,9,5,5,4,14,1793.1700000000003
18180.0,1843.75,6,1721,2011-07-20 08:59:00,2011-12-05 08:39:00,307.2916666666667,137,0.043795620437956206,"£1,001–£2,500",Repeat,5,5,5,4,14,1843.7500000000002
18181.0,366.85,1,133,2011-11-15 15:08:00,2011-11-15 15:08:00,366.85,1,1.0,£0–£500,One-Time,24,4,2,2,8,366.85
18183.0,632.07,2,371,2011-03-10 10:08:00,2011-04-26 15:26:00,316.035,47,0.0425531914893617,"£501–£1,000",Repeat,227,1,3,3,7,632.07
18184.0,49.8,1,60,2011-11-24 15:28:00,2011-11-24 15:28:00,49.8,1,1.0,£0–£500,One-Time,15,4,2,1,7,49.8
18185.0,304.25,1,183,2011-04-04 13:42:00,2011-04-04 13:42:00,304.25,1,1.0,£0–£500,One-Time,249,1,2,2,5,304.25
18188.0,2001.04,3,1168,2011-02-22 14:43:00,2011-11-24 16:46:00,667.0133333333333,275,0.01090909090909091,"£1,001–£2,500",Repeat,15,4,4,4,12,2001.0400000000002
18189.0,1090.24,2,566,2011-03-17 09:49:00,2011-09-23 12:40:00,545.12,190,0.010526315789473684,"£1,001–£2,500",Repeat,78,2,3,4,9,1090.24
18190.0,284.46000000000004,2,140,2011-01-13 10:35:00,2011-05-31 14:48:00,142.23000000000002,138,0.014492753623188406,£0–£500,Repeat,192,1,3,2,6,284.46000000000004
18191.0,207.79999999999998,1,140,2011-03-23 12:08:00,2011-03-23 12:08:00,207.79999999999998,1,1.0,£0–£500,One-Time,262,1,2,1,4,207.79999999999998
18192.0,957.97,1,339,2011-09-29 09:53:00,2011-09-29 09:53:00,957.97,1,1.0,"£501–£1,000",One-Time,72,3,2,4,9,957.97
18193.0,243.76,1,124,2011-06-27 13:58:00,2011-06-27 13:58:00,243.76,1,1.0,£0–£500,One-Time,165,2,2,1,5,243.76
18194.0,973.8399999999999,1,632,2011-09-18 13:29:00,2011-09-18 13:29:00,973.8399999999999,1,1.0,"£501–£1,000",One-Time,82,2,2,4,8,973.8399999999999
18196.0,686.63,2,431,2011-02-22 16:13:00,2011-09-05 16:22:00,343.315,195,0.010256410256410256,"£501–£1,000",Repeat,95,2,3,3,8,686.63
18198.0,5425.56,17,4074,2011-01-07 13:39:00,2011-12-05 14:49:00,319.15058823529415,332,0.05120481927710843,"£5,001–£10,000",Repeat,4,5,5,5,15,5425.56
18200.0,150.35,1,104,2011-08-25 18:45:00,2011-08-25 18:45:00,150.35,1,1.0,£0–£500,One-Time,106,2,2,1,5,150.35
18202.0,1396.99,3,581,2011-02-01 13:36:00,2011-05-24 12:12:00,465.66333333333336,111,0.02702702702702703,"£1,001–£2,500",Repeat,200,1,4,4,9,1396.9900000000002
18203.0,160.42000000000002,1,43,2011-07-05 13:07:00,2011-07-05 13:07:00,160.42000000000002,1,1.0,£0–£500,One-Time,157,2,2,1,5,160.42000000000002
18204.0,1975.35,3,1190,2011-05-31 15:26:00,2011-09-29 16:44:00,658.4499999999999,121,0.024793388429752067,"£1,001–£2,500",Repeat,71,3,4,4,11,1975.3500000000001
18205.0,517.36,2,192,2011-09-26 12:02:00,2011-11-03 13:22:00,258.68,38,0.05263157894736842,"£501–£1,000",Repeat,36,3,3,3,9,517.36
18209.0,139.10000000000002,1,58,2011-11-11 12:07:00,2011-11-11 12:07:00,139.10000000000002,1,1.0,£0–£500,One-Time,29,4,2,1,7,139.10000000000002
18210.0,2621.38,6,1398,2011-03-17 16:58:00,2011-12-08 11:02:00,436.8966666666667,265,0.022641509433962263,"£2,501–£5,000",Repeat,2,5,5,5,15,2621.3799999999997
18211.0,600.07,5,359,2011-03-06 12:09:00,2011-11-14 08:10:00,120.01400000000001,252,0.01984126984126984,"£501–£1,000",Repeat,26,4,4,3,11,600.07
18212.0,216.07,1,92,2011-01-17 16:14:00,2011-01-17 16:14:00,216.07,1,1.0,£0–£500,One-Time,326,1,2,1,4,216.07
18213.0,232.48000000000002,1,232,2011-04-17 10:21:00,2011-04-17 10:21:00,232.48000000000002,1,1.0,£0–£500,One-Time,237,1,2,1,4,232.48000000000002
18215.0,299.34000000000003,1,118,2011-09-11 16:05:00,2011-09-11 16:05:00,299.34000000000003,1,1.0,£0–£500,One-Time,89,2,2,2,6,299.34000000000003
18216.0,481.75,1,200,2011-11-08 16:55:00,2011-11-08 16:55:00,481.75,1,1.0,£0–£500,One-Time,31,4,2,2,8,481.75
18217.0,621.75,2,491,2011-09-30 10:44:00,2011-11-10 13:18:00,310.875,41,0.04878048780487805,"£501–£1,000",Repeat,29,4,3,3,10,621.75
18218.0,641.92,2,536,2011-03-03 12:24:00,2011-05-12 12:53:00,320.96,70,0.02857142857142857,"£501–£1,000",Repeat,211,1,3,3,7,641.92
18219.0,2069.77,10,885,2010-12-06 10:05:00,2011-12-07 11:43:00,206.977,366,0.0273224043715847,"£1,001–£2,500",Repeat,3,5,5,5,15,2069.77
18220.0,305.28000000000003,1,288,2011-04-27 09:03:00,2011-04-27 09:03:00,305.28000000000003,1,1.0,£0–£500,One-Time,227,1,2,2,5,305.28000000000003
18221.0,1041.61,5,791,2011-05-12 14:13:00,2011-11-17 14:40:00,208.32199999999997,189,0.026455026455026454,"£1,001–£2,500",Repeat,22,4,4,4,12,1041.6099999999997
18222.0,443.0,1,335,2011-09-08 10:45:00,2011-09-08 10:45:00,443.0,1,1.0,£0–£500,One-Time,93,2,2,2,6,443.0
18223.0,6484.54,14,2948,2010-12-16 16:42:00,2011-12-05 09:11:00,463.18142857142857,353,0.039660056657223795,"£5,001–£10,000",Repeat,5,5,5,5,15,6484.54
18224.0,158.95000000000002,1,69,2011-03-21 10:30:00,2011-03-21 10:30:00,158.95000000000002,1,1.0,£0–£500,One-Time,264,1,2,1,4,158.95000000000002
18225.0,5504.96,12,3242,2010-12-09 15:46:00,2011-12-06 13:27:00,458.74666666666667,361,0.0332409972299169,"£5,001–£10,000",Repeat,3,5,5,5,15,5504.96
18226.0,5228.05,11,3466,2011-01-06 09:00:00,2011-10-26 13:36:00,475.27727272727276,293,0.03754266211604096,"£5,001–£10,000",Repeat,44,3,5,5,13,5228.050000000001
18227.0,93.75,1,21,2011-05-06 12:23:00,2011-05-06 12:23:00,93.75,1,1.0,£0–£500,One-Time,218,1,2,1,4,93.75
18228.0,779.9,2,238,2011-09-21 10:48:00,2011-10-14 09:21:00,389.95,22,0.09090909090909091,"£501–£1,000",Repeat,57,3,3,3,9,779.9000000000001
18229.0,7276.900000000001,20,2488,2010-12-01 16:25:00,2011-11-28 09:48:00,363.845,361,0.055401662049861494,"£5,001–£10,000",Repeat,12,5,5,5,15,7276.900000000001
18230.0,2810.2000000000003,7,1316,2011-02-10 13:06:00,2011-11-30 13:22:00,401.4571428571429,293,0.023890784982935155,"£2,501–£5,000",Repeat,9,5,5,5,15,2810.2000000000003
18231.0,2071.77,5,819,2011-02-24 09:08:00,2011-05-31 14:18:00,414.354,96,0.052083333333333336,"£1,001–£2,500",Repeat,192,1,4,5,10,2071.77
18232.0,592.97,4,302,2011-05-26 16:30:00,2011-09-19 11:49:00,148.2425,115,0.034782608695652174,"£501–£1,000",Repeat,82,2,4,3,9,592.97
18233.0,440.0,1,4,2011-01-18 08:44:00,2011-01-18 08:44:00,440.0,1,1.0,£0–£500,One-Time,326,1,2,2,5,440.0
18235.0,1796.48,3,1578,2011-05-06 13:35:00,2011-09-29 08:27:00,598.8266666666667,145,0.020689655172413793,"£1,001–£2,500",Repeat,72,3,4,4,11,1796.48
18236.0,882.24,6,403,2011-04-13 09:52:00,2011-11-10 08:06:00,147.04,210,0.02857142857142857,"£501–£1,000",Repeat,30,4,5,3,12,882.24
18237.0,987.1,5,622,2011-07-28 13:05:00,2011-12-07 12:49:00,197.42000000000002,131,0.03816793893129771,"£501–£1,000",Repeat,3,5,4,4,13,987.1000000000001
18239.0,1561.6100000000001,5,795,2010-12-02 17:48:00,2011-05-05 12:38:00,312.322,153,0.032679738562091505,"£1,001–£2,500",Repeat,219,1,4,4,9,1561.61
18240.0,422.58,1,126,2011-10-24 13:06:00,2011-10-24 13:06:00,422.58,1,1.0,£0–£500,One-Time,46,3,2,2,7,422.58
18241.0,2073.09,17,1051,2011-05-06 09:22:00,2011-11-30 12:10:00,121.9464705882353,208,0.08173076923076923,"£1,001–£2,500",Repeat,10,5,5,5,15,2073.09
18242.0,2232.4900000000002,4,1017,2011-05-10 11:20:00,2011-09-28 13:43:00,558.1225000000001,141,0.028368794326241134,"£1,001–£2,500",Repeat,72,3,4,5,12,2232.4900000000002
18245.0,2567.06,7,1788,2010-12-19 14:58:00,2011-12-02 14:48:00,366.72285714285715,347,0.020172910662824207,"£2,501–£5,000",Repeat,7,5,5,5,15,2567.06
18246.0,596.1,2,166,2011-04-20 13:55:00,2011-11-16 11:49:00,298.05,209,0.009569377990430622,"£501–£1,000",Repeat,24,4,3,3,10,596.1
18248.0,804.02,2,511,2011-06-06 13:18:00,2011-08-09 10:19:00,402.01,63,0.031746031746031744,"£501–£1,000",Repeat,123,2,3,3,8,804.0199999999999
18249.0,95.34,1,128,2011-11-22 15:07:00,2011-11-22 15:07:00,95.34,1,1.0,£0–£500,One-Time,17,4,2,1,7,95.34
18250.0,349.27,1,199,2011-02-02 13:16:00,2011-02-02 13:16:00,349.27,1,1.0,£0–£500,One-Time,310,1,2,2,5,349.27
18251.0,4314.72,1,7824,2011-09-13 15:03:00,2011-09-13 15:03:00,4314.72,1,1.0,"£2,501–£5,000",One-Time,87,2,2,5,9,4314.72
18252.0,518.27,2,234,2011-06-21 11:47:00,2011-10-20 12:43:00,259.135,121,0.01652892561983471,"£501–£1,000",Repeat,51,3,3,3,9,518.27
18255.0,103.3,1,74,2011-09-11 13:16:00,2011-09-11 13:16:00,103.3,1,1.0,£0–£500,One-Time,89,2,2,1,5,103.3
18257.0,2337.63,8,1041,2011-02-16 15:13:00,2011-10-31 14:48:00,292.20375,256,0.03125,"£1,001–£2,500",Repeat,39,3,5,5,13,2337.63
18259.0,2338.6000000000004,3,714,2010-12-08 13:38:00,2011-11-15 12:34:00,779.5333333333334,341,0.008797653958944282,"£1,001–£2,500",Repeat,25,4,4,5,13,2338.6000000000004
18260.0,2628.35,6,1475,2010-12-16 18:23:00,2011-06-20 12:37:00,438.05833333333334,185,0.032432432432432434,"£2,501–£5,000",Repeat,173,2,5,5,12,2628.3500000000004
18261.0,324.24,2,146,2011-09-05 09:34:00,2011-10-27 15:36:00,162.12,52,0.038461538461538464,£0–£500,Repeat,43,3,3,2,8,324.24
18262.0,149.48,1,182,2011-07-22 16:04:00,2011-07-22 16:04:00,149.48,1,1.0,£0–£500,One-Time,140,2,2,1,5,149.48
18263.0,1213.1599999999999,3,1468,2011-04-01 11:48:00,2011-11-14 09:00:00,404.3866666666666,226,0.01327433628318584,"£1,001–£2,500",Repeat,26,4,4,4,12,1213.1599999999999
18265.0,801.51,2,311,2011-07-04 15:26:00,2011-09-28 14:10:00,400.755,85,0.023529411764705882,"£501–£1,000",Repeat,72,3,3,3,9,801.51
18268.0,25.5,1,2,2011-07-28 19:13:00,2011-07-28 19:13:00,25.5,1,1.0,£0–£500,One-Time,134,2,2,1,5,25.5
18269.0,168.6,1,76,2010-12-08 13:53:00,2010-12-08 13:53:00,168.6,1,1.0,£0–£500,One-Time,366,1,2,1,4,168.6
18270.0,283.15,2,101,2011-03-18 12:41:00,2011-11-01 13:57:00,141.575,228,0.008771929824561403,£0–£500,Repeat,38,3,3,2,8,283.1499999999999
18272.0,3078.58,6,2050,2011-04-07 09:35:00,2011-12-07 12:43:00,513.0966666666667,244,0.02459016393442623,"£2,501–£5,000",Repeat,3,5,5,5,15,3078.5800000000004
18273.0,204.0,3,80,2011-03-27 11:22:00,2011-12-07 13:16:00,68.0,255,0.011764705882352941,£0–£500,Repeat,2,5,4,1,10,204.0
18274.0,175.92,1,88,2011-11-09 17:03:00,2011-11-09 17:03:00,175.92,1,1.0,£0–£500,One-Time,30,4,2,1,7,175.92
18276.0,335.86,1,186,2011-10-27 10:54:00,2011-10-27 10:54:00,335.86,1,1.0,£0–£500,One-Time,44,3,2,2,7,335.86
18277.0,110.38,1,68,2011-10-12 15:22:00,2011-10-12 15:22:00,110.38,1,1.0,£0–£500,One-Time,58,3,2,1,6,110.38
18278.0,173.9,1,66,2011-09-27 11:58:00,2011-09-27 11:58:00,173.9,1,1.0,£0–£500,One-Time,74,2,2,1,5,173.9
18280.0,180.60000000000002,1,45,2011-03-07 09:52:00,2011-03-07 09:52:00,180.60000000000002,1,1.0,£0–£500,One-Time,278,1,2,1,4,180.60000000000002
18281.0,80.82,1,54,2011-06-12 10:53:00,2011-06-12 10:53:00,80.82,1,1.0,£0–£500,One-Time,181,1,2,1,4,80.82
18282.0,178.05,2,103,2011-08-05 13:35:00,2011-12-02 11:43:00,89.025,118,0.01694915254237288,£0–£500,Repeat,8,5,3,1,9,178.05
18283.0,2045.53,16,1357,2011-01-06 14:14:00,2011-12-06 12:02:00,127.845625,333,0.04804804804804805,"£1,001–£2,500",Repeat,4,5,5,4,14,2045.53
18287.0,1837.28,3,1586,2011-05-22 10:39:00,2011-10-28 09:29:00,612.4266666666666,158,0.0189873417721519,"£1,001–£2,500",Repeat,43,3,4,4,11,1837.2799999999997
